ファイル名,学習項目ID,単元,学習項目,問題番号,レベル判定,IRT困難度,推定誤差,識別力(a),主な能力,前提知識,判定理由,基礎レベルと標準レベルの作問方針の違い
m-jh1-A-01-01b.txt,1-A-01-01,正と負の数－正と負,正と負,問題1,基礎レベル,4.0,±18.0,0.0140,数式処理・数量関係の理解,小学校算数の四則計算・数量関係,中1入学時平均を0、中3卒業時平均を300とする運用尺度で、学年内の学習順、問題レベル、問題文の特徴から校正した暫定値。基礎・標準問題は300超えを目標にせず、発展・模試過去問で300超えを扱う前提です。,基礎：用語・公式・計算手順を1つずつ確認する単問中心。標準：複数条件や式変形を組み合わせ、見通しをもって処理する問題を入れる。
m-jh1-A-01-01b.txt,1-A-01-01,正と負の数－正と負,正と負,問題2,基礎レベル,7.0,±18.0,0.0144,数式処理・数量関係の理解,小学校算数の四則計算・数量関係,中1入学時平均を0、中3卒業時平均を300とする運用尺度で、学年内の学習順、問題レベル、問題文の特徴から校正した暫定値。基礎・標準問題は300超えを目標にせず、発展・模試過去問で300超えを扱う前提です。,基礎：用語・公式・計算手順を1つずつ確認する単問中心。標準：複数条件や式変形を組み合わせ、見通しをもって処理する問題を入れる。
m-jh1-A-01-01b.txt,1-A-01-01,正と負の数－正と負,正と負,問題3,基礎レベル,10.0,±18.0,0.0148,数式処理・数量関係の理解,小学校算数の四則計算・数量関係,中1入学時平均を0、中3卒業時平均を300とする運用尺度で、学年内の学習順、問題レベル、問題文の特徴から校正した暫定値。基礎・標準問題は300超えを目標にせず、発展・模試過去問で300超えを扱う前提です。,基礎：用語・公式・計算手順を1つずつ確認する単問中心。標準：複数条件や式変形を組み合わせ、見通しをもって処理する問題を入れる。
m-jh1-A-01-01b.txt,1-A-01-01,正と負の数－正と負,正と負,問題4,基礎レベル,13.0,±18.0,0.0152,数式処理・数量関係の理解,小学校算数の四則計算・数量関係,中1入学時平均を0、中3卒業時平均を300とする運用尺度で、学年内の学習順、問題レベル、問題文の特徴から校正した暫定値。基礎・標準問題は300超えを目標にせず、発展・模試過去問で300超えを扱う前提です。,基礎：用語・公式・計算手順を1つずつ確認する単問中心。標準：複数条件や式変形を組み合わせ、見通しをもって処理する問題を入れる。
m-jh1-A-01-01b.txt,1-A-01-01,正と負の数－正と負,正と負,問題5,基礎レベル,16.0,±18.0,0.0152,数式処理・数量関係の理解,小学校算数の四則計算・数量関係,中1入学時平均を0、中3卒業時平均を300とする運用尺度で、学年内の学習順、問題レベル、問題文の特徴から校正した暫定値。基礎・標準問題は300超えを目標にせず、発展・模試過去問で300超えを扱う前提です。,基礎：用語・公式・計算手順を1つずつ確認する単問中心。標準：複数条件や式変形を組み合わせ、見通しをもって処理する問題を入れる。
m-jh1-A-01-01b.txt,1-A-01-01,正と負の数－正と負,正と負,問題6,基礎レベル,19.0,±18.0,0.0152,数式処理・数量関係の理解,小学校算数の四則計算・数量関係,中1入学時平均を0、中3卒業時平均を300とする運用尺度で、学年内の学習順、問題レベル、問題文の特徴から校正した暫定値。基礎・標準問題は300超えを目標にせず、発展・模試過去問で300超えを扱う前提です。,基礎：用語・公式・計算手順を1つずつ確認する単問中心。標準：複数条件や式変形を組み合わせ、見通しをもって処理する問題を入れる。
m-jh1-A-01-01b.txt,1-A-01-01,正と負の数－正と負,正と負,問題7,基礎レベル,22.0,±18.0,0.0152,数式処理・数量関係の理解,小学校算数の四則計算・数量関係,中1入学時平均を0、中3卒業時平均を300とする運用尺度で、学年内の学習順、問題レベル、問題文の特徴から校正した暫定値。基礎・標準問題は300超えを目標にせず、発展・模試過去問で300超えを扱う前提です。,基礎：用語・公式・計算手順を1つずつ確認する単問中心。標準：複数条件や式変形を組み合わせ、見通しをもって処理する問題を入れる。
m-jh1-A-01-01b.txt,1-A-01-01,正と負の数－正と負,正と負,問題8,基礎レベル,25.0,±18.0,0.0152,数式処理・数量関係の理解,小学校算数の四則計算・数量関係,中1入学時平均を0、中3卒業時平均を300とする運用尺度で、学年内の学習順、問題レベル、問題文の特徴から校正した暫定値。基礎・標準問題は300超えを目標にせず、発展・模試過去問で300超えを扱う前提です。,基礎：用語・公式・計算手順を1つずつ確認する単問中心。標準：複数条件や式変形を組み合わせ、見通しをもって処理する問題を入れる。
m-jh1-A-01-01s.txt,1-A-01-01,正と負の数－正と負,正と負,問題1,標準レベル,20.6,±20.0,0.0158,数式処理・数量関係の理解,小学校算数の四則計算・数量関係,中1入学時平均を0、中3卒業時平均を300とする運用尺度で、学年内の学習順、問題レベル、問題文の特徴から校正した暫定値。基礎・標準問題は300超えを目標にせず、発展・模試過去問で300超えを扱う前提です。,基礎：用語・公式・計算手順を1つずつ確認する単問中心。標準：複数条件や式変形を組み合わせ、見通しをもって処理する問題を入れる。
m-jh1-A-01-01s.txt,1-A-01-01,正と負の数－正と負,正と負,問題2,標準レベル,23.6,±20.0,0.0162,数式処理・数量関係の理解,小学校算数の四則計算・数量関係,中1入学時平均を0、中3卒業時平均を300とする運用尺度で、学年内の学習順、問題レベル、問題文の特徴から校正した暫定値。基礎・標準問題は300超えを目標にせず、発展・模試過去問で300超えを扱う前提です。,基礎：用語・公式・計算手順を1つずつ確認する単問中心。標準：複数条件や式変形を組み合わせ、見通しをもって処理する問題を入れる。
m-jh1-A-01-01s.txt,1-A-01-01,正と負の数－正と負,正と負,問題3,標準レベル,26.6,±20.0,0.0166,数式処理・数量関係の理解,小学校算数の四則計算・数量関係,中1入学時平均を0、中3卒業時平均を300とする運用尺度で、学年内の学習順、問題レベル、問題文の特徴から校正した暫定値。基礎・標準問題は300超えを目標にせず、発展・模試過去問で300超えを扱う前提です。,基礎：用語・公式・計算手順を1つずつ確認する単問中心。標準：複数条件や式変形を組み合わせ、見通しをもって処理する問題を入れる。
m-jh1-A-01-02b.txt,1-A-01-02,正と負の数－正の数と負の数を量で表す,正の数と負の数を量で表す,問題1,基礎レベル,5.1,±18.0,0.0140,数式処理・数量関係の理解,小学校算数の四則計算・数量関係,中1入学時平均を0、中3卒業時平均を300とする運用尺度で、学年内の学習順、問題レベル、問題文の特徴から校正した暫定値。基礎・標準問題は300超えを目標にせず、発展・模試過去問で300超えを扱う前提です。,基礎：用語・公式・計算手順を1つずつ確認する単問中心。標準：複数条件や式変形を組み合わせ、見通しをもって処理する問題を入れる。
m-jh1-A-01-02b.txt,1-A-01-02,正と負の数－正の数と負の数を量で表す,正の数と負の数を量で表す,問題2,基礎レベル,8.1,±18.0,0.0144,数式処理・数量関係の理解,小学校算数の四則計算・数量関係,中1入学時平均を0、中3卒業時平均を300とする運用尺度で、学年内の学習順、問題レベル、問題文の特徴から校正した暫定値。基礎・標準問題は300超えを目標にせず、発展・模試過去問で300超えを扱う前提です。,基礎：用語・公式・計算手順を1つずつ確認する単問中心。標準：複数条件や式変形を組み合わせ、見通しをもって処理する問題を入れる。
m-jh1-A-01-02b.txt,1-A-01-02,正と負の数－正の数と負の数を量で表す,正の数と負の数を量で表す,問題3,基礎レベル,11.1,±18.0,0.0148,数式処理・数量関係の理解,小学校算数の四則計算・数量関係,中1入学時平均を0、中3卒業時平均を300とする運用尺度で、学年内の学習順、問題レベル、問題文の特徴から校正した暫定値。基礎・標準問題は300超えを目標にせず、発展・模試過去問で300超えを扱う前提です。,基礎：用語・公式・計算手順を1つずつ確認する単問中心。標準：複数条件や式変形を組み合わせ、見通しをもって処理する問題を入れる。
m-jh1-A-01-03b.txt,1-A-01-03,正と負の数－数の大小と不等号,数の大小と不等号,問題1,基礎レベル,5.7,±18.0,0.0140,数式処理・数量関係の理解,小学校算数の四則計算・数量関係,中1入学時平均を0、中3卒業時平均を300とする運用尺度で、学年内の学習順、問題レベル、問題文の特徴から校正した暫定値。基礎・標準問題は300超えを目標にせず、発展・模試過去問で300超えを扱う前提です。,基礎：用語・公式・計算手順を1つずつ確認する単問中心。標準：複数条件や式変形を組み合わせ、見通しをもって処理する問題を入れる。
m-jh1-A-01-03b.txt,1-A-01-03,正と負の数－数の大小と不等号,数の大小と不等号,問題2,基礎レベル,8.7,±18.0,0.0144,数式処理・数量関係の理解,小学校算数の四則計算・数量関係,中1入学時平均を0、中3卒業時平均を300とする運用尺度で、学年内の学習順、問題レベル、問題文の特徴から校正した暫定値。基礎・標準問題は300超えを目標にせず、発展・模試過去問で300超えを扱う前提です。,基礎：用語・公式・計算手順を1つずつ確認する単問中心。標準：複数条件や式変形を組み合わせ、見通しをもって処理する問題を入れる。
m-jh1-A-01-03b.txt,1-A-01-03,正と負の数－数の大小と不等号,数の大小と不等号,問題3,基礎レベル,11.7,±18.0,0.0148,数式処理・数量関係の理解,小学校算数の四則計算・数量関係,中1入学時平均を0、中3卒業時平均を300とする運用尺度で、学年内の学習順、問題レベル、問題文の特徴から校正した暫定値。基礎・標準問題は300超えを目標にせず、発展・模試過去問で300超えを扱う前提です。,基礎：用語・公式・計算手順を1つずつ確認する単問中心。標準：複数条件や式変形を組み合わせ、見通しをもって処理する問題を入れる。
m-jh1-A-01-04b.txt,1-A-01-04,正と負の数－絶対値,絶対値,問題1,基礎レベル,6.3,±18.0,0.0140,数式処理・数量関係の理解,小学校算数の四則計算・数量関係,中1入学時平均を0、中3卒業時平均を300とする運用尺度で、学年内の学習順、問題レベル、問題文の特徴から校正した暫定値。基礎・標準問題は300超えを目標にせず、発展・模試過去問で300超えを扱う前提です。,基礎：用語・公式・計算手順を1つずつ確認する単問中心。標準：複数条件や式変形を組み合わせ、見通しをもって処理する問題を入れる。
m-jh1-A-01-04b.txt,1-A-01-04,正と負の数－絶対値,絶対値,問題2,基礎レベル,9.3,±18.0,0.0144,数式処理・数量関係の理解,小学校算数の四則計算・数量関係,中1入学時平均を0、中3卒業時平均を300とする運用尺度で、学年内の学習順、問題レベル、問題文の特徴から校正した暫定値。基礎・標準問題は300超えを目標にせず、発展・模試過去問で300超えを扱う前提です。,基礎：用語・公式・計算手順を1つずつ確認する単問中心。標準：複数条件や式変形を組み合わせ、見通しをもって処理する問題を入れる。
m-jh1-A-01-04b.txt,1-A-01-04,正と負の数－絶対値,絶対値,問題3,基礎レベル,12.3,±18.0,0.0148,数式処理・数量関係の理解,小学校算数の四則計算・数量関係,中1入学時平均を0、中3卒業時平均を300とする運用尺度で、学年内の学習順、問題レベル、問題文の特徴から校正した暫定値。基礎・標準問題は300超えを目標にせず、発展・模試過去問で300超えを扱う前提です。,基礎：用語・公式・計算手順を1つずつ確認する単問中心。標準：複数条件や式変形を組み合わせ、見通しをもって処理する問題を入れる。
m-jh1-A-01-04b.txt,1-A-01-04,正と負の数－絶対値,絶対値,問題4,基礎レベル,15.3,±18.0,0.0152,数式処理・数量関係の理解,小学校算数の四則計算・数量関係,中1入学時平均を0、中3卒業時平均を300とする運用尺度で、学年内の学習順、問題レベル、問題文の特徴から校正した暫定値。基礎・標準問題は300超えを目標にせず、発展・模試過去問で300超えを扱う前提です。,基礎：用語・公式・計算手順を1つずつ確認する単問中心。標準：複数条件や式変形を組み合わせ、見通しをもって処理する問題を入れる。
m-jh1-A-01-04b.txt,1-A-01-04,正と負の数－絶対値,絶対値,問題5,基礎レベル,18.3,±18.0,0.0152,数式処理・数量関係の理解,小学校算数の四則計算・数量関係,中1入学時平均を0、中3卒業時平均を300とする運用尺度で、学年内の学習順、問題レベル、問題文の特徴から校正した暫定値。基礎・標準問題は300超えを目標にせず、発展・模試過去問で300超えを扱う前提です。,基礎：用語・公式・計算手順を1つずつ確認する単問中心。標準：複数条件や式変形を組み合わせ、見通しをもって処理する問題を入れる。
m-jh1-A-01-04b.txt,1-A-01-04,正と負の数－絶対値,絶対値,問題6,基礎レベル,21.3,±18.0,0.0152,数式処理・数量関係の理解,小学校算数の四則計算・数量関係,中1入学時平均を0、中3卒業時平均を300とする運用尺度で、学年内の学習順、問題レベル、問題文の特徴から校正した暫定値。基礎・標準問題は300超えを目標にせず、発展・模試過去問で300超えを扱う前提です。,基礎：用語・公式・計算手順を1つずつ確認する単問中心。標準：複数条件や式変形を組み合わせ、見通しをもって処理する問題を入れる。
m-jh1-A-01-05b.txt,1-A-01-05,加法と減法－正と負の数の加法,正と負の数の加法,問題1,基礎レベル,6.8,±18.0,0.0140,数式処理・数量関係の理解,小学校算数の四則計算・数量関係,中1入学時平均を0、中3卒業時平均を300とする運用尺度で、学年内の学習順、問題レベル、問題文の特徴から校正した暫定値。基礎・標準問題は300超えを目標にせず、発展・模試過去問で300超えを扱う前提です。,基礎：用語・公式・計算手順を1つずつ確認する単問中心。標準：複数条件や式変形を組み合わせ、見通しをもって処理する問題を入れる。
m-jh1-A-01-05b.txt,1-A-01-05,加法と減法－正と負の数の加法,正と負の数の加法,問題2,基礎レベル,9.8,±18.0,0.0144,数式処理・数量関係の理解,小学校算数の四則計算・数量関係,中1入学時平均を0、中3卒業時平均を300とする運用尺度で、学年内の学習順、問題レベル、問題文の特徴から校正した暫定値。基礎・標準問題は300超えを目標にせず、発展・模試過去問で300超えを扱う前提です。,基礎：用語・公式・計算手順を1つずつ確認する単問中心。標準：複数条件や式変形を組み合わせ、見通しをもって処理する問題を入れる。
m-jh1-A-01-05b.txt,1-A-01-05,加法と減法－正と負の数の加法,正と負の数の加法,問題3,基礎レベル,12.8,±18.0,0.0148,数式処理・数量関係の理解,小学校算数の四則計算・数量関係,中1入学時平均を0、中3卒業時平均を300とする運用尺度で、学年内の学習順、問題レベル、問題文の特徴から校正した暫定値。基礎・標準問題は300超えを目標にせず、発展・模試過去問で300超えを扱う前提です。,基礎：用語・公式・計算手順を1つずつ確認する単問中心。標準：複数条件や式変形を組み合わせ、見通しをもって処理する問題を入れる。
m-jh1-A-01-05b.txt,1-A-01-05,加法と減法－正と負の数の加法,正と負の数の加法,問題4,基礎レベル,15.8,±18.0,0.0152,数式処理・数量関係の理解,小学校算数の四則計算・数量関係,中1入学時平均を0、中3卒業時平均を300とする運用尺度で、学年内の学習順、問題レベル、問題文の特徴から校正した暫定値。基礎・標準問題は300超えを目標にせず、発展・模試過去問で300超えを扱う前提です。,基礎：用語・公式・計算手順を1つずつ確認する単問中心。標準：複数条件や式変形を組み合わせ、見通しをもって処理する問題を入れる。
m-jh1-A-01-05b.txt,1-A-01-05,加法と減法－正と負の数の加法,正と負の数の加法,問題5,基礎レベル,18.8,±18.0,0.0152,数式処理・数量関係の理解,小学校算数の四則計算・数量関係,中1入学時平均を0、中3卒業時平均を300とする運用尺度で、学年内の学習順、問題レベル、問題文の特徴から校正した暫定値。基礎・標準問題は300超えを目標にせず、発展・模試過去問で300超えを扱う前提です。,基礎：用語・公式・計算手順を1つずつ確認する単問中心。標準：複数条件や式変形を組み合わせ、見通しをもって処理する問題を入れる。
m-jh1-A-01-05b.txt,1-A-01-05,加法と減法－正と負の数の加法,正と負の数の加法,問題6,基礎レベル,21.8,±18.0,0.0152,数式処理・数量関係の理解,小学校算数の四則計算・数量関係,中1入学時平均を0、中3卒業時平均を300とする運用尺度で、学年内の学習順、問題レベル、問題文の特徴から校正した暫定値。基礎・標準問題は300超えを目標にせず、発展・模試過去問で300超えを扱う前提です。,基礎：用語・公式・計算手順を1つずつ確認する単問中心。標準：複数条件や式変形を組み合わせ、見通しをもって処理する問題を入れる。
m-jh1-A-01-05b.txt,1-A-01-05,加法と減法－正と負の数の加法,正と負の数の加法,問題7,基礎レベル,24.8,±18.0,0.0152,数式処理・数量関係の理解,小学校算数の四則計算・数量関係,中1入学時平均を0、中3卒業時平均を300とする運用尺度で、学年内の学習順、問題レベル、問題文の特徴から校正した暫定値。基礎・標準問題は300超えを目標にせず、発展・模試過去問で300超えを扱う前提です。,基礎：用語・公式・計算手順を1つずつ確認する単問中心。標準：複数条件や式変形を組み合わせ、見通しをもって処理する問題を入れる。
m-jh1-A-01-05b.txt,1-A-01-05,加法と減法－正と負の数の加法,正と負の数の加法,問題8,基礎レベル,27.8,±18.0,0.0152,数式処理・数量関係の理解,小学校算数の四則計算・数量関係,中1入学時平均を0、中3卒業時平均を300とする運用尺度で、学年内の学習順、問題レベル、問題文の特徴から校正した暫定値。基礎・標準問題は300超えを目標にせず、発展・模試過去問で300超えを扱う前提です。,基礎：用語・公式・計算手順を1つずつ確認する単問中心。標準：複数条件や式変形を組み合わせ、見通しをもって処理する問題を入れる。
m-jh1-A-01-05s.txt,1-A-01-05,加法と減法－正と負の数の加法,正と負の数の加法,問題1,標準レベル,23.4,±20.0,0.0158,数式処理・数量関係の理解,小学校算数の四則計算・数量関係,中1入学時平均を0、中3卒業時平均を300とする運用尺度で、学年内の学習順、問題レベル、問題文の特徴から校正した暫定値。基礎・標準問題は300超えを目標にせず、発展・模試過去問で300超えを扱う前提です。,基礎：用語・公式・計算手順を1つずつ確認する単問中心。標準：複数条件や式変形を組み合わせ、見通しをもって処理する問題を入れる。
m-jh1-A-01-05s.txt,1-A-01-05,加法と減法－正と負の数の加法,正と負の数の加法,問題2,標準レベル,26.4,±20.0,0.0162,数式処理・数量関係の理解,小学校算数の四則計算・数量関係,中1入学時平均を0、中3卒業時平均を300とする運用尺度で、学年内の学習順、問題レベル、問題文の特徴から校正した暫定値。基礎・標準問題は300超えを目標にせず、発展・模試過去問で300超えを扱う前提です。,基礎：用語・公式・計算手順を1つずつ確認する単問中心。標準：複数条件や式変形を組み合わせ、見通しをもって処理する問題を入れる。
m-jh1-A-01-05s.txt,1-A-01-05,加法と減法－正と負の数の加法,正と負の数の加法,問題3,標準レベル,29.4,±20.0,0.0166,数式処理・数量関係の理解,小学校算数の四則計算・数量関係,中1入学時平均を0、中3卒業時平均を300とする運用尺度で、学年内の学習順、問題レベル、問題文の特徴から校正した暫定値。基礎・標準問題は300超えを目標にせず、発展・模試過去問で300超えを扱う前提です。,基礎：用語・公式・計算手順を1つずつ確認する単問中心。標準：複数条件や式変形を組み合わせ、見通しをもって処理する問題を入れる。
m-jh1-A-01-06b.txt,1-A-01-06,加法と減法－加法の交換法則・結合法則,加法の交換法則・結合法則,問題1,基礎レベル,8.0,±18.0,0.0140,数式処理・数量関係の理解,小学校算数の四則計算・数量関係,中1入学時平均を0、中3卒業時平均を300とする運用尺度で、学年内の学習順、問題レベル、問題文の特徴から校正した暫定値。基礎・標準問題は300超えを目標にせず、発展・模試過去問で300超えを扱う前提です。,基礎：用語・公式・計算手順を1つずつ確認する単問中心。標準：複数条件や式変形を組み合わせ、見通しをもって処理する問題を入れる。
m-jh1-A-01-06b.txt,1-A-01-06,加法と減法－加法の交換法則・結合法則,加法の交換法則・結合法則,問題2,基礎レベル,11.0,±18.0,0.0144,数式処理・数量関係の理解,小学校算数の四則計算・数量関係,中1入学時平均を0、中3卒業時平均を300とする運用尺度で、学年内の学習順、問題レベル、問題文の特徴から校正した暫定値。基礎・標準問題は300超えを目標にせず、発展・模試過去問で300超えを扱う前提です。,基礎：用語・公式・計算手順を1つずつ確認する単問中心。標準：複数条件や式変形を組み合わせ、見通しをもって処理する問題を入れる。
m-jh1-A-01-06b.txt,1-A-01-06,加法と減法－加法の交換法則・結合法則,加法の交換法則・結合法則,問題3,基礎レベル,14.0,±18.0,0.0148,数式処理・数量関係の理解,小学校算数の四則計算・数量関係,中1入学時平均を0、中3卒業時平均を300とする運用尺度で、学年内の学習順、問題レベル、問題文の特徴から校正した暫定値。基礎・標準問題は300超えを目標にせず、発展・模試過去問で300超えを扱う前提です。,基礎：用語・公式・計算手順を1つずつ確認する単問中心。標準：複数条件や式変形を組み合わせ、見通しをもって処理する問題を入れる。
m-jh1-A-01-06b.txt,1-A-01-06,加法と減法－加法の交換法則・結合法則,加法の交換法則・結合法則,問題4,基礎レベル,17.0,±18.0,0.0152,数式処理・数量関係の理解,小学校算数の四則計算・数量関係,中1入学時平均を0、中3卒業時平均を300とする運用尺度で、学年内の学習順、問題レベル、問題文の特徴から校正した暫定値。基礎・標準問題は300超えを目標にせず、発展・模試過去問で300超えを扱う前提です。,基礎：用語・公式・計算手順を1つずつ確認する単問中心。標準：複数条件や式変形を組み合わせ、見通しをもって処理する問題を入れる。
m-jh1-A-01-06s.txt,1-A-01-06,加法と減法－加法の交換法則・結合法則,加法の交換法則・結合法則,問題1,標準レベル,24.5,±20.0,0.0158,数式処理・数量関係の理解,小学校算数の四則計算・数量関係,中1入学時平均を0、中3卒業時平均を300とする運用尺度で、学年内の学習順、問題レベル、問題文の特徴から校正した暫定値。基礎・標準問題は300超えを目標にせず、発展・模試過去問で300超えを扱う前提です。,基礎：用語・公式・計算手順を1つずつ確認する単問中心。標準：複数条件や式変形を組み合わせ、見通しをもって処理する問題を入れる。
m-jh1-A-01-06s.txt,1-A-01-06,加法と減法－加法の交換法則・結合法則,加法の交換法則・結合法則,問題2,標準レベル,27.5,±20.0,0.0162,数式処理・数量関係の理解,小学校算数の四則計算・数量関係,中1入学時平均を0、中3卒業時平均を300とする運用尺度で、学年内の学習順、問題レベル、問題文の特徴から校正した暫定値。基礎・標準問題は300超えを目標にせず、発展・模試過去問で300超えを扱う前提です。,基礎：用語・公式・計算手順を1つずつ確認する単問中心。標準：複数条件や式変形を組み合わせ、見通しをもって処理する問題を入れる。
m-jh1-A-01-06s.txt,1-A-01-06,加法と減法－加法の交換法則・結合法則,加法の交換法則・結合法則,問題3,標準レベル,30.5,±20.0,0.0166,数式処理・数量関係の理解,小学校算数の四則計算・数量関係,中1入学時平均を0、中3卒業時平均を300とする運用尺度で、学年内の学習順、問題レベル、問題文の特徴から校正した暫定値。基礎・標準問題は300超えを目標にせず、発展・模試過去問で300超えを扱う前提です。,基礎：用語・公式・計算手順を1つずつ確認する単問中心。標準：複数条件や式変形を組み合わせ、見通しをもって処理する問題を入れる。
m-jh1-A-01-07b.txt,1-A-01-07,加法と減法－正と負の数の減法,正と負の数の減法,問題1,基礎レベル,9.1,±18.0,0.0140,数式処理・数量関係の理解,小学校算数の四則計算・数量関係,中1入学時平均を0、中3卒業時平均を300とする運用尺度で、学年内の学習順、問題レベル、問題文の特徴から校正した暫定値。基礎・標準問題は300超えを目標にせず、発展・模試過去問で300超えを扱う前提です。,基礎：用語・公式・計算手順を1つずつ確認する単問中心。標準：複数条件や式変形を組み合わせ、見通しをもって処理する問題を入れる。
m-jh1-A-01-07b.txt,1-A-01-07,加法と減法－正と負の数の減法,正と負の数の減法,問題2,基礎レベル,12.1,±18.0,0.0144,数式処理・数量関係の理解,小学校算数の四則計算・数量関係,中1入学時平均を0、中3卒業時平均を300とする運用尺度で、学年内の学習順、問題レベル、問題文の特徴から校正した暫定値。基礎・標準問題は300超えを目標にせず、発展・模試過去問で300超えを扱う前提です。,基礎：用語・公式・計算手順を1つずつ確認する単問中心。標準：複数条件や式変形を組み合わせ、見通しをもって処理する問題を入れる。
m-jh1-A-01-07b.txt,1-A-01-07,加法と減法－正と負の数の減法,正と負の数の減法,問題3,基礎レベル,15.1,±18.0,0.0148,数式処理・数量関係の理解,小学校算数の四則計算・数量関係,中1入学時平均を0、中3卒業時平均を300とする運用尺度で、学年内の学習順、問題レベル、問題文の特徴から校正した暫定値。基礎・標準問題は300超えを目標にせず、発展・模試過去問で300超えを扱う前提です。,基礎：用語・公式・計算手順を1つずつ確認する単問中心。標準：複数条件や式変形を組み合わせ、見通しをもって処理する問題を入れる。
m-jh1-A-01-07b.txt,1-A-01-07,加法と減法－正と負の数の減法,正と負の数の減法,問題4,基礎レベル,18.1,±18.0,0.0152,数式処理・数量関係の理解,小学校算数の四則計算・数量関係,中1入学時平均を0、中3卒業時平均を300とする運用尺度で、学年内の学習順、問題レベル、問題文の特徴から校正した暫定値。基礎・標準問題は300超えを目標にせず、発展・模試過去問で300超えを扱う前提です。,基礎：用語・公式・計算手順を1つずつ確認する単問中心。標準：複数条件や式変形を組み合わせ、見通しをもって処理する問題を入れる。
m-jh1-A-01-07s.txt,1-A-01-07,加法と減法－正と負の数の減法,正と負の数の減法,問題1,標準レベル,25.7,±20.0,0.0158,数式処理・数量関係の理解,小学校算数の四則計算・数量関係,中1入学時平均を0、中3卒業時平均を300とする運用尺度で、学年内の学習順、問題レベル、問題文の特徴から校正した暫定値。基礎・標準問題は300超えを目標にせず、発展・模試過去問で300超えを扱う前提です。,基礎：用語・公式・計算手順を1つずつ確認する単問中心。標準：複数条件や式変形を組み合わせ、見通しをもって処理する問題を入れる。
m-jh1-A-01-07s.txt,1-A-01-07,加法と減法－正と負の数の減法,正と負の数の減法,問題2,標準レベル,28.7,±20.0,0.0162,数式処理・数量関係の理解,小学校算数の四則計算・数量関係,中1入学時平均を0、中3卒業時平均を300とする運用尺度で、学年内の学習順、問題レベル、問題文の特徴から校正した暫定値。基礎・標準問題は300超えを目標にせず、発展・模試過去問で300超えを扱う前提です。,基礎：用語・公式・計算手順を1つずつ確認する単問中心。標準：複数条件や式変形を組み合わせ、見通しをもって処理する問題を入れる。
m-jh1-A-01-07s.txt,1-A-01-07,加法と減法－正と負の数の減法,正と負の数の減法,問題3,標準レベル,31.7,±20.0,0.0166,数式処理・数量関係の理解,小学校算数の四則計算・数量関係,中1入学時平均を0、中3卒業時平均を300とする運用尺度で、学年内の学習順、問題レベル、問題文の特徴から校正した暫定値。基礎・標準問題は300超えを目標にせず、発展・模試過去問で300超えを扱う前提です。,基礎：用語・公式・計算手順を1つずつ確認する単問中心。標準：複数条件や式変形を組み合わせ、見通しをもって処理する問題を入れる。
m-jh1-A-01-08b.txt,1-A-01-08,加法と減法－加法と減法の混合,加法と減法の混合,問題1,基礎レベル,10.2,±18.0,0.0140,数式処理・数量関係の理解,小学校算数の四則計算・数量関係,中1入学時平均を0、中3卒業時平均を300とする運用尺度で、学年内の学習順、問題レベル、問題文の特徴から校正した暫定値。基礎・標準問題は300超えを目標にせず、発展・模試過去問で300超えを扱う前提です。,基礎：用語・公式・計算手順を1つずつ確認する単問中心。標準：複数条件や式変形を組み合わせ、見通しをもって処理する問題を入れる。
m-jh1-A-01-08b.txt,1-A-01-08,加法と減法－加法と減法の混合,加法と減法の混合,問題2,基礎レベル,13.2,±18.0,0.0144,数式処理・数量関係の理解,小学校算数の四則計算・数量関係,中1入学時平均を0、中3卒業時平均を300とする運用尺度で、学年内の学習順、問題レベル、問題文の特徴から校正した暫定値。基礎・標準問題は300超えを目標にせず、発展・模試過去問で300超えを扱う前提です。,基礎：用語・公式・計算手順を1つずつ確認する単問中心。標準：複数条件や式変形を組み合わせ、見通しをもって処理する問題を入れる。
m-jh1-A-01-08b.txt,1-A-01-08,加法と減法－加法と減法の混合,加法と減法の混合,問題3,基礎レベル,16.2,±18.0,0.0148,数式処理・数量関係の理解,小学校算数の四則計算・数量関係,中1入学時平均を0、中3卒業時平均を300とする運用尺度で、学年内の学習順、問題レベル、問題文の特徴から校正した暫定値。基礎・標準問題は300超えを目標にせず、発展・模試過去問で300超えを扱う前提です。,基礎：用語・公式・計算手順を1つずつ確認する単問中心。標準：複数条件や式変形を組み合わせ、見通しをもって処理する問題を入れる。
m-jh1-A-01-08b.txt,1-A-01-08,加法と減法－加法と減法の混合,加法と減法の混合,問題4,基礎レベル,19.2,±18.0,0.0152,数式処理・数量関係の理解,小学校算数の四則計算・数量関係,中1入学時平均を0、中3卒業時平均を300とする運用尺度で、学年内の学習順、問題レベル、問題文の特徴から校正した暫定値。基礎・標準問題は300超えを目標にせず、発展・模試過去問で300超えを扱う前提です。,基礎：用語・公式・計算手順を1つずつ確認する単問中心。標準：複数条件や式変形を組み合わせ、見通しをもって処理する問題を入れる。
m-jh1-A-01-08b.txt,1-A-01-08,加法と減法－加法と減法の混合,加法と減法の混合,問題5,基礎レベル,22.2,±18.0,0.0152,数式処理・数量関係の理解,小学校算数の四則計算・数量関係,中1入学時平均を0、中3卒業時平均を300とする運用尺度で、学年内の学習順、問題レベル、問題文の特徴から校正した暫定値。基礎・標準問題は300超えを目標にせず、発展・模試過去問で300超えを扱う前提です。,基礎：用語・公式・計算手順を1つずつ確認する単問中心。標準：複数条件や式変形を組み合わせ、見通しをもって処理する問題を入れる。
m-jh1-A-01-08b.txt,1-A-01-08,加法と減法－加法と減法の混合,加法と減法の混合,問題6,基礎レベル,25.2,±18.0,0.0152,数式処理・数量関係の理解,小学校算数の四則計算・数量関係,中1入学時平均を0、中3卒業時平均を300とする運用尺度で、学年内の学習順、問題レベル、問題文の特徴から校正した暫定値。基礎・標準問題は300超えを目標にせず、発展・模試過去問で300超えを扱う前提です。,基礎：用語・公式・計算手順を1つずつ確認する単問中心。標準：複数条件や式変形を組み合わせ、見通しをもって処理する問題を入れる。
m-jh1-A-01-08b.txt,1-A-01-08,加法と減法－加法と減法の混合,加法と減法の混合,問題7,基礎レベル,28.2,±18.0,0.0152,数式処理・数量関係の理解,小学校算数の四則計算・数量関係,中1入学時平均を0、中3卒業時平均を300とする運用尺度で、学年内の学習順、問題レベル、問題文の特徴から校正した暫定値。基礎・標準問題は300超えを目標にせず、発展・模試過去問で300超えを扱う前提です。,基礎：用語・公式・計算手順を1つずつ確認する単問中心。標準：複数条件や式変形を組み合わせ、見通しをもって処理する問題を入れる。
m-jh1-A-01-08b.txt,1-A-01-08,加法と減法－加法と減法の混合,加法と減法の混合,問題8,基礎レベル,31.2,±18.0,0.0152,数式処理・数量関係の理解,小学校算数の四則計算・数量関係,中1入学時平均を0、中3卒業時平均を300とする運用尺度で、学年内の学習順、問題レベル、問題文の特徴から校正した暫定値。基礎・標準問題は300超えを目標にせず、発展・模試過去問で300超えを扱う前提です。,基礎：用語・公式・計算手順を1つずつ確認する単問中心。標準：複数条件や式変形を組み合わせ、見通しをもって処理する問題を入れる。
m-jh1-A-01-08s.txt,1-A-01-08,加法と減法－加法と減法の混合,加法と減法の混合,問題1,標準レベル,26.8,±20.0,0.0158,数式処理・数量関係の理解,小学校算数の四則計算・数量関係,中1入学時平均を0、中3卒業時平均を300とする運用尺度で、学年内の学習順、問題レベル、問題文の特徴から校正した暫定値。基礎・標準問題は300超えを目標にせず、発展・模試過去問で300超えを扱う前提です。,基礎：用語・公式・計算手順を1つずつ確認する単問中心。標準：複数条件や式変形を組み合わせ、見通しをもって処理する問題を入れる。
m-jh1-A-01-08s.txt,1-A-01-08,加法と減法－加法と減法の混合,加法と減法の混合,問題2,標準レベル,29.8,±20.0,0.0162,数式処理・数量関係の理解,小学校算数の四則計算・数量関係,中1入学時平均を0、中3卒業時平均を300とする運用尺度で、学年内の学習順、問題レベル、問題文の特徴から校正した暫定値。基礎・標準問題は300超えを目標にせず、発展・模試過去問で300超えを扱う前提です。,基礎：用語・公式・計算手順を1つずつ確認する単問中心。標準：複数条件や式変形を組み合わせ、見通しをもって処理する問題を入れる。
m-jh1-A-01-08s.txt,1-A-01-08,加法と減法－加法と減法の混合,加法と減法の混合,問題3,標準レベル,32.8,±20.0,0.0166,数式処理・数量関係の理解,小学校算数の四則計算・数量関係,中1入学時平均を0、中3卒業時平均を300とする運用尺度で、学年内の学習順、問題レベル、問題文の特徴から校正した暫定値。基礎・標準問題は300超えを目標にせず、発展・模試過去問で300超えを扱う前提です。,基礎：用語・公式・計算手順を1つずつ確認する単問中心。標準：複数条件や式変形を組み合わせ、見通しをもって処理する問題を入れる。
m-jh1-A-01-09b.txt,1-A-01-09,乗法と除法－正と負の数の乗法,正と負の数の乗法,問題1,基礎レベル,11.3,±18.0,0.0140,数式処理・数量関係の理解,小学校算数の四則計算・数量関係,中1入学時平均を0、中3卒業時平均を300とする運用尺度で、学年内の学習順、問題レベル、問題文の特徴から校正した暫定値。基礎・標準問題は300超えを目標にせず、発展・模試過去問で300超えを扱う前提です。,基礎：用語・公式・計算手順を1つずつ確認する単問中心。標準：複数条件や式変形を組み合わせ、見通しをもって処理する問題を入れる。
m-jh1-A-01-09b.txt,1-A-01-09,乗法と除法－正と負の数の乗法,正と負の数の乗法,問題2,基礎レベル,14.3,±18.0,0.0144,数式処理・数量関係の理解,小学校算数の四則計算・数量関係,中1入学時平均を0、中3卒業時平均を300とする運用尺度で、学年内の学習順、問題レベル、問題文の特徴から校正した暫定値。基礎・標準問題は300超えを目標にせず、発展・模試過去問で300超えを扱う前提です。,基礎：用語・公式・計算手順を1つずつ確認する単問中心。標準：複数条件や式変形を組み合わせ、見通しをもって処理する問題を入れる。
m-jh1-A-01-09b.txt,1-A-01-09,乗法と除法－正と負の数の乗法,正と負の数の乗法,問題3,基礎レベル,17.3,±18.0,0.0148,数式処理・数量関係の理解,小学校算数の四則計算・数量関係,中1入学時平均を0、中3卒業時平均を300とする運用尺度で、学年内の学習順、問題レベル、問題文の特徴から校正した暫定値。基礎・標準問題は300超えを目標にせず、発展・模試過去問で300超えを扱う前提です。,基礎：用語・公式・計算手順を1つずつ確認する単問中心。標準：複数条件や式変形を組み合わせ、見通しをもって処理する問題を入れる。
m-jh1-A-01-09b.txt,1-A-01-09,乗法と除法－正と負の数の乗法,正と負の数の乗法,問題4,基礎レベル,20.3,±18.0,0.0152,数式処理・数量関係の理解,小学校算数の四則計算・数量関係,中1入学時平均を0、中3卒業時平均を300とする運用尺度で、学年内の学習順、問題レベル、問題文の特徴から校正した暫定値。基礎・標準問題は300超えを目標にせず、発展・模試過去問で300超えを扱う前提です。,基礎：用語・公式・計算手順を1つずつ確認する単問中心。標準：複数条件や式変形を組み合わせ、見通しをもって処理する問題を入れる。
m-jh1-A-01-09b.txt,1-A-01-09,乗法と除法－正と負の数の乗法,正と負の数の乗法,問題5,基礎レベル,23.3,±18.0,0.0152,数式処理・数量関係の理解,小学校算数の四則計算・数量関係,中1入学時平均を0、中3卒業時平均を300とする運用尺度で、学年内の学習順、問題レベル、問題文の特徴から校正した暫定値。基礎・標準問題は300超えを目標にせず、発展・模試過去問で300超えを扱う前提です。,基礎：用語・公式・計算手順を1つずつ確認する単問中心。標準：複数条件や式変形を組み合わせ、見通しをもって処理する問題を入れる。
m-jh1-A-01-09b.txt,1-A-01-09,乗法と除法－正と負の数の乗法,正と負の数の乗法,問題6,基礎レベル,26.3,±18.0,0.0152,数式処理・数量関係の理解,小学校算数の四則計算・数量関係,中1入学時平均を0、中3卒業時平均を300とする運用尺度で、学年内の学習順、問題レベル、問題文の特徴から校正した暫定値。基礎・標準問題は300超えを目標にせず、発展・模試過去問で300超えを扱う前提です。,基礎：用語・公式・計算手順を1つずつ確認する単問中心。標準：複数条件や式変形を組み合わせ、見通しをもって処理する問題を入れる。
m-jh1-A-01-09b.txt,1-A-01-09,乗法と除法－正と負の数の乗法,正と負の数の乗法,問題7,基礎レベル,29.3,±18.0,0.0152,数式処理・数量関係の理解,小学校算数の四則計算・数量関係,中1入学時平均を0、中3卒業時平均を300とする運用尺度で、学年内の学習順、問題レベル、問題文の特徴から校正した暫定値。基礎・標準問題は300超えを目標にせず、発展・模試過去問で300超えを扱う前提です。,基礎：用語・公式・計算手順を1つずつ確認する単問中心。標準：複数条件や式変形を組み合わせ、見通しをもって処理する問題を入れる。
m-jh1-A-01-09s.txt,1-A-01-09,乗法と除法－正と負の数の乗法,正と負の数の乗法,問題1,標準レベル,27.9,±20.0,0.0158,数式処理・数量関係の理解,小学校算数の四則計算・数量関係,中1入学時平均を0、中3卒業時平均を300とする運用尺度で、学年内の学習順、問題レベル、問題文の特徴から校正した暫定値。基礎・標準問題は300超えを目標にせず、発展・模試過去問で300超えを扱う前提です。,基礎：用語・公式・計算手順を1つずつ確認する単問中心。標準：複数条件や式変形を組み合わせ、見通しをもって処理する問題を入れる。
m-jh1-A-01-09s.txt,1-A-01-09,乗法と除法－正と負の数の乗法,正と負の数の乗法,問題2,標準レベル,30.9,±20.0,0.0162,数式処理・数量関係の理解,小学校算数の四則計算・数量関係,中1入学時平均を0、中3卒業時平均を300とする運用尺度で、学年内の学習順、問題レベル、問題文の特徴から校正した暫定値。基礎・標準問題は300超えを目標にせず、発展・模試過去問で300超えを扱う前提です。,基礎：用語・公式・計算手順を1つずつ確認する単問中心。標準：複数条件や式変形を組み合わせ、見通しをもって処理する問題を入れる。
m-jh1-A-01-09s.txt,1-A-01-09,乗法と除法－正と負の数の乗法,正と負の数の乗法,問題3,標準レベル,33.9,±20.0,0.0166,数式処理・数量関係の理解,小学校算数の四則計算・数量関係,中1入学時平均を0、中3卒業時平均を300とする運用尺度で、学年内の学習順、問題レベル、問題文の特徴から校正した暫定値。基礎・標準問題は300超えを目標にせず、発展・模試過去問で300超えを扱う前提です。,基礎：用語・公式・計算手順を1つずつ確認する単問中心。標準：複数条件や式変形を組み合わせ、見通しをもって処理する問題を入れる。
m-jh1-A-01-10b.txt,1-A-01-10,乗法と除法－乗法の交換法則・結合法則,乗法の交換法則・結合法則,問題1,基礎レベル,12.5,±18.0,0.0140,数式処理・数量関係の理解,小学校算数の四則計算・数量関係,中1入学時平均を0、中3卒業時平均を300とする運用尺度で、学年内の学習順、問題レベル、問題文の特徴から校正した暫定値。基礎・標準問題は300超えを目標にせず、発展・模試過去問で300超えを扱う前提です。,基礎：用語・公式・計算手順を1つずつ確認する単問中心。標準：複数条件や式変形を組み合わせ、見通しをもって処理する問題を入れる。
m-jh1-A-01-10b.txt,1-A-01-10,乗法と除法－乗法の交換法則・結合法則,乗法の交換法則・結合法則,問題2,基礎レベル,15.5,±18.0,0.0144,数式処理・数量関係の理解,小学校算数の四則計算・数量関係,中1入学時平均を0、中3卒業時平均を300とする運用尺度で、学年内の学習順、問題レベル、問題文の特徴から校正した暫定値。基礎・標準問題は300超えを目標にせず、発展・模試過去問で300超えを扱う前提です。,基礎：用語・公式・計算手順を1つずつ確認する単問中心。標準：複数条件や式変形を組み合わせ、見通しをもって処理する問題を入れる。
m-jh1-A-01-10b.txt,1-A-01-10,乗法と除法－乗法の交換法則・結合法則,乗法の交換法則・結合法則,問題3,基礎レベル,18.5,±18.0,0.0148,数式処理・数量関係の理解,小学校算数の四則計算・数量関係,中1入学時平均を0、中3卒業時平均を300とする運用尺度で、学年内の学習順、問題レベル、問題文の特徴から校正した暫定値。基礎・標準問題は300超えを目標にせず、発展・模試過去問で300超えを扱う前提です。,基礎：用語・公式・計算手順を1つずつ確認する単問中心。標準：複数条件や式変形を組み合わせ、見通しをもって処理する問題を入れる。
m-jh1-A-01-10b.txt,1-A-01-10,乗法と除法－乗法の交換法則・結合法則,乗法の交換法則・結合法則,問題4,基礎レベル,21.5,±18.0,0.0152,数式処理・数量関係の理解,小学校算数の四則計算・数量関係,中1入学時平均を0、中3卒業時平均を300とする運用尺度で、学年内の学習順、問題レベル、問題文の特徴から校正した暫定値。基礎・標準問題は300超えを目標にせず、発展・模試過去問で300超えを扱う前提です。,基礎：用語・公式・計算手順を1つずつ確認する単問中心。標準：複数条件や式変形を組み合わせ、見通しをもって処理する問題を入れる。
m-jh1-A-01-10b.txt,1-A-01-10,乗法と除法－乗法の交換法則・結合法則,乗法の交換法則・結合法則,問題5,基礎レベル,24.5,±18.0,0.0152,数式処理・数量関係の理解,小学校算数の四則計算・数量関係,中1入学時平均を0、中3卒業時平均を300とする運用尺度で、学年内の学習順、問題レベル、問題文の特徴から校正した暫定値。基礎・標準問題は300超えを目標にせず、発展・模試過去問で300超えを扱う前提です。,基礎：用語・公式・計算手順を1つずつ確認する単問中心。標準：複数条件や式変形を組み合わせ、見通しをもって処理する問題を入れる。
m-jh1-A-01-10b.txt,1-A-01-10,乗法と除法－乗法の交換法則・結合法則,乗法の交換法則・結合法則,問題6,基礎レベル,27.5,±18.0,0.0152,数式処理・数量関係の理解,小学校算数の四則計算・数量関係,中1入学時平均を0、中3卒業時平均を300とする運用尺度で、学年内の学習順、問題レベル、問題文の特徴から校正した暫定値。基礎・標準問題は300超えを目標にせず、発展・模試過去問で300超えを扱う前提です。,基礎：用語・公式・計算手順を1つずつ確認する単問中心。標準：複数条件や式変形を組み合わせ、見通しをもって処理する問題を入れる。
m-jh1-A-01-10s.txt,1-A-01-10,乗法と除法－乗法の交換法則・結合法則,乗法の交換法則・結合法則,問題1,標準レベル,29.0,±20.0,0.0158,数式処理・数量関係の理解,小学校算数の四則計算・数量関係,中1入学時平均を0、中3卒業時平均を300とする運用尺度で、学年内の学習順、問題レベル、問題文の特徴から校正した暫定値。基礎・標準問題は300超えを目標にせず、発展・模試過去問で300超えを扱う前提です。,基礎：用語・公式・計算手順を1つずつ確認する単問中心。標準：複数条件や式変形を組み合わせ、見通しをもって処理する問題を入れる。
m-jh1-A-01-10s.txt,1-A-01-10,乗法と除法－乗法の交換法則・結合法則,乗法の交換法則・結合法則,問題2,標準レベル,32.0,±20.0,0.0162,数式処理・数量関係の理解,小学校算数の四則計算・数量関係,中1入学時平均を0、中3卒業時平均を300とする運用尺度で、学年内の学習順、問題レベル、問題文の特徴から校正した暫定値。基礎・標準問題は300超えを目標にせず、発展・模試過去問で300超えを扱う前提です。,基礎：用語・公式・計算手順を1つずつ確認する単問中心。標準：複数条件や式変形を組み合わせ、見通しをもって処理する問題を入れる。
m-jh1-A-01-10s.txt,1-A-01-10,乗法と除法－乗法の交換法則・結合法則,乗法の交換法則・結合法則,問題3,標準レベル,35.0,±20.0,0.0166,数式処理・数量関係の理解,小学校算数の四則計算・数量関係,中1入学時平均を0、中3卒業時平均を300とする運用尺度で、学年内の学習順、問題レベル、問題文の特徴から校正した暫定値。基礎・標準問題は300超えを目標にせず、発展・模試過去問で300超えを扱う前提です。,基礎：用語・公式・計算手順を1つずつ確認する単問中心。標準：複数条件や式変形を組み合わせ、見通しをもって処理する問題を入れる。
m-jh1-A-01-11b.txt,1-A-01-11,乗法と除法－累乗,累乗,問題1,基礎レベル,13.6,±18.0,0.0140,数式処理・数量関係の理解,小学校算数の四則計算・数量関係,中1入学時平均を0、中3卒業時平均を300とする運用尺度で、学年内の学習順、問題レベル、問題文の特徴から校正した暫定値。基礎・標準問題は300超えを目標にせず、発展・模試過去問で300超えを扱う前提です。,基礎：用語・公式・計算手順を1つずつ確認する単問中心。標準：複数条件や式変形を組み合わせ、見通しをもって処理する問題を入れる。
m-jh1-A-01-11b.txt,1-A-01-11,乗法と除法－累乗,累乗,問題2,基礎レベル,16.6,±18.0,0.0144,数式処理・数量関係の理解,小学校算数の四則計算・数量関係,中1入学時平均を0、中3卒業時平均を300とする運用尺度で、学年内の学習順、問題レベル、問題文の特徴から校正した暫定値。基礎・標準問題は300超えを目標にせず、発展・模試過去問で300超えを扱う前提です。,基礎：用語・公式・計算手順を1つずつ確認する単問中心。標準：複数条件や式変形を組み合わせ、見通しをもって処理する問題を入れる。
m-jh1-A-01-11b.txt,1-A-01-11,乗法と除法－累乗,累乗,問題3,基礎レベル,19.6,±18.0,0.0148,数式処理・数量関係の理解,小学校算数の四則計算・数量関係,中1入学時平均を0、中3卒業時平均を300とする運用尺度で、学年内の学習順、問題レベル、問題文の特徴から校正した暫定値。基礎・標準問題は300超えを目標にせず、発展・模試過去問で300超えを扱う前提です。,基礎：用語・公式・計算手順を1つずつ確認する単問中心。標準：複数条件や式変形を組み合わせ、見通しをもって処理する問題を入れる。
m-jh1-A-01-11b.txt,1-A-01-11,乗法と除法－累乗,累乗,問題4,基礎レベル,22.6,±18.0,0.0152,数式処理・数量関係の理解,小学校算数の四則計算・数量関係,中1入学時平均を0、中3卒業時平均を300とする運用尺度で、学年内の学習順、問題レベル、問題文の特徴から校正した暫定値。基礎・標準問題は300超えを目標にせず、発展・模試過去問で300超えを扱う前提です。,基礎：用語・公式・計算手順を1つずつ確認する単問中心。標準：複数条件や式変形を組み合わせ、見通しをもって処理する問題を入れる。
m-jh1-A-01-11b.txt,1-A-01-11,乗法と除法－累乗,累乗,問題5,基礎レベル,25.6,±18.0,0.0152,数式処理・数量関係の理解,小学校算数の四則計算・数量関係,中1入学時平均を0、中3卒業時平均を300とする運用尺度で、学年内の学習順、問題レベル、問題文の特徴から校正した暫定値。基礎・標準問題は300超えを目標にせず、発展・模試過去問で300超えを扱う前提です。,基礎：用語・公式・計算手順を1つずつ確認する単問中心。標準：複数条件や式変形を組み合わせ、見通しをもって処理する問題を入れる。
m-jh1-A-01-11b.txt,1-A-01-11,乗法と除法－累乗,累乗,問題6,基礎レベル,28.6,±18.0,0.0152,数式処理・数量関係の理解,小学校算数の四則計算・数量関係,中1入学時平均を0、中3卒業時平均を300とする運用尺度で、学年内の学習順、問題レベル、問題文の特徴から校正した暫定値。基礎・標準問題は300超えを目標にせず、発展・模試過去問で300超えを扱う前提です。,基礎：用語・公式・計算手順を1つずつ確認する単問中心。標準：複数条件や式変形を組み合わせ、見通しをもって処理する問題を入れる。
m-jh1-A-01-11s.txt,1-A-01-11,乗法と除法－累乗,累乗,問題1,標準レベル,30.2,±20.0,0.0158,数式処理・数量関係の理解,小学校算数の四則計算・数量関係,中1入学時平均を0、中3卒業時平均を300とする運用尺度で、学年内の学習順、問題レベル、問題文の特徴から校正した暫定値。基礎・標準問題は300超えを目標にせず、発展・模試過去問で300超えを扱う前提です。,基礎：用語・公式・計算手順を1つずつ確認する単問中心。標準：複数条件や式変形を組み合わせ、見通しをもって処理する問題を入れる。
m-jh1-A-01-11s.txt,1-A-01-11,乗法と除法－累乗,累乗,問題2,標準レベル,33.2,±20.0,0.0162,数式処理・数量関係の理解,小学校算数の四則計算・数量関係,中1入学時平均を0、中3卒業時平均を300とする運用尺度で、学年内の学習順、問題レベル、問題文の特徴から校正した暫定値。基礎・標準問題は300超えを目標にせず、発展・模試過去問で300超えを扱う前提です。,基礎：用語・公式・計算手順を1つずつ確認する単問中心。標準：複数条件や式変形を組み合わせ、見通しをもって処理する問題を入れる。
m-jh1-A-01-11s.txt,1-A-01-11,乗法と除法－累乗,累乗,問題3,標準レベル,36.2,±20.0,0.0166,数式処理・数量関係の理解,小学校算数の四則計算・数量関係,中1入学時平均を0、中3卒業時平均を300とする運用尺度で、学年内の学習順、問題レベル、問題文の特徴から校正した暫定値。基礎・標準問題は300超えを目標にせず、発展・模試過去問で300超えを扱う前提です。,基礎：用語・公式・計算手順を1つずつ確認する単問中心。標準：複数条件や式変形を組み合わせ、見通しをもって処理する問題を入れる。
m-jh1-A-01-12b.txt,1-A-01-12,乗法と除法－正と負の数の符号が同じ数の除法、符号が異なる数の除法,正と負の数の符号が同じ数の除法、符号が異なる数の除法,問題1,基礎レベル,14.7,±18.0,0.0140,数式処理・数量関係の理解,小学校算数の四則計算・数量関係,中1入学時平均を0、中3卒業時平均を300とする運用尺度で、学年内の学習順、問題レベル、問題文の特徴から校正した暫定値。基礎・標準問題は300超えを目標にせず、発展・模試過去問で300超えを扱う前提です。,基礎：用語・公式・計算手順を1つずつ確認する単問中心。標準：複数条件や式変形を組み合わせ、見通しをもって処理する問題を入れる。
m-jh1-A-01-12b.txt,1-A-01-12,乗法と除法－正と負の数の符号が同じ数の除法、符号が異なる数の除法,正と負の数の符号が同じ数の除法、符号が異なる数の除法,問題2,基礎レベル,17.7,±18.0,0.0144,数式処理・数量関係の理解,小学校算数の四則計算・数量関係,中1入学時平均を0、中3卒業時平均を300とする運用尺度で、学年内の学習順、問題レベル、問題文の特徴から校正した暫定値。基礎・標準問題は300超えを目標にせず、発展・模試過去問で300超えを扱う前提です。,基礎：用語・公式・計算手順を1つずつ確認する単問中心。標準：複数条件や式変形を組み合わせ、見通しをもって処理する問題を入れる。
m-jh1-A-01-12b.txt,1-A-01-12,乗法と除法－正と負の数の符号が同じ数の除法、符号が異なる数の除法,正と負の数の符号が同じ数の除法、符号が異なる数の除法,問題3,基礎レベル,20.7,±18.0,0.0148,数式処理・数量関係の理解,小学校算数の四則計算・数量関係,中1入学時平均を0、中3卒業時平均を300とする運用尺度で、学年内の学習順、問題レベル、問題文の特徴から校正した暫定値。基礎・標準問題は300超えを目標にせず、発展・模試過去問で300超えを扱う前提です。,基礎：用語・公式・計算手順を1つずつ確認する単問中心。標準：複数条件や式変形を組み合わせ、見通しをもって処理する問題を入れる。
m-jh1-A-01-12b.txt,1-A-01-12,乗法と除法－正と負の数の符号が同じ数の除法、符号が異なる数の除法,正と負の数の符号が同じ数の除法、符号が異なる数の除法,問題4,基礎レベル,23.7,±18.0,0.0152,数式処理・数量関係の理解,小学校算数の四則計算・数量関係,中1入学時平均を0、中3卒業時平均を300とする運用尺度で、学年内の学習順、問題レベル、問題文の特徴から校正した暫定値。基礎・標準問題は300超えを目標にせず、発展・模試過去問で300超えを扱う前提です。,基礎：用語・公式・計算手順を1つずつ確認する単問中心。標準：複数条件や式変形を組み合わせ、見通しをもって処理する問題を入れる。
m-jh1-A-01-12s.txt,1-A-01-12,乗法と除法－正と負の数の符号が同じ数の除法、符号が異なる数の除法,正と負の数の符号が同じ数の除法、符号が異なる数の除法,問題1,標準レベル,31.3,±20.0,0.0158,数式処理・数量関係の理解,小学校算数の四則計算・数量関係,中1入学時平均を0、中3卒業時平均を300とする運用尺度で、学年内の学習順、問題レベル、問題文の特徴から校正した暫定値。基礎・標準問題は300超えを目標にせず、発展・模試過去問で300超えを扱う前提です。,基礎：用語・公式・計算手順を1つずつ確認する単問中心。標準：複数条件や式変形を組み合わせ、見通しをもって処理する問題を入れる。
m-jh1-A-01-12s.txt,1-A-01-12,乗法と除法－正と負の数の符号が同じ数の除法、符号が異なる数の除法,正と負の数の符号が同じ数の除法、符号が異なる数の除法,問題2,標準レベル,34.3,±20.0,0.0162,数式処理・数量関係の理解,小学校算数の四則計算・数量関係,中1入学時平均を0、中3卒業時平均を300とする運用尺度で、学年内の学習順、問題レベル、問題文の特徴から校正した暫定値。基礎・標準問題は300超えを目標にせず、発展・模試過去問で300超えを扱う前提です。,基礎：用語・公式・計算手順を1つずつ確認する単問中心。標準：複数条件や式変形を組み合わせ、見通しをもって処理する問題を入れる。
m-jh1-A-01-12s.txt,1-A-01-12,乗法と除法－正と負の数の符号が同じ数の除法、符号が異なる数の除法,正と負の数の符号が同じ数の除法、符号が異なる数の除法,問題3,標準レベル,37.3,±20.0,0.0166,数式処理・数量関係の理解,小学校算数の四則計算・数量関係,中1入学時平均を0、中3卒業時平均を300とする運用尺度で、学年内の学習順、問題レベル、問題文の特徴から校正した暫定値。基礎・標準問題は300超えを目標にせず、発展・模試過去問で300超えを扱う前提です。,基礎：用語・公式・計算手順を1つずつ確認する単問中心。標準：複数条件や式変形を組み合わせ、見通しをもって処理する問題を入れる。
m-jh1-A-01-13b.txt,1-A-01-13,乗法と除法－逆数,逆数,問題1,基礎レベル,15.9,±18.0,0.0140,数式処理・数量関係の理解,小学校算数の四則計算・数量関係,中1入学時平均を0、中3卒業時平均を300とする運用尺度で、学年内の学習順、問題レベル、問題文の特徴から校正した暫定値。基礎・標準問題は300超えを目標にせず、発展・模試過去問で300超えを扱う前提です。,基礎：用語・公式・計算手順を1つずつ確認する単問中心。標準：複数条件や式変形を組み合わせ、見通しをもって処理する問題を入れる。
m-jh1-A-01-13b.txt,1-A-01-13,乗法と除法－逆数,逆数,問題2,基礎レベル,18.9,±18.0,0.0144,数式処理・数量関係の理解,小学校算数の四則計算・数量関係,中1入学時平均を0、中3卒業時平均を300とする運用尺度で、学年内の学習順、問題レベル、問題文の特徴から校正した暫定値。基礎・標準問題は300超えを目標にせず、発展・模試過去問で300超えを扱う前提です。,基礎：用語・公式・計算手順を1つずつ確認する単問中心。標準：複数条件や式変形を組み合わせ、見通しをもって処理する問題を入れる。
m-jh1-A-01-13b.txt,1-A-01-13,乗法と除法－逆数,逆数,問題3,基礎レベル,21.9,±18.0,0.0148,数式処理・数量関係の理解,小学校算数の四則計算・数量関係,中1入学時平均を0、中3卒業時平均を300とする運用尺度で、学年内の学習順、問題レベル、問題文の特徴から校正した暫定値。基礎・標準問題は300超えを目標にせず、発展・模試過去問で300超えを扱う前提です。,基礎：用語・公式・計算手順を1つずつ確認する単問中心。標準：複数条件や式変形を組み合わせ、見通しをもって処理する問題を入れる。
m-jh1-A-01-13s.txt,1-A-01-13,乗法と除法－逆数,逆数,問題1,標準レベル,32.4,±20.0,0.0158,数式処理・数量関係の理解,小学校算数の四則計算・数量関係,中1入学時平均を0、中3卒業時平均を300とする運用尺度で、学年内の学習順、問題レベル、問題文の特徴から校正した暫定値。基礎・標準問題は300超えを目標にせず、発展・模試過去問で300超えを扱う前提です。,基礎：用語・公式・計算手順を1つずつ確認する単問中心。標準：複数条件や式変形を組み合わせ、見通しをもって処理する問題を入れる。
m-jh1-A-01-13s.txt,1-A-01-13,乗法と除法－逆数,逆数,問題2,標準レベル,35.4,±20.0,0.0162,数式処理・数量関係の理解,小学校算数の四則計算・数量関係,中1入学時平均を0、中3卒業時平均を300とする運用尺度で、学年内の学習順、問題レベル、問題文の特徴から校正した暫定値。基礎・標準問題は300超えを目標にせず、発展・模試過去問で300超えを扱う前提です。,基礎：用語・公式・計算手順を1つずつ確認する単問中心。標準：複数条件や式変形を組み合わせ、見通しをもって処理する問題を入れる。
m-jh1-A-01-13s.txt,1-A-01-13,乗法と除法－逆数,逆数,問題3,標準レベル,38.4,±20.0,0.0166,数式処理・数量関係の理解,小学校算数の四則計算・数量関係,中1入学時平均を0、中3卒業時平均を300とする運用尺度で、学年内の学習順、問題レベル、問題文の特徴から校正した暫定値。基礎・標準問題は300超えを目標にせず、発展・模試過去問で300超えを扱う前提です。,基礎：用語・公式・計算手順を1つずつ確認する単問中心。標準：複数条件や式変形を組み合わせ、見通しをもって処理する問題を入れる。
m-jh1-A-01-14b.txt,1-A-01-14,乗法と除法－逆数を使った除法,逆数を使った除法,問題1,基礎レベル,17.0,±18.0,0.0140,数式処理・数量関係の理解,小学校算数の四則計算・数量関係,中1入学時平均を0、中3卒業時平均を300とする運用尺度で、学年内の学習順、問題レベル、問題文の特徴から校正した暫定値。基礎・標準問題は300超えを目標にせず、発展・模試過去問で300超えを扱う前提です。,基礎：用語・公式・計算手順を1つずつ確認する単問中心。標準：複数条件や式変形を組み合わせ、見通しをもって処理する問題を入れる。
m-jh1-A-01-14b.txt,1-A-01-14,乗法と除法－逆数を使った除法,逆数を使った除法,問題2,基礎レベル,20.0,±18.0,0.0144,数式処理・数量関係の理解,小学校算数の四則計算・数量関係,中1入学時平均を0、中3卒業時平均を300とする運用尺度で、学年内の学習順、問題レベル、問題文の特徴から校正した暫定値。基礎・標準問題は300超えを目標にせず、発展・模試過去問で300超えを扱う前提です。,基礎：用語・公式・計算手順を1つずつ確認する単問中心。標準：複数条件や式変形を組み合わせ、見通しをもって処理する問題を入れる。
m-jh1-A-01-14s.txt,1-A-01-14,乗法と除法－逆数を使った除法,逆数を使った除法,問題1,標準レベル,33.6,±20.0,0.0158,数式処理・数量関係の理解,小学校算数の四則計算・数量関係,中1入学時平均を0、中3卒業時平均を300とする運用尺度で、学年内の学習順、問題レベル、問題文の特徴から校正した暫定値。基礎・標準問題は300超えを目標にせず、発展・模試過去問で300超えを扱う前提です。,基礎：用語・公式・計算手順を1つずつ確認する単問中心。標準：複数条件や式変形を組み合わせ、見通しをもって処理する問題を入れる。
m-jh1-A-01-14s.txt,1-A-01-14,乗法と除法－逆数を使った除法,逆数を使った除法,問題2,標準レベル,36.6,±20.0,0.0162,数式処理・数量関係の理解,小学校算数の四則計算・数量関係,中1入学時平均を0、中3卒業時平均を300とする運用尺度で、学年内の学習順、問題レベル、問題文の特徴から校正した暫定値。基礎・標準問題は300超えを目標にせず、発展・模試過去問で300超えを扱う前提です。,基礎：用語・公式・計算手順を1つずつ確認する単問中心。標準：複数条件や式変形を組み合わせ、見通しをもって処理する問題を入れる。
m-jh1-A-01-15b.txt,1-A-01-15,いろいろな計算－四則混合計算,四則混合計算,問題1,基礎レベル,18.1,±18.0,0.0140,数式処理・数量関係の理解,小学校算数の四則計算・数量関係,中1入学時平均を0、中3卒業時平均を300とする運用尺度で、学年内の学習順、問題レベル、問題文の特徴から校正した暫定値。基礎・標準問題は300超えを目標にせず、発展・模試過去問で300超えを扱う前提です。,基礎：用語・公式・計算手順を1つずつ確認する単問中心。標準：複数条件や式変形を組み合わせ、見通しをもって処理する問題を入れる。
m-jh1-A-01-15b.txt,1-A-01-15,いろいろな計算－四則混合計算,四則混合計算,問題2,基礎レベル,21.1,±18.0,0.0144,数式処理・数量関係の理解,小学校算数の四則計算・数量関係,中1入学時平均を0、中3卒業時平均を300とする運用尺度で、学年内の学習順、問題レベル、問題文の特徴から校正した暫定値。基礎・標準問題は300超えを目標にせず、発展・模試過去問で300超えを扱う前提です。,基礎：用語・公式・計算手順を1つずつ確認する単問中心。標準：複数条件や式変形を組み合わせ、見通しをもって処理する問題を入れる。
m-jh1-A-01-15b.txt,1-A-01-15,いろいろな計算－四則混合計算,四則混合計算,問題3,基礎レベル,24.1,±18.0,0.0148,数式処理・数量関係の理解,小学校算数の四則計算・数量関係,中1入学時平均を0、中3卒業時平均を300とする運用尺度で、学年内の学習順、問題レベル、問題文の特徴から校正した暫定値。基礎・標準問題は300超えを目標にせず、発展・模試過去問で300超えを扱う前提です。,基礎：用語・公式・計算手順を1つずつ確認する単問中心。標準：複数条件や式変形を組み合わせ、見通しをもって処理する問題を入れる。
m-jh1-A-01-15b.txt,1-A-01-15,いろいろな計算－四則混合計算,四則混合計算,問題4,基礎レベル,27.1,±18.0,0.0152,数式処理・数量関係の理解,小学校算数の四則計算・数量関係,中1入学時平均を0、中3卒業時平均を300とする運用尺度で、学年内の学習順、問題レベル、問題文の特徴から校正した暫定値。基礎・標準問題は300超えを目標にせず、発展・模試過去問で300超えを扱う前提です。,基礎：用語・公式・計算手順を1つずつ確認する単問中心。標準：複数条件や式変形を組み合わせ、見通しをもって処理する問題を入れる。
m-jh1-A-01-15s.txt,1-A-01-15,いろいろな計算－四則混合計算,四則混合計算,問題1,標準レベル,34.7,±20.0,0.0158,数式処理・数量関係の理解,小学校算数の四則計算・数量関係,中1入学時平均を0、中3卒業時平均を300とする運用尺度で、学年内の学習順、問題レベル、問題文の特徴から校正した暫定値。基礎・標準問題は300超えを目標にせず、発展・模試過去問で300超えを扱う前提です。,基礎：用語・公式・計算手順を1つずつ確認する単問中心。標準：複数条件や式変形を組み合わせ、見通しをもって処理する問題を入れる。
m-jh1-A-01-15s.txt,1-A-01-15,いろいろな計算－四則混合計算,四則混合計算,問題2,標準レベル,37.7,±20.0,0.0162,数式処理・数量関係の理解,小学校算数の四則計算・数量関係,中1入学時平均を0、中3卒業時平均を300とする運用尺度で、学年内の学習順、問題レベル、問題文の特徴から校正した暫定値。基礎・標準問題は300超えを目標にせず、発展・模試過去問で300超えを扱う前提です。,基礎：用語・公式・計算手順を1つずつ確認する単問中心。標準：複数条件や式変形を組み合わせ、見通しをもって処理する問題を入れる。
m-jh1-A-01-15s.txt,1-A-01-15,いろいろな計算－四則混合計算,四則混合計算,問題3,標準レベル,40.7,±20.0,0.0166,数式処理・数量関係の理解,小学校算数の四則計算・数量関係,中1入学時平均を0、中3卒業時平均を300とする運用尺度で、学年内の学習順、問題レベル、問題文の特徴から校正した暫定値。基礎・標準問題は300超えを目標にせず、発展・模試過去問で300超えを扱う前提です。,基礎：用語・公式・計算手順を1つずつ確認する単問中心。標準：複数条件や式変形を組み合わせ、見通しをもって処理する問題を入れる。
m-jh1-A-01-15s.txt,1-A-01-15,いろいろな計算－四則混合計算,四則混合計算,問題4,標準レベル,43.7,±20.0,0.0170,数式処理・数量関係の理解,小学校算数の四則計算・数量関係,中1入学時平均を0、中3卒業時平均を300とする運用尺度で、学年内の学習順、問題レベル、問題文の特徴から校正した暫定値。基礎・標準問題は300超えを目標にせず、発展・模試過去問で300超えを扱う前提です。,基礎：用語・公式・計算手順を1つずつ確認する単問中心。標準：複数条件や式変形を組み合わせ、見通しをもって処理する問題を入れる。
m-jh1-A-01-16b.txt,1-A-01-16,いろいろな計算－累乗が含まれる計算,累乗が含まれる計算,問題1,基礎レベル,19.3,±18.0,0.0140,数式処理・数量関係の理解,小学校算数の四則計算・数量関係,中1入学時平均を0、中3卒業時平均を300とする運用尺度で、学年内の学習順、問題レベル、問題文の特徴から校正した暫定値。基礎・標準問題は300超えを目標にせず、発展・模試過去問で300超えを扱う前提です。,基礎：用語・公式・計算手順を1つずつ確認する単問中心。標準：複数条件や式変形を組み合わせ、見通しをもって処理する問題を入れる。
m-jh1-A-01-16b.txt,1-A-01-16,いろいろな計算－累乗が含まれる計算,累乗が含まれる計算,問題2,基礎レベル,22.3,±18.0,0.0144,数式処理・数量関係の理解,小学校算数の四則計算・数量関係,中1入学時平均を0、中3卒業時平均を300とする運用尺度で、学年内の学習順、問題レベル、問題文の特徴から校正した暫定値。基礎・標準問題は300超えを目標にせず、発展・模試過去問で300超えを扱う前提です。,基礎：用語・公式・計算手順を1つずつ確認する単問中心。標準：複数条件や式変形を組み合わせ、見通しをもって処理する問題を入れる。
m-jh1-A-01-16b.txt,1-A-01-16,いろいろな計算－累乗が含まれる計算,累乗が含まれる計算,問題3,基礎レベル,25.3,±18.0,0.0148,数式処理・数量関係の理解,小学校算数の四則計算・数量関係,中1入学時平均を0、中3卒業時平均を300とする運用尺度で、学年内の学習順、問題レベル、問題文の特徴から校正した暫定値。基礎・標準問題は300超えを目標にせず、発展・模試過去問で300超えを扱う前提です。,基礎：用語・公式・計算手順を1つずつ確認する単問中心。標準：複数条件や式変形を組み合わせ、見通しをもって処理する問題を入れる。
m-jh1-A-01-16b.txt,1-A-01-16,いろいろな計算－累乗が含まれる計算,累乗が含まれる計算,問題4,基礎レベル,28.3,±18.0,0.0152,数式処理・数量関係の理解,小学校算数の四則計算・数量関係,中1入学時平均を0、中3卒業時平均を300とする運用尺度で、学年内の学習順、問題レベル、問題文の特徴から校正した暫定値。基礎・標準問題は300超えを目標にせず、発展・模試過去問で300超えを扱う前提です。,基礎：用語・公式・計算手順を1つずつ確認する単問中心。標準：複数条件や式変形を組み合わせ、見通しをもって処理する問題を入れる。
m-jh1-A-01-16s.txt,1-A-01-16,いろいろな計算－累乗が含まれる計算,累乗が含まれる計算,問題1,標準レベル,35.8,±20.0,0.0158,数式処理・数量関係の理解,小学校算数の四則計算・数量関係,中1入学時平均を0、中3卒業時平均を300とする運用尺度で、学年内の学習順、問題レベル、問題文の特徴から校正した暫定値。基礎・標準問題は300超えを目標にせず、発展・模試過去問で300超えを扱う前提です。,基礎：用語・公式・計算手順を1つずつ確認する単問中心。標準：複数条件や式変形を組み合わせ、見通しをもって処理する問題を入れる。
m-jh1-A-01-16s.txt,1-A-01-16,いろいろな計算－累乗が含まれる計算,累乗が含まれる計算,問題2,標準レベル,38.8,±20.0,0.0162,数式処理・数量関係の理解,小学校算数の四則計算・数量関係,中1入学時平均を0、中3卒業時平均を300とする運用尺度で、学年内の学習順、問題レベル、問題文の特徴から校正した暫定値。基礎・標準問題は300超えを目標にせず、発展・模試過去問で300超えを扱う前提です。,基礎：用語・公式・計算手順を1つずつ確認する単問中心。標準：複数条件や式変形を組み合わせ、見通しをもって処理する問題を入れる。
m-jh1-A-01-16s.txt,1-A-01-16,いろいろな計算－累乗が含まれる計算,累乗が含まれる計算,問題3,標準レベル,41.8,±20.0,0.0166,数式処理・数量関係の理解,小学校算数の四則計算・数量関係,中1入学時平均を0、中3卒業時平均を300とする運用尺度で、学年内の学習順、問題レベル、問題文の特徴から校正した暫定値。基礎・標準問題は300超えを目標にせず、発展・模試過去問で300超えを扱う前提です。,基礎：用語・公式・計算手順を1つずつ確認する単問中心。標準：複数条件や式変形を組み合わせ、見通しをもって処理する問題を入れる。
m-jh1-A-01-16s.txt,1-A-01-16,いろいろな計算－累乗が含まれる計算,累乗が含まれる計算,問題4,標準レベル,44.8,±20.0,0.0170,数式処理・数量関係の理解,小学校算数の四則計算・数量関係,中1入学時平均を0、中3卒業時平均を300とする運用尺度で、学年内の学習順、問題レベル、問題文の特徴から校正した暫定値。基礎・標準問題は300超えを目標にせず、発展・模試過去問で300超えを扱う前提です。,基礎：用語・公式・計算手順を1つずつ確認する単問中心。標準：複数条件や式変形を組み合わせ、見通しをもって処理する問題を入れる。
m-jh1-A-01-16s.txt,1-A-01-16,いろいろな計算－累乗が含まれる計算,累乗が含まれる計算,問題5,標準レベル,47.8,±20.0,0.0170,数式処理・数量関係の理解,小学校算数の四則計算・数量関係,中1入学時平均を0、中3卒業時平均を300とする運用尺度で、学年内の学習順、問題レベル、問題文の特徴から校正した暫定値。基礎・標準問題は300超えを目標にせず、発展・模試過去問で300超えを扱う前提です。,基礎：用語・公式・計算手順を1つずつ確認する単問中心。標準：複数条件や式変形を組み合わせ、見通しをもって処理する問題を入れる。
m-jh1-A-01-17b.txt,1-A-01-17,いろいろな計算－分配法則を利用した計算,分配法則を利用した計算,問題1,基礎レベル,20.4,±18.0,0.0140,数式処理・数量関係の理解,小学校算数の四則計算・数量関係,中1入学時平均を0、中3卒業時平均を300とする運用尺度で、学年内の学習順、問題レベル、問題文の特徴から校正した暫定値。基礎・標準問題は300超えを目標にせず、発展・模試過去問で300超えを扱う前提です。,基礎：用語・公式・計算手順を1つずつ確認する単問中心。標準：複数条件や式変形を組み合わせ、見通しをもって処理する問題を入れる。
m-jh1-A-01-17b.txt,1-A-01-17,いろいろな計算－分配法則を利用した計算,分配法則を利用した計算,問題2,基礎レベル,23.4,±18.0,0.0144,数式処理・数量関係の理解,小学校算数の四則計算・数量関係,中1入学時平均を0、中3卒業時平均を300とする運用尺度で、学年内の学習順、問題レベル、問題文の特徴から校正した暫定値。基礎・標準問題は300超えを目標にせず、発展・模試過去問で300超えを扱う前提です。,基礎：用語・公式・計算手順を1つずつ確認する単問中心。標準：複数条件や式変形を組み合わせ、見通しをもって処理する問題を入れる。
m-jh1-A-01-17b.txt,1-A-01-17,いろいろな計算－分配法則を利用した計算,分配法則を利用した計算,問題3,基礎レベル,26.4,±18.0,0.0148,数式処理・数量関係の理解,小学校算数の四則計算・数量関係,中1入学時平均を0、中3卒業時平均を300とする運用尺度で、学年内の学習順、問題レベル、問題文の特徴から校正した暫定値。基礎・標準問題は300超えを目標にせず、発展・模試過去問で300超えを扱う前提です。,基礎：用語・公式・計算手順を1つずつ確認する単問中心。標準：複数条件や式変形を組み合わせ、見通しをもって処理する問題を入れる。
m-jh1-A-01-17b.txt,1-A-01-17,いろいろな計算－分配法則を利用した計算,分配法則を利用した計算,問題4,基礎レベル,29.4,±18.0,0.0152,数式処理・数量関係の理解,小学校算数の四則計算・数量関係,中1入学時平均を0、中3卒業時平均を300とする運用尺度で、学年内の学習順、問題レベル、問題文の特徴から校正した暫定値。基礎・標準問題は300超えを目標にせず、発展・模試過去問で300超えを扱う前提です。,基礎：用語・公式・計算手順を1つずつ確認する単問中心。標準：複数条件や式変形を組み合わせ、見通しをもって処理する問題を入れる。
m-jh1-A-01-17s.txt,1-A-01-17,いろいろな計算－分配法則を利用した計算,分配法則を利用した計算,問題1,標準レベル,37.0,±20.0,0.0158,数式処理・数量関係の理解,小学校算数の四則計算・数量関係,中1入学時平均を0、中3卒業時平均を300とする運用尺度で、学年内の学習順、問題レベル、問題文の特徴から校正した暫定値。基礎・標準問題は300超えを目標にせず、発展・模試過去問で300超えを扱う前提です。,基礎：用語・公式・計算手順を1つずつ確認する単問中心。標準：複数条件や式変形を組み合わせ、見通しをもって処理する問題を入れる。
m-jh1-A-01-17s.txt,1-A-01-17,いろいろな計算－分配法則を利用した計算,分配法則を利用した計算,問題2,標準レベル,40.0,±20.0,0.0162,数式処理・数量関係の理解,小学校算数の四則計算・数量関係,中1入学時平均を0、中3卒業時平均を300とする運用尺度で、学年内の学習順、問題レベル、問題文の特徴から校正した暫定値。基礎・標準問題は300超えを目標にせず、発展・模試過去問で300超えを扱う前提です。,基礎：用語・公式・計算手順を1つずつ確認する単問中心。標準：複数条件や式変形を組み合わせ、見通しをもって処理する問題を入れる。
m-jh1-A-01-17s.txt,1-A-01-17,いろいろな計算－分配法則を利用した計算,分配法則を利用した計算,問題3,標準レベル,43.0,±20.0,0.0166,数式処理・数量関係の理解,小学校算数の四則計算・数量関係,中1入学時平均を0、中3卒業時平均を300とする運用尺度で、学年内の学習順、問題レベル、問題文の特徴から校正した暫定値。基礎・標準問題は300超えを目標にせず、発展・模試過去問で300超えを扱う前提です。,基礎：用語・公式・計算手順を1つずつ確認する単問中心。標準：複数条件や式変形を組み合わせ、見通しをもって処理する問題を入れる。
m-jh1-A-01-17s.txt,1-A-01-17,いろいろな計算－分配法則を利用した計算,分配法則を利用した計算,問題4,標準レベル,46.0,±20.0,0.0170,数式処理・数量関係の理解,小学校算数の四則計算・数量関係,中1入学時平均を0、中3卒業時平均を300とする運用尺度で、学年内の学習順、問題レベル、問題文の特徴から校正した暫定値。基礎・標準問題は300超えを目標にせず、発展・模試過去問で300超えを扱う前提です。,基礎：用語・公式・計算手順を1つずつ確認する単問中心。標準：複数条件や式変形を組み合わせ、見通しをもって処理する問題を入れる。
m-jh1-A-01-17s.txt,1-A-01-17,いろいろな計算－分配法則を利用した計算,分配法則を利用した計算,問題5,標準レベル,49.0,±20.0,0.0170,数式処理・数量関係の理解,小学校算数の四則計算・数量関係,中1入学時平均を0、中3卒業時平均を300とする運用尺度で、学年内の学習順、問題レベル、問題文の特徴から校正した暫定値。基礎・標準問題は300超えを目標にせず、発展・模試過去問で300超えを扱う前提です。,基礎：用語・公式・計算手順を1つずつ確認する単問中心。標準：複数条件や式変形を組み合わせ、見通しをもって処理する問題を入れる。
m-jh1-A-01-17s.txt,1-A-01-17,いろいろな計算－分配法則を利用した計算,分配法則を利用した計算,問題6,標準レベル,52.0,±20.0,0.0170,数式処理・数量関係の理解,小学校算数の四則計算・数量関係,中1入学時平均を0、中3卒業時平均を300とする運用尺度で、学年内の学習順、問題レベル、問題文の特徴から校正した暫定値。基礎・標準問題は300超えを目標にせず、発展・模試過去問で300超えを扱う前提です。,基礎：用語・公式・計算手順を1つずつ確認する単問中心。標準：複数条件や式変形を組み合わせ、見通しをもって処理する問題を入れる。
m-jh1-A-01-18b.txt,1-A-01-18,いろいろな計算－数の集合（数＞整数＞自然数）,数の集合（数＞整数＞自然数）,問題1,基礎レベル,21.5,±18.0,0.0140,数式処理・数量関係の理解,小学校算数の四則計算・数量関係,中1入学時平均を0、中3卒業時平均を300とする運用尺度で、学年内の学習順、問題レベル、問題文の特徴から校正した暫定値。基礎・標準問題は300超えを目標にせず、発展・模試過去問で300超えを扱う前提です。,基礎：用語・公式・計算手順を1つずつ確認する単問中心。標準：複数条件や式変形を組み合わせ、見通しをもって処理する問題を入れる。
m-jh1-A-01-18b.txt,1-A-01-18,いろいろな計算－数の集合（数＞整数＞自然数）,数の集合（数＞整数＞自然数）,問題2,基礎レベル,24.5,±18.0,0.0144,数式処理・数量関係の理解,小学校算数の四則計算・数量関係,中1入学時平均を0、中3卒業時平均を300とする運用尺度で、学年内の学習順、問題レベル、問題文の特徴から校正した暫定値。基礎・標準問題は300超えを目標にせず、発展・模試過去問で300超えを扱う前提です。,基礎：用語・公式・計算手順を1つずつ確認する単問中心。標準：複数条件や式変形を組み合わせ、見通しをもって処理する問題を入れる。
m-jh1-A-01-18b.txt,1-A-01-18,いろいろな計算－数の集合（数＞整数＞自然数）,数の集合（数＞整数＞自然数）,問題3,基礎レベル,27.5,±18.0,0.0148,数式処理・数量関係の理解,小学校算数の四則計算・数量関係,中1入学時平均を0、中3卒業時平均を300とする運用尺度で、学年内の学習順、問題レベル、問題文の特徴から校正した暫定値。基礎・標準問題は300超えを目標にせず、発展・模試過去問で300超えを扱う前提です。,基礎：用語・公式・計算手順を1つずつ確認する単問中心。標準：複数条件や式変形を組み合わせ、見通しをもって処理する問題を入れる。
m-jh1-A-01-18b.txt,1-A-01-18,いろいろな計算－数の集合（数＞整数＞自然数）,数の集合（数＞整数＞自然数）,問題4,基礎レベル,30.5,±18.0,0.0152,数式処理・数量関係の理解,小学校算数の四則計算・数量関係,中1入学時平均を0、中3卒業時平均を300とする運用尺度で、学年内の学習順、問題レベル、問題文の特徴から校正した暫定値。基礎・標準問題は300超えを目標にせず、発展・模試過去問で300超えを扱う前提です。,基礎：用語・公式・計算手順を1つずつ確認する単問中心。標準：複数条件や式変形を組み合わせ、見通しをもって処理する問題を入れる。
m-jh1-A-01-18b.txt,1-A-01-18,いろいろな計算－数の集合（数＞整数＞自然数）,数の集合（数＞整数＞自然数）,問題5,基礎レベル,33.5,±18.0,0.0152,数式処理・数量関係の理解,小学校算数の四則計算・数量関係,中1入学時平均を0、中3卒業時平均を300とする運用尺度で、学年内の学習順、問題レベル、問題文の特徴から校正した暫定値。基礎・標準問題は300超えを目標にせず、発展・模試過去問で300超えを扱う前提です。,基礎：用語・公式・計算手順を1つずつ確認する単問中心。標準：複数条件や式変形を組み合わせ、見通しをもって処理する問題を入れる。
m-jh1-A-01-18b.txt,1-A-01-18,いろいろな計算－数の集合（数＞整数＞自然数）,数の集合（数＞整数＞自然数）,問題6,基礎レベル,36.5,±18.0,0.0152,数式処理・数量関係の理解,小学校算数の四則計算・数量関係,中1入学時平均を0、中3卒業時平均を300とする運用尺度で、学年内の学習順、問題レベル、問題文の特徴から校正した暫定値。基礎・標準問題は300超えを目標にせず、発展・模試過去問で300超えを扱う前提です。,基礎：用語・公式・計算手順を1つずつ確認する単問中心。標準：複数条件や式変形を組み合わせ、見通しをもって処理する問題を入れる。
m-jh1-A-01-18b.txt,1-A-01-18,いろいろな計算－数の集合（数＞整数＞自然数）,数の集合（数＞整数＞自然数）,問題7,基礎レベル,39.5,±18.0,0.0152,数式処理・数量関係の理解,小学校算数の四則計算・数量関係,中1入学時平均を0、中3卒業時平均を300とする運用尺度で、学年内の学習順、問題レベル、問題文の特徴から校正した暫定値。基礎・標準問題は300超えを目標にせず、発展・模試過去問で300超えを扱う前提です。,基礎：用語・公式・計算手順を1つずつ確認する単問中心。標準：複数条件や式変形を組み合わせ、見通しをもって処理する問題を入れる。
m-jh1-A-01-18b.txt,1-A-01-18,いろいろな計算－数の集合（数＞整数＞自然数）,数の集合（数＞整数＞自然数）,問題8,基礎レベル,42.5,±18.0,0.0152,数式処理・数量関係の理解,小学校算数の四則計算・数量関係,中1入学時平均を0、中3卒業時平均を300とする運用尺度で、学年内の学習順、問題レベル、問題文の特徴から校正した暫定値。基礎・標準問題は300超えを目標にせず、発展・模試過去問で300超えを扱う前提です。,基礎：用語・公式・計算手順を1つずつ確認する単問中心。標準：複数条件や式変形を組み合わせ、見通しをもって処理する問題を入れる。
m-jh1-A-01-19b.txt,1-A-01-19,いろいろな計算－正の数・負の数の利用（表問題）,正の数・負の数の利用（表問題）,問題1,基礎レベル,22.1,±18.0,0.0140,数式処理・数量関係の理解,小学校算数の四則計算・数量関係,中1入学時平均を0、中3卒業時平均を300とする運用尺度で、学年内の学習順、問題レベル、問題文の特徴から校正した暫定値。基礎・標準問題は300超えを目標にせず、発展・模試過去問で300超えを扱う前提です。,基礎：用語・公式・計算手順を1つずつ確認する単問中心。標準：複数条件や式変形を組み合わせ、見通しをもって処理する問題を入れる。
m-jh1-A-01-19b.txt,1-A-01-19,いろいろな計算－正の数・負の数の利用（表問題）,正の数・負の数の利用（表問題）,問題2,基礎レベル,25.1,±18.0,0.0144,数式処理・数量関係の理解,小学校算数の四則計算・数量関係,中1入学時平均を0、中3卒業時平均を300とする運用尺度で、学年内の学習順、問題レベル、問題文の特徴から校正した暫定値。基礎・標準問題は300超えを目標にせず、発展・模試過去問で300超えを扱う前提です。,基礎：用語・公式・計算手順を1つずつ確認する単問中心。標準：複数条件や式変形を組み合わせ、見通しをもって処理する問題を入れる。
m-jh1-A-01-19b.txt,1-A-01-19,いろいろな計算－正の数・負の数の利用（表問題）,正の数・負の数の利用（表問題）,問題3,基礎レベル,28.1,±18.0,0.0148,数式処理・数量関係の理解,小学校算数の四則計算・数量関係,中1入学時平均を0、中3卒業時平均を300とする運用尺度で、学年内の学習順、問題レベル、問題文の特徴から校正した暫定値。基礎・標準問題は300超えを目標にせず、発展・模試過去問で300超えを扱う前提です。,基礎：用語・公式・計算手順を1つずつ確認する単問中心。標準：複数条件や式変形を組み合わせ、見通しをもって処理する問題を入れる。
m-jh1-A-01-19s.txt,1-A-01-19,いろいろな計算－正の数・負の数の利用（表問題）,正の数・負の数の利用（表問題）,問題1,標準レベル,38.7,±20.0,0.0158,数式処理・数量関係の理解,小学校算数の四則計算・数量関係,中1入学時平均を0、中3卒業時平均を300とする運用尺度で、学年内の学習順、問題レベル、問題文の特徴から校正した暫定値。基礎・標準問題は300超えを目標にせず、発展・模試過去問で300超えを扱う前提です。,基礎：用語・公式・計算手順を1つずつ確認する単問中心。標準：複数条件や式変形を組み合わせ、見通しをもって処理する問題を入れる。
m-jh1-A-01-19s.txt,1-A-01-19,いろいろな計算－正の数・負の数の利用（表問題）,正の数・負の数の利用（表問題）,問題2,標準レベル,41.7,±20.0,0.0162,数式処理・数量関係の理解,小学校算数の四則計算・数量関係,中1入学時平均を0、中3卒業時平均を300とする運用尺度で、学年内の学習順、問題レベル、問題文の特徴から校正した暫定値。基礎・標準問題は300超えを目標にせず、発展・模試過去問で300超えを扱う前提です。,基礎：用語・公式・計算手順を1つずつ確認する単問中心。標準：複数条件や式変形を組み合わせ、見通しをもって処理する問題を入れる。
m-jh1-A-01-19s.txt,1-A-01-19,いろいろな計算－正の数・負の数の利用（表問題）,正の数・負の数の利用（表問題）,問題3,標準レベル,44.7,±20.0,0.0166,数式処理・数量関係の理解,小学校算数の四則計算・数量関係,中1入学時平均を0、中3卒業時平均を300とする運用尺度で、学年内の学習順、問題レベル、問題文の特徴から校正した暫定値。基礎・標準問題は300超えを目標にせず、発展・模試過去問で300超えを扱う前提です。,基礎：用語・公式・計算手順を1つずつ確認する単問中心。標準：複数条件や式変形を組み合わせ、見通しをもって処理する問題を入れる。
m-jh1-A-01-20b.txt,1-A-01-20,いろいろな計算－素数と素因数分解,素数と素因数分解,問題1,基礎レベル,23.2,±18.0,0.0140,数式処理・数量関係の理解,小学校算数の四則計算・数量関係,中1入学時平均を0、中3卒業時平均を300とする運用尺度で、学年内の学習順、問題レベル、問題文の特徴から校正した暫定値。基礎・標準問題は300超えを目標にせず、発展・模試過去問で300超えを扱う前提です。,基礎：用語・公式・計算手順を1つずつ確認する単問中心。標準：複数条件や式変形を組み合わせ、見通しをもって処理する問題を入れる。
m-jh1-A-01-20b.txt,1-A-01-20,いろいろな計算－素数と素因数分解,素数と素因数分解,問題2,基礎レベル,26.2,±18.0,0.0144,数式処理・数量関係の理解,小学校算数の四則計算・数量関係,中1入学時平均を0、中3卒業時平均を300とする運用尺度で、学年内の学習順、問題レベル、問題文の特徴から校正した暫定値。基礎・標準問題は300超えを目標にせず、発展・模試過去問で300超えを扱う前提です。,基礎：用語・公式・計算手順を1つずつ確認する単問中心。標準：複数条件や式変形を組み合わせ、見通しをもって処理する問題を入れる。
m-jh1-A-01-20b.txt,1-A-01-20,いろいろな計算－素数と素因数分解,素数と素因数分解,問題3,基礎レベル,29.2,±18.0,0.0148,数式処理・数量関係の理解,小学校算数の四則計算・数量関係,中1入学時平均を0、中3卒業時平均を300とする運用尺度で、学年内の学習順、問題レベル、問題文の特徴から校正した暫定値。基礎・標準問題は300超えを目標にせず、発展・模試過去問で300超えを扱う前提です。,基礎：用語・公式・計算手順を1つずつ確認する単問中心。標準：複数条件や式変形を組み合わせ、見通しをもって処理する問題を入れる。
m-jh1-A-01-20b.txt,1-A-01-20,いろいろな計算－素数と素因数分解,素数と素因数分解,問題4,基礎レベル,32.2,±18.0,0.0152,数式処理・数量関係の理解,小学校算数の四則計算・数量関係,中1入学時平均を0、中3卒業時平均を300とする運用尺度で、学年内の学習順、問題レベル、問題文の特徴から校正した暫定値。基礎・標準問題は300超えを目標にせず、発展・模試過去問で300超えを扱う前提です。,基礎：用語・公式・計算手順を1つずつ確認する単問中心。標準：複数条件や式変形を組み合わせ、見通しをもって処理する問題を入れる。
m-jh1-A-01-20b.txt,1-A-01-20,いろいろな計算－素数と素因数分解,素数と素因数分解,問題5,基礎レベル,35.2,±18.0,0.0152,数式処理・数量関係の理解,小学校算数の四則計算・数量関係,中1入学時平均を0、中3卒業時平均を300とする運用尺度で、学年内の学習順、問題レベル、問題文の特徴から校正した暫定値。基礎・標準問題は300超えを目標にせず、発展・模試過去問で300超えを扱う前提です。,基礎：用語・公式・計算手順を1つずつ確認する単問中心。標準：複数条件や式変形を組み合わせ、見通しをもって処理する問題を入れる。
m-jh1-A-01-20s.txt,1-A-01-20,いろいろな計算－素数と素因数分解,素数と素因数分解,問題1,標準レベル,39.8,±20.0,0.0158,数式処理・数量関係の理解,小学校算数の四則計算・数量関係,中1入学時平均を0、中3卒業時平均を300とする運用尺度で、学年内の学習順、問題レベル、問題文の特徴から校正した暫定値。基礎・標準問題は300超えを目標にせず、発展・模試過去問で300超えを扱う前提です。,基礎：用語・公式・計算手順を1つずつ確認する単問中心。標準：複数条件や式変形を組み合わせ、見通しをもって処理する問題を入れる。
m-jh1-A-01-20s.txt,1-A-01-20,いろいろな計算－素数と素因数分解,素数と素因数分解,問題2,標準レベル,42.8,±20.0,0.0162,数式処理・数量関係の理解,小学校算数の四則計算・数量関係,中1入学時平均を0、中3卒業時平均を300とする運用尺度で、学年内の学習順、問題レベル、問題文の特徴から校正した暫定値。基礎・標準問題は300超えを目標にせず、発展・模試過去問で300超えを扱う前提です。,基礎：用語・公式・計算手順を1つずつ確認する単問中心。標準：複数条件や式変形を組み合わせ、見通しをもって処理する問題を入れる。
m-jh1-A-01-20s.txt,1-A-01-20,いろいろな計算－素数と素因数分解,素数と素因数分解,問題3,標準レベル,45.8,±20.0,0.0166,数式処理・数量関係の理解,小学校算数の四則計算・数量関係,中1入学時平均を0、中3卒業時平均を300とする運用尺度で、学年内の学習順、問題レベル、問題文の特徴から校正した暫定値。基礎・標準問題は300超えを目標にせず、発展・模試過去問で300超えを扱う前提です。,基礎：用語・公式・計算手順を1つずつ確認する単問中心。標準：複数条件や式変形を組み合わせ、見通しをもって処理する問題を入れる。
m-jh1-A-01-21b.txt,1-A-01-21,いろいろな計算－素因数分解の利用,素因数分解の利用,問題1,基礎レベル,24.3,±18.0,0.0140,数式処理・数量関係の理解,小学校算数の四則計算・数量関係,中1入学時平均を0、中3卒業時平均を300とする運用尺度で、学年内の学習順、問題レベル、問題文の特徴から校正した暫定値。基礎・標準問題は300超えを目標にせず、発展・模試過去問で300超えを扱う前提です。,基礎：用語・公式・計算手順を1つずつ確認する単問中心。標準：複数条件や式変形を組み合わせ、見通しをもって処理する問題を入れる。
m-jh1-A-01-21b.txt,1-A-01-21,いろいろな計算－素因数分解の利用,素因数分解の利用,問題2,基礎レベル,27.3,±18.0,0.0144,数式処理・数量関係の理解,小学校算数の四則計算・数量関係,中1入学時平均を0、中3卒業時平均を300とする運用尺度で、学年内の学習順、問題レベル、問題文の特徴から校正した暫定値。基礎・標準問題は300超えを目標にせず、発展・模試過去問で300超えを扱う前提です。,基礎：用語・公式・計算手順を1つずつ確認する単問中心。標準：複数条件や式変形を組み合わせ、見通しをもって処理する問題を入れる。
m-jh1-A-01-21b.txt,1-A-01-21,いろいろな計算－素因数分解の利用,素因数分解の利用,問題3,基礎レベル,30.3,±18.0,0.0148,数式処理・数量関係の理解,小学校算数の四則計算・数量関係,中1入学時平均を0、中3卒業時平均を300とする運用尺度で、学年内の学習順、問題レベル、問題文の特徴から校正した暫定値。基礎・標準問題は300超えを目標にせず、発展・模試過去問で300超えを扱う前提です。,基礎：用語・公式・計算手順を1つずつ確認する単問中心。標準：複数条件や式変形を組み合わせ、見通しをもって処理する問題を入れる。
m-jh1-A-01-21s.txt,1-A-01-21,いろいろな計算－素因数分解の利用,素因数分解の利用,問題1,標準レベル,40.9,±20.0,0.0158,数式処理・数量関係の理解,小学校算数の四則計算・数量関係,中1入学時平均を0、中3卒業時平均を300とする運用尺度で、学年内の学習順、問題レベル、問題文の特徴から校正した暫定値。基礎・標準問題は300超えを目標にせず、発展・模試過去問で300超えを扱う前提です。,基礎：用語・公式・計算手順を1つずつ確認する単問中心。標準：複数条件や式変形を組み合わせ、見通しをもって処理する問題を入れる。
m-jh1-A-01-21s.txt,1-A-01-21,いろいろな計算－素因数分解の利用,素因数分解の利用,問題2,標準レベル,43.9,±20.0,0.0162,数式処理・数量関係の理解,小学校算数の四則計算・数量関係,中1入学時平均を0、中3卒業時平均を300とする運用尺度で、学年内の学習順、問題レベル、問題文の特徴から校正した暫定値。基礎・標準問題は300超えを目標にせず、発展・模試過去問で300超えを扱う前提です。,基礎：用語・公式・計算手順を1つずつ確認する単問中心。標準：複数条件や式変形を組み合わせ、見通しをもって処理する問題を入れる。
m-jh1-A-01-21s.txt,1-A-01-21,いろいろな計算－素因数分解の利用,素因数分解の利用,問題3,標準レベル,46.9,±20.0,0.0166,数式処理・数量関係の理解,小学校算数の四則計算・数量関係,中1入学時平均を0、中3卒業時平均を300とする運用尺度で、学年内の学習順、問題レベル、問題文の特徴から校正した暫定値。基礎・標準問題は300超えを目標にせず、発展・模試過去問で300超えを扱う前提です。,基礎：用語・公式・計算手順を1つずつ確認する単問中心。標準：複数条件や式変形を組み合わせ、見通しをもって処理する問題を入れる。
m-jh1-A-02-01b.txt,1-A-02-01,文字と式－文字を使った式,文字を使った式,問題1,基礎レベル,25.5,±18.0,0.0140,数式処理・数量関係の理解,小学校算数の四則計算・数量関係,中1入学時平均を0、中3卒業時平均を300とする運用尺度で、学年内の学習順、問題レベル、問題文の特徴から校正した暫定値。基礎・標準問題は300超えを目標にせず、発展・模試過去問で300超えを扱う前提です。,基礎：用語・公式・計算手順を1つずつ確認する単問中心。標準：複数条件や式変形を組み合わせ、見通しをもって処理する問題を入れる。
m-jh1-A-02-01b.txt,1-A-02-01,文字と式－文字を使った式,文字を使った式,問題2,基礎レベル,28.5,±18.0,0.0144,数式処理・数量関係の理解,小学校算数の四則計算・数量関係,中1入学時平均を0、中3卒業時平均を300とする運用尺度で、学年内の学習順、問題レベル、問題文の特徴から校正した暫定値。基礎・標準問題は300超えを目標にせず、発展・模試過去問で300超えを扱う前提です。,基礎：用語・公式・計算手順を1つずつ確認する単問中心。標準：複数条件や式変形を組み合わせ、見通しをもって処理する問題を入れる。
m-jh1-A-02-01b.txt,1-A-02-01,文字と式－文字を使った式,文字を使った式,問題3,基礎レベル,31.5,±18.0,0.0148,数式処理・数量関係の理解,小学校算数の四則計算・数量関係,中1入学時平均を0、中3卒業時平均を300とする運用尺度で、学年内の学習順、問題レベル、問題文の特徴から校正した暫定値。基礎・標準問題は300超えを目標にせず、発展・模試過去問で300超えを扱う前提です。,基礎：用語・公式・計算手順を1つずつ確認する単問中心。標準：複数条件や式変形を組み合わせ、見通しをもって処理する問題を入れる。
m-jh1-A-02-01b.txt,1-A-02-01,文字と式－文字を使った式,文字を使った式,問題4,基礎レベル,34.5,±18.0,0.0152,数式処理・数量関係の理解,小学校算数の四則計算・数量関係,中1入学時平均を0、中3卒業時平均を300とする運用尺度で、学年内の学習順、問題レベル、問題文の特徴から校正した暫定値。基礎・標準問題は300超えを目標にせず、発展・模試過去問で300超えを扱う前提です。,基礎：用語・公式・計算手順を1つずつ確認する単問中心。標準：複数条件や式変形を組み合わせ、見通しをもって処理する問題を入れる。
m-jh1-A-02-01b.txt,1-A-02-01,文字と式－文字を使った式,文字を使った式,問題5,基礎レベル,37.5,±18.0,0.0152,数式処理・数量関係の理解,小学校算数の四則計算・数量関係,中1入学時平均を0、中3卒業時平均を300とする運用尺度で、学年内の学習順、問題レベル、問題文の特徴から校正した暫定値。基礎・標準問題は300超えを目標にせず、発展・模試過去問で300超えを扱う前提です。,基礎：用語・公式・計算手順を1つずつ確認する単問中心。標準：複数条件や式変形を組み合わせ、見通しをもって処理する問題を入れる。
m-jh1-A-02-01b.txt,1-A-02-01,文字と式－文字を使った式,文字を使った式,問題6,基礎レベル,40.5,±18.0,0.0152,数式処理・数量関係の理解,小学校算数の四則計算・数量関係,中1入学時平均を0、中3卒業時平均を300とする運用尺度で、学年内の学習順、問題レベル、問題文の特徴から校正した暫定値。基礎・標準問題は300超えを目標にせず、発展・模試過去問で300超えを扱う前提です。,基礎：用語・公式・計算手順を1つずつ確認する単問中心。標準：複数条件や式変形を組み合わせ、見通しをもって処理する問題を入れる。
m-jh1-A-02-01s.txt,1-A-02-01,文字と式－文字を使った式,文字を使った式,問題1,標準レベル,42.0,±20.0,0.0158,数式処理・数量関係の理解,小学校算数の四則計算・数量関係,中1入学時平均を0、中3卒業時平均を300とする運用尺度で、学年内の学習順、問題レベル、問題文の特徴から校正した暫定値。基礎・標準問題は300超えを目標にせず、発展・模試過去問で300超えを扱う前提です。,基礎：用語・公式・計算手順を1つずつ確認する単問中心。標準：複数条件や式変形を組み合わせ、見通しをもって処理する問題を入れる。
m-jh1-A-02-01s.txt,1-A-02-01,文字と式－文字を使った式,文字を使った式,問題2,標準レベル,45.0,±20.0,0.0162,数式処理・数量関係の理解,小学校算数の四則計算・数量関係,中1入学時平均を0、中3卒業時平均を300とする運用尺度で、学年内の学習順、問題レベル、問題文の特徴から校正した暫定値。基礎・標準問題は300超えを目標にせず、発展・模試過去問で300超えを扱う前提です。,基礎：用語・公式・計算手順を1つずつ確認する単問中心。標準：複数条件や式変形を組み合わせ、見通しをもって処理する問題を入れる。
m-jh1-A-02-01s.txt,1-A-02-01,文字と式－文字を使った式,文字を使った式,問題3,標準レベル,48.0,±20.0,0.0166,数式処理・数量関係の理解,小学校算数の四則計算・数量関係,中1入学時平均を0、中3卒業時平均を300とする運用尺度で、学年内の学習順、問題レベル、問題文の特徴から校正した暫定値。基礎・標準問題は300超えを目標にせず、発展・模試過去問で300超えを扱う前提です。,基礎：用語・公式・計算手順を1つずつ確認する単問中心。標準：複数条件や式変形を組み合わせ、見通しをもって処理する問題を入れる。
m-jh1-A-02-02b.txt,1-A-02-02,文字と式－文字式の表し方,文字式の表し方,問題1,基礎レベル,26.6,±18.0,0.0140,数式処理・数量関係の理解,小学校算数の四則計算・数量関係,中1入学時平均を0、中3卒業時平均を300とする運用尺度で、学年内の学習順、問題レベル、問題文の特徴から校正した暫定値。基礎・標準問題は300超えを目標にせず、発展・模試過去問で300超えを扱う前提です。,基礎：用語・公式・計算手順を1つずつ確認する単問中心。標準：複数条件や式変形を組み合わせ、見通しをもって処理する問題を入れる。
m-jh1-A-02-02b.txt,1-A-02-02,文字と式－文字式の表し方,文字式の表し方,問題2,基礎レベル,29.6,±18.0,0.0144,数式処理・数量関係の理解,小学校算数の四則計算・数量関係,中1入学時平均を0、中3卒業時平均を300とする運用尺度で、学年内の学習順、問題レベル、問題文の特徴から校正した暫定値。基礎・標準問題は300超えを目標にせず、発展・模試過去問で300超えを扱う前提です。,基礎：用語・公式・計算手順を1つずつ確認する単問中心。標準：複数条件や式変形を組み合わせ、見通しをもって処理する問題を入れる。
m-jh1-A-02-02b.txt,1-A-02-02,文字と式－文字式の表し方,文字式の表し方,問題3,基礎レベル,32.6,±18.0,0.0148,数式処理・数量関係の理解,小学校算数の四則計算・数量関係,中1入学時平均を0、中3卒業時平均を300とする運用尺度で、学年内の学習順、問題レベル、問題文の特徴から校正した暫定値。基礎・標準問題は300超えを目標にせず、発展・模試過去問で300超えを扱う前提です。,基礎：用語・公式・計算手順を1つずつ確認する単問中心。標準：複数条件や式変形を組み合わせ、見通しをもって処理する問題を入れる。
m-jh1-A-02-02b.txt,1-A-02-02,文字と式－文字式の表し方,文字式の表し方,問題4,基礎レベル,35.6,±18.0,0.0152,数式処理・数量関係の理解,小学校算数の四則計算・数量関係,中1入学時平均を0、中3卒業時平均を300とする運用尺度で、学年内の学習順、問題レベル、問題文の特徴から校正した暫定値。基礎・標準問題は300超えを目標にせず、発展・模試過去問で300超えを扱う前提です。,基礎：用語・公式・計算手順を1つずつ確認する単問中心。標準：複数条件や式変形を組み合わせ、見通しをもって処理する問題を入れる。
m-jh1-A-02-02b.txt,1-A-02-02,文字と式－文字式の表し方,文字式の表し方,問題5,基礎レベル,38.6,±18.0,0.0152,数式処理・数量関係の理解,小学校算数の四則計算・数量関係,中1入学時平均を0、中3卒業時平均を300とする運用尺度で、学年内の学習順、問題レベル、問題文の特徴から校正した暫定値。基礎・標準問題は300超えを目標にせず、発展・模試過去問で300超えを扱う前提です。,基礎：用語・公式・計算手順を1つずつ確認する単問中心。標準：複数条件や式変形を組み合わせ、見通しをもって処理する問題を入れる。
m-jh1-A-02-02b.txt,1-A-02-02,文字と式－文字式の表し方,文字式の表し方,問題6,基礎レベル,41.6,±18.0,0.0152,数式処理・数量関係の理解,小学校算数の四則計算・数量関係,中1入学時平均を0、中3卒業時平均を300とする運用尺度で、学年内の学習順、問題レベル、問題文の特徴から校正した暫定値。基礎・標準問題は300超えを目標にせず、発展・模試過去問で300超えを扱う前提です。,基礎：用語・公式・計算手順を1つずつ確認する単問中心。標準：複数条件や式変形を組み合わせ、見通しをもって処理する問題を入れる。
m-jh1-A-02-02b.txt,1-A-02-02,文字と式－文字式の表し方,文字式の表し方,問題7,基礎レベル,44.6,±18.0,0.0152,数式処理・数量関係の理解,小学校算数の四則計算・数量関係,中1入学時平均を0、中3卒業時平均を300とする運用尺度で、学年内の学習順、問題レベル、問題文の特徴から校正した暫定値。基礎・標準問題は300超えを目標にせず、発展・模試過去問で300超えを扱う前提です。,基礎：用語・公式・計算手順を1つずつ確認する単問中心。標準：複数条件や式変形を組み合わせ、見通しをもって処理する問題を入れる。
m-jh1-A-02-02b.txt,1-A-02-02,文字と式－文字式の表し方,文字式の表し方,問題8,基礎レベル,47.6,±18.0,0.0152,数式処理・数量関係の理解,小学校算数の四則計算・数量関係,中1入学時平均を0、中3卒業時平均を300とする運用尺度で、学年内の学習順、問題レベル、問題文の特徴から校正した暫定値。基礎・標準問題は300超えを目標にせず、発展・模試過去問で300超えを扱う前提です。,基礎：用語・公式・計算手順を1つずつ確認する単問中心。標準：複数条件や式変形を組み合わせ、見通しをもって処理する問題を入れる。
m-jh1-A-02-02b.txt,1-A-02-02,文字と式－文字式の表し方,文字式の表し方,問題9,基礎レベル,50.6,±18.0,0.0152,数式処理・数量関係の理解,小学校算数の四則計算・数量関係,中1入学時平均を0、中3卒業時平均を300とする運用尺度で、学年内の学習順、問題レベル、問題文の特徴から校正した暫定値。基礎・標準問題は300超えを目標にせず、発展・模試過去問で300超えを扱う前提です。,基礎：用語・公式・計算手順を1つずつ確認する単問中心。標準：複数条件や式変形を組み合わせ、見通しをもって処理する問題を入れる。
m-jh1-A-02-02b.txt,1-A-02-02,文字と式－文字式の表し方,文字式の表し方,問題10,基礎レベル,53.6,±18.0,0.0152,数式処理・数量関係の理解,小学校算数の四則計算・数量関係,中1入学時平均を0、中3卒業時平均を300とする運用尺度で、学年内の学習順、問題レベル、問題文の特徴から校正した暫定値。基礎・標準問題は300超えを目標にせず、発展・模試過去問で300超えを扱う前提です。,基礎：用語・公式・計算手順を1つずつ確認する単問中心。標準：複数条件や式変形を組み合わせ、見通しをもって処理する問題を入れる。
m-jh1-A-02-02b.txt,1-A-02-02,文字と式－文字式の表し方,文字式の表し方,問題11,基礎レベル,56.6,±18.0,0.0152,数式処理・数量関係の理解,小学校算数の四則計算・数量関係,中1入学時平均を0、中3卒業時平均を300とする運用尺度で、学年内の学習順、問題レベル、問題文の特徴から校正した暫定値。基礎・標準問題は300超えを目標にせず、発展・模試過去問で300超えを扱う前提です。,基礎：用語・公式・計算手順を1つずつ確認する単問中心。標準：複数条件や式変形を組み合わせ、見通しをもって処理する問題を入れる。
m-jh1-A-02-02b.txt,1-A-02-02,文字と式－文字式の表し方,文字式の表し方,問題12,基礎レベル,59.6,±18.0,0.0152,数式処理・数量関係の理解,小学校算数の四則計算・数量関係,中1入学時平均を0、中3卒業時平均を300とする運用尺度で、学年内の学習順、問題レベル、問題文の特徴から校正した暫定値。基礎・標準問題は300超えを目標にせず、発展・模試過去問で300超えを扱う前提です。,基礎：用語・公式・計算手順を1つずつ確認する単問中心。標準：複数条件や式変形を組み合わせ、見通しをもって処理する問題を入れる。
m-jh1-A-02-02b.txt,1-A-02-02,文字と式－文字式の表し方,文字式の表し方,問題13,基礎レベル,62.6,±18.0,0.0152,数式処理・数量関係の理解,小学校算数の四則計算・数量関係,中1入学時平均を0、中3卒業時平均を300とする運用尺度で、学年内の学習順、問題レベル、問題文の特徴から校正した暫定値。基礎・標準問題は300超えを目標にせず、発展・模試過去問で300超えを扱う前提です。,基礎：用語・公式・計算手順を1つずつ確認する単問中心。標準：複数条件や式変形を組み合わせ、見通しをもって処理する問題を入れる。
m-jh1-A-02-02s.txt,1-A-02-02,文字と式－文字式の表し方,文字式の表し方,問題1,標準レベル,43.2,±20.0,0.0158,数式処理・数量関係の理解,小学校算数の四則計算・数量関係,中1入学時平均を0、中3卒業時平均を300とする運用尺度で、学年内の学習順、問題レベル、問題文の特徴から校正した暫定値。基礎・標準問題は300超えを目標にせず、発展・模試過去問で300超えを扱う前提です。,基礎：用語・公式・計算手順を1つずつ確認する単問中心。標準：複数条件や式変形を組み合わせ、見通しをもって処理する問題を入れる。
m-jh1-A-02-02s.txt,1-A-02-02,文字と式－文字式の表し方,文字式の表し方,問題2,標準レベル,46.2,±20.0,0.0162,数式処理・数量関係の理解,小学校算数の四則計算・数量関係,中1入学時平均を0、中3卒業時平均を300とする運用尺度で、学年内の学習順、問題レベル、問題文の特徴から校正した暫定値。基礎・標準問題は300超えを目標にせず、発展・模試過去問で300超えを扱う前提です。,基礎：用語・公式・計算手順を1つずつ確認する単問中心。標準：複数条件や式変形を組み合わせ、見通しをもって処理する問題を入れる。
m-jh1-A-02-02s.txt,1-A-02-02,文字と式－文字式の表し方,文字式の表し方,問題3,標準レベル,49.2,±20.0,0.0166,数式処理・数量関係の理解,小学校算数の四則計算・数量関係,中1入学時平均を0、中3卒業時平均を300とする運用尺度で、学年内の学習順、問題レベル、問題文の特徴から校正した暫定値。基礎・標準問題は300超えを目標にせず、発展・模試過去問で300超えを扱う前提です。,基礎：用語・公式・計算手順を1つずつ確認する単問中心。標準：複数条件や式変形を組み合わせ、見通しをもって処理する問題を入れる。
m-jh1-A-02-03b.txt,1-A-02-03,文字と式－いろいろな数量と文字式,いろいろな数量と文字式,問題1,基礎レベル,27.7,±18.0,0.0140,数式処理・数量関係の理解,小学校算数の四則計算・数量関係,中1入学時平均を0、中3卒業時平均を300とする運用尺度で、学年内の学習順、問題レベル、問題文の特徴から校正した暫定値。基礎・標準問題は300超えを目標にせず、発展・模試過去問で300超えを扱う前提です。,基礎：用語・公式・計算手順を1つずつ確認する単問中心。標準：複数条件や式変形を組み合わせ、見通しをもって処理する問題を入れる。
m-jh1-A-02-03b.txt,1-A-02-03,文字と式－いろいろな数量と文字式,いろいろな数量と文字式,問題2,基礎レベル,30.7,±18.0,0.0144,数式処理・数量関係の理解,小学校算数の四則計算・数量関係,中1入学時平均を0、中3卒業時平均を300とする運用尺度で、学年内の学習順、問題レベル、問題文の特徴から校正した暫定値。基礎・標準問題は300超えを目標にせず、発展・模試過去問で300超えを扱う前提です。,基礎：用語・公式・計算手順を1つずつ確認する単問中心。標準：複数条件や式変形を組み合わせ、見通しをもって処理する問題を入れる。
m-jh1-A-02-03b.txt,1-A-02-03,文字と式－いろいろな数量と文字式,いろいろな数量と文字式,問題3,基礎レベル,33.7,±18.0,0.0148,数式処理・数量関係の理解,小学校算数の四則計算・数量関係,中1入学時平均を0、中3卒業時平均を300とする運用尺度で、学年内の学習順、問題レベル、問題文の特徴から校正した暫定値。基礎・標準問題は300超えを目標にせず、発展・模試過去問で300超えを扱う前提です。,基礎：用語・公式・計算手順を1つずつ確認する単問中心。標準：複数条件や式変形を組み合わせ、見通しをもって処理する問題を入れる。
m-jh1-A-02-03b.txt,1-A-02-03,文字と式－いろいろな数量と文字式,いろいろな数量と文字式,問題4,基礎レベル,36.7,±18.0,0.0152,数式処理・数量関係の理解,小学校算数の四則計算・数量関係,中1入学時平均を0、中3卒業時平均を300とする運用尺度で、学年内の学習順、問題レベル、問題文の特徴から校正した暫定値。基礎・標準問題は300超えを目標にせず、発展・模試過去問で300超えを扱う前提です。,基礎：用語・公式・計算手順を1つずつ確認する単問中心。標準：複数条件や式変形を組み合わせ、見通しをもって処理する問題を入れる。
m-jh1-A-02-03b.txt,1-A-02-03,文字と式－いろいろな数量と文字式,いろいろな数量と文字式,問題5,基礎レベル,39.7,±18.0,0.0152,数式処理・数量関係の理解,小学校算数の四則計算・数量関係,中1入学時平均を0、中3卒業時平均を300とする運用尺度で、学年内の学習順、問題レベル、問題文の特徴から校正した暫定値。基礎・標準問題は300超えを目標にせず、発展・模試過去問で300超えを扱う前提です。,基礎：用語・公式・計算手順を1つずつ確認する単問中心。標準：複数条件や式変形を組み合わせ、見通しをもって処理する問題を入れる。
m-jh1-A-02-03s.txt,1-A-02-03,文字と式－いろいろな数量と文字式,いろいろな数量と文字式,問題1,標準レベル,44.3,±20.0,0.0158,数式処理・数量関係の理解,小学校算数の四則計算・数量関係,中1入学時平均を0、中3卒業時平均を300とする運用尺度で、学年内の学習順、問題レベル、問題文の特徴から校正した暫定値。基礎・標準問題は300超えを目標にせず、発展・模試過去問で300超えを扱う前提です。,基礎：用語・公式・計算手順を1つずつ確認する単問中心。標準：複数条件や式変形を組み合わせ、見通しをもって処理する問題を入れる。
m-jh1-A-02-03s.txt,1-A-02-03,文字と式－いろいろな数量と文字式,いろいろな数量と文字式,問題2,標準レベル,47.3,±20.0,0.0162,数式処理・数量関係の理解,小学校算数の四則計算・数量関係,中1入学時平均を0、中3卒業時平均を300とする運用尺度で、学年内の学習順、問題レベル、問題文の特徴から校正した暫定値。基礎・標準問題は300超えを目標にせず、発展・模試過去問で300超えを扱う前提です。,基礎：用語・公式・計算手順を1つずつ確認する単問中心。標準：複数条件や式変形を組み合わせ、見通しをもって処理する問題を入れる。
m-jh1-A-02-03s.txt,1-A-02-03,文字と式－いろいろな数量と文字式,いろいろな数量と文字式,問題3,標準レベル,50.3,±20.0,0.0166,数式処理・数量関係の理解,小学校算数の四則計算・数量関係,中1入学時平均を0、中3卒業時平均を300とする運用尺度で、学年内の学習順、問題レベル、問題文の特徴から校正した暫定値。基礎・標準問題は300超えを目標にせず、発展・模試過去問で300超えを扱う前提です。,基礎：用語・公式・計算手順を1つずつ確認する単問中心。標準：複数条件や式変形を組み合わせ、見通しをもって処理する問題を入れる。
m-jh1-A-02-03s.txt,1-A-02-03,文字と式－いろいろな数量と文字式,いろいろな数量と文字式,問題4,標準レベル,53.3,±20.0,0.0170,数式処理・数量関係の理解,小学校算数の四則計算・数量関係,中1入学時平均を0、中3卒業時平均を300とする運用尺度で、学年内の学習順、問題レベル、問題文の特徴から校正した暫定値。基礎・標準問題は300超えを目標にせず、発展・模試過去問で300超えを扱う前提です。,基礎：用語・公式・計算手順を1つずつ確認する単問中心。標準：複数条件や式変形を組み合わせ、見通しをもって処理する問題を入れる。
m-jh1-A-02-03s.txt,1-A-02-03,文字と式－いろいろな数量と文字式,いろいろな数量と文字式,問題5,標準レベル,56.3,±20.0,0.0170,数式処理・数量関係の理解,小学校算数の四則計算・数量関係,中1入学時平均を0、中3卒業時平均を300とする運用尺度で、学年内の学習順、問題レベル、問題文の特徴から校正した暫定値。基礎・標準問題は300超えを目標にせず、発展・模試過去問で300超えを扱う前提です。,基礎：用語・公式・計算手順を1つずつ確認する単問中心。標準：複数条件や式変形を組み合わせ、見通しをもって処理する問題を入れる。
m-jh1-A-02-03s.txt,1-A-02-03,文字と式－いろいろな数量と文字式,いろいろな数量と文字式,問題6,標準レベル,59.3,±20.0,0.0170,数式処理・数量関係の理解,小学校算数の四則計算・数量関係,中1入学時平均を0、中3卒業時平均を300とする運用尺度で、学年内の学習順、問題レベル、問題文の特徴から校正した暫定値。基礎・標準問題は300超えを目標にせず、発展・模試過去問で300超えを扱う前提です。,基礎：用語・公式・計算手順を1つずつ確認する単問中心。標準：複数条件や式変形を組み合わせ、見通しをもって処理する問題を入れる。
m-jh1-A-02-03s.txt,1-A-02-03,文字と式－いろいろな数量と文字式,いろいろな数量と文字式,問題7,標準レベル,62.3,±20.0,0.0170,数式処理・数量関係の理解,小学校算数の四則計算・数量関係,中1入学時平均を0、中3卒業時平均を300とする運用尺度で、学年内の学習順、問題レベル、問題文の特徴から校正した暫定値。基礎・標準問題は300超えを目標にせず、発展・模試過去問で300超えを扱う前提です。,基礎：用語・公式・計算手順を1つずつ確認する単問中心。標準：複数条件や式変形を組み合わせ、見通しをもって処理する問題を入れる。
m-jh1-A-02-03s.txt,1-A-02-03,文字と式－いろいろな数量と文字式,いろいろな数量と文字式,問題8,標準レベル,65.3,±20.0,0.0170,数式処理・数量関係の理解,小学校算数の四則計算・数量関係,中1入学時平均を0、中3卒業時平均を300とする運用尺度で、学年内の学習順、問題レベル、問題文の特徴から校正した暫定値。基礎・標準問題は300超えを目標にせず、発展・模試過去問で300超えを扱う前提です。,基礎：用語・公式・計算手順を1つずつ確認する単問中心。標準：複数条件や式変形を組み合わせ、見通しをもって処理する問題を入れる。
m-jh1-A-02-03s.txt,1-A-02-03,文字と式－いろいろな数量と文字式,いろいろな数量と文字式,問題9,標準レベル,68.3,±20.0,0.0170,数式処理・数量関係の理解,小学校算数の四則計算・数量関係,中1入学時平均を0、中3卒業時平均を300とする運用尺度で、学年内の学習順、問題レベル、問題文の特徴から校正した暫定値。基礎・標準問題は300超えを目標にせず、発展・模試過去問で300超えを扱う前提です。,基礎：用語・公式・計算手順を1つずつ確認する単問中心。標準：複数条件や式変形を組み合わせ、見通しをもって処理する問題を入れる。
m-jh1-A-02-03s.txt,1-A-02-03,文字と式－いろいろな数量と文字式,いろいろな数量と文字式,問題10,標準レベル,71.3,±20.0,0.0170,数式処理・数量関係の理解,小学校算数の四則計算・数量関係,中1入学時平均を0、中3卒業時平均を300とする運用尺度で、学年内の学習順、問題レベル、問題文の特徴から校正した暫定値。基礎・標準問題は300超えを目標にせず、発展・模試過去問で300超えを扱う前提です。,基礎：用語・公式・計算手順を1つずつ確認する単問中心。標準：複数条件や式変形を組み合わせ、見通しをもって処理する問題を入れる。
m-jh1-A-02-03s.txt,1-A-02-03,文字と式－いろいろな数量と文字式,いろいろな数量と文字式,問題11,標準レベル,74.3,±20.0,0.0170,数式処理・数量関係の理解,小学校算数の四則計算・数量関係,中1入学時平均を0、中3卒業時平均を300とする運用尺度で、学年内の学習順、問題レベル、問題文の特徴から校正した暫定値。基礎・標準問題は300超えを目標にせず、発展・模試過去問で300超えを扱う前提です。,基礎：用語・公式・計算手順を1つずつ確認する単問中心。標準：複数条件や式変形を組み合わせ、見通しをもって処理する問題を入れる。
m-jh1-A-02-03s.txt,1-A-02-03,文字と式－いろいろな数量と文字式,いろいろな数量と文字式,問題12,標準レベル,77.3,±20.0,0.0170,数式処理・数量関係の理解,小学校算数の四則計算・数量関係,中1入学時平均を0、中3卒業時平均を300とする運用尺度で、学年内の学習順、問題レベル、問題文の特徴から校正した暫定値。基礎・標準問題は300超えを目標にせず、発展・模試過去問で300超えを扱う前提です。,基礎：用語・公式・計算手順を1つずつ確認する単問中心。標準：複数条件や式変形を組み合わせ、見通しをもって処理する問題を入れる。
m-jh1-A-02-04b.txt,1-A-02-04,文字と式－式の値（代入）,式の値（代入）,問題1,基礎レベル,28.9,±18.0,0.0140,数式処理・数量関係の理解,小学校算数の四則計算・数量関係,中1入学時平均を0、中3卒業時平均を300とする運用尺度で、学年内の学習順、問題レベル、問題文の特徴から校正した暫定値。基礎・標準問題は300超えを目標にせず、発展・模試過去問で300超えを扱う前提です。,基礎：用語・公式・計算手順を1つずつ確認する単問中心。標準：複数条件や式変形を組み合わせ、見通しをもって処理する問題を入れる。
m-jh1-A-02-04b.txt,1-A-02-04,文字と式－式の値（代入）,式の値（代入）,問題2,基礎レベル,31.9,±18.0,0.0144,数式処理・数量関係の理解,小学校算数の四則計算・数量関係,中1入学時平均を0、中3卒業時平均を300とする運用尺度で、学年内の学習順、問題レベル、問題文の特徴から校正した暫定値。基礎・標準問題は300超えを目標にせず、発展・模試過去問で300超えを扱う前提です。,基礎：用語・公式・計算手順を1つずつ確認する単問中心。標準：複数条件や式変形を組み合わせ、見通しをもって処理する問題を入れる。
m-jh1-A-02-04b.txt,1-A-02-04,文字と式－式の値（代入）,式の値（代入）,問題3,基礎レベル,34.9,±18.0,0.0148,数式処理・数量関係の理解,小学校算数の四則計算・数量関係,中1入学時平均を0、中3卒業時平均を300とする運用尺度で、学年内の学習順、問題レベル、問題文の特徴から校正した暫定値。基礎・標準問題は300超えを目標にせず、発展・模試過去問で300超えを扱う前提です。,基礎：用語・公式・計算手順を1つずつ確認する単問中心。標準：複数条件や式変形を組み合わせ、見通しをもって処理する問題を入れる。
m-jh1-A-02-04b.txt,1-A-02-04,文字と式－式の値（代入）,式の値（代入）,問題4,基礎レベル,37.9,±18.0,0.0152,数式処理・数量関係の理解,小学校算数の四則計算・数量関係,中1入学時平均を0、中3卒業時平均を300とする運用尺度で、学年内の学習順、問題レベル、問題文の特徴から校正した暫定値。基礎・標準問題は300超えを目標にせず、発展・模試過去問で300超えを扱う前提です。,基礎：用語・公式・計算手順を1つずつ確認する単問中心。標準：複数条件や式変形を組み合わせ、見通しをもって処理する問題を入れる。
m-jh1-A-02-04b.txt,1-A-02-04,文字と式－式の値（代入）,式の値（代入）,問題5,基礎レベル,40.9,±18.0,0.0152,数式処理・数量関係の理解,小学校算数の四則計算・数量関係,中1入学時平均を0、中3卒業時平均を300とする運用尺度で、学年内の学習順、問題レベル、問題文の特徴から校正した暫定値。基礎・標準問題は300超えを目標にせず、発展・模試過去問で300超えを扱う前提です。,基礎：用語・公式・計算手順を1つずつ確認する単問中心。標準：複数条件や式変形を組み合わせ、見通しをもって処理する問題を入れる。
m-jh1-A-02-04b.txt,1-A-02-04,文字と式－式の値（代入）,式の値（代入）,問題6,基礎レベル,43.9,±18.0,0.0152,数式処理・数量関係の理解,小学校算数の四則計算・数量関係,中1入学時平均を0、中3卒業時平均を300とする運用尺度で、学年内の学習順、問題レベル、問題文の特徴から校正した暫定値。基礎・標準問題は300超えを目標にせず、発展・模試過去問で300超えを扱う前提です。,基礎：用語・公式・計算手順を1つずつ確認する単問中心。標準：複数条件や式変形を組み合わせ、見通しをもって処理する問題を入れる。
m-jh1-A-02-04b.txt,1-A-02-04,文字と式－式の値（代入）,式の値（代入）,問題7,基礎レベル,46.9,±18.0,0.0152,数式処理・数量関係の理解,小学校算数の四則計算・数量関係,中1入学時平均を0、中3卒業時平均を300とする運用尺度で、学年内の学習順、問題レベル、問題文の特徴から校正した暫定値。基礎・標準問題は300超えを目標にせず、発展・模試過去問で300超えを扱う前提です。,基礎：用語・公式・計算手順を1つずつ確認する単問中心。標準：複数条件や式変形を組み合わせ、見通しをもって処理する問題を入れる。
m-jh1-A-02-04b.txt,1-A-02-04,文字と式－式の値（代入）,式の値（代入）,問題8,基礎レベル,49.9,±18.0,0.0152,数式処理・数量関係の理解,小学校算数の四則計算・数量関係,中1入学時平均を0、中3卒業時平均を300とする運用尺度で、学年内の学習順、問題レベル、問題文の特徴から校正した暫定値。基礎・標準問題は300超えを目標にせず、発展・模試過去問で300超えを扱う前提です。,基礎：用語・公式・計算手順を1つずつ確認する単問中心。標準：複数条件や式変形を組み合わせ、見通しをもって処理する問題を入れる。
m-jh1-A-02-04b.txt,1-A-02-04,文字と式－式の値（代入）,式の値（代入）,問題9,基礎レベル,52.9,±18.0,0.0152,数式処理・数量関係の理解,小学校算数の四則計算・数量関係,中1入学時平均を0、中3卒業時平均を300とする運用尺度で、学年内の学習順、問題レベル、問題文の特徴から校正した暫定値。基礎・標準問題は300超えを目標にせず、発展・模試過去問で300超えを扱う前提です。,基礎：用語・公式・計算手順を1つずつ確認する単問中心。標準：複数条件や式変形を組み合わせ、見通しをもって処理する問題を入れる。
m-jh1-A-02-04b.txt,1-A-02-04,文字と式－式の値（代入）,式の値（代入）,問題10,基礎レベル,55.9,±18.0,0.0152,数式処理・数量関係の理解,小学校算数の四則計算・数量関係,中1入学時平均を0、中3卒業時平均を300とする運用尺度で、学年内の学習順、問題レベル、問題文の特徴から校正した暫定値。基礎・標準問題は300超えを目標にせず、発展・模試過去問で300超えを扱う前提です。,基礎：用語・公式・計算手順を1つずつ確認する単問中心。標準：複数条件や式変形を組み合わせ、見通しをもって処理する問題を入れる。
m-jh1-A-02-04b.txt,1-A-02-04,文字と式－式の値（代入）,式の値（代入）,問題11,基礎レベル,58.9,±18.0,0.0152,数式処理・数量関係の理解,小学校算数の四則計算・数量関係,中1入学時平均を0、中3卒業時平均を300とする運用尺度で、学年内の学習順、問題レベル、問題文の特徴から校正した暫定値。基礎・標準問題は300超えを目標にせず、発展・模試過去問で300超えを扱う前提です。,基礎：用語・公式・計算手順を1つずつ確認する単問中心。標準：複数条件や式変形を組み合わせ、見通しをもって処理する問題を入れる。
m-jh1-A-02-04b.txt,1-A-02-04,文字と式－式の値（代入）,式の値（代入）,問題12,基礎レベル,61.9,±18.0,0.0152,数式処理・数量関係の理解,小学校算数の四則計算・数量関係,中1入学時平均を0、中3卒業時平均を300とする運用尺度で、学年内の学習順、問題レベル、問題文の特徴から校正した暫定値。基礎・標準問題は300超えを目標にせず、発展・模試過去問で300超えを扱う前提です。,基礎：用語・公式・計算手順を1つずつ確認する単問中心。標準：複数条件や式変形を組み合わせ、見通しをもって処理する問題を入れる。
m-jh1-A-02-04b.txt,1-A-02-04,文字と式－式の値（代入）,式の値（代入）,問題13,基礎レベル,64.9,±18.0,0.0152,数式処理・数量関係の理解,小学校算数の四則計算・数量関係,中1入学時平均を0、中3卒業時平均を300とする運用尺度で、学年内の学習順、問題レベル、問題文の特徴から校正した暫定値。基礎・標準問題は300超えを目標にせず、発展・模試過去問で300超えを扱う前提です。,基礎：用語・公式・計算手順を1つずつ確認する単問中心。標準：複数条件や式変形を組み合わせ、見通しをもって処理する問題を入れる。
m-jh1-A-02-04s.txt,1-A-02-04,文字と式－式の値（代入）,式の値（代入）,問題1,標準レベル,45.4,±20.0,0.0158,数式処理・数量関係の理解,小学校算数の四則計算・数量関係,中1入学時平均を0、中3卒業時平均を300とする運用尺度で、学年内の学習順、問題レベル、問題文の特徴から校正した暫定値。基礎・標準問題は300超えを目標にせず、発展・模試過去問で300超えを扱う前提です。,基礎：用語・公式・計算手順を1つずつ確認する単問中心。標準：複数条件や式変形を組み合わせ、見通しをもって処理する問題を入れる。
m-jh1-A-02-04s.txt,1-A-02-04,文字と式－式の値（代入）,式の値（代入）,問題2,標準レベル,48.4,±20.0,0.0162,数式処理・数量関係の理解,小学校算数の四則計算・数量関係,中1入学時平均を0、中3卒業時平均を300とする運用尺度で、学年内の学習順、問題レベル、問題文の特徴から校正した暫定値。基礎・標準問題は300超えを目標にせず、発展・模試過去問で300超えを扱う前提です。,基礎：用語・公式・計算手順を1つずつ確認する単問中心。標準：複数条件や式変形を組み合わせ、見通しをもって処理する問題を入れる。
m-jh1-A-02-05b.txt,1-A-02-05,文字と式－項と係数の関係,項と係数の関係,問題1,基礎レベル,30.0,±18.0,0.0140,数式処理・数量関係の理解,小学校算数の四則計算・数量関係,中1入学時平均を0、中3卒業時平均を300とする運用尺度で、学年内の学習順、問題レベル、問題文の特徴から校正した暫定値。基礎・標準問題は300超えを目標にせず、発展・模試過去問で300超えを扱う前提です。,基礎：用語・公式・計算手順を1つずつ確認する単問中心。標準：複数条件や式変形を組み合わせ、見通しをもって処理する問題を入れる。
m-jh1-A-02-05b.txt,1-A-02-05,文字と式－項と係数の関係,項と係数の関係,問題2,基礎レベル,33.0,±18.0,0.0144,数式処理・数量関係の理解,小学校算数の四則計算・数量関係,中1入学時平均を0、中3卒業時平均を300とする運用尺度で、学年内の学習順、問題レベル、問題文の特徴から校正した暫定値。基礎・標準問題は300超えを目標にせず、発展・模試過去問で300超えを扱う前提です。,基礎：用語・公式・計算手順を1つずつ確認する単問中心。標準：複数条件や式変形を組み合わせ、見通しをもって処理する問題を入れる。
m-jh1-A-02-05b.txt,1-A-02-05,文字と式－項と係数の関係,項と係数の関係,問題3,基礎レベル,36.0,±18.0,0.0148,数式処理・数量関係の理解,小学校算数の四則計算・数量関係,中1入学時平均を0、中3卒業時平均を300とする運用尺度で、学年内の学習順、問題レベル、問題文の特徴から校正した暫定値。基礎・標準問題は300超えを目標にせず、発展・模試過去問で300超えを扱う前提です。,基礎：用語・公式・計算手順を1つずつ確認する単問中心。標準：複数条件や式変形を組み合わせ、見通しをもって処理する問題を入れる。
m-jh1-A-02-05b.txt,1-A-02-05,文字と式－項と係数の関係,項と係数の関係,問題4,基礎レベル,39.0,±18.0,0.0152,数式処理・数量関係の理解,小学校算数の四則計算・数量関係,中1入学時平均を0、中3卒業時平均を300とする運用尺度で、学年内の学習順、問題レベル、問題文の特徴から校正した暫定値。基礎・標準問題は300超えを目標にせず、発展・模試過去問で300超えを扱う前提です。,基礎：用語・公式・計算手順を1つずつ確認する単問中心。標準：複数条件や式変形を組み合わせ、見通しをもって処理する問題を入れる。
m-jh1-A-02-05b.txt,1-A-02-05,文字と式－項と係数の関係,項と係数の関係,問題5,基礎レベル,42.0,±18.0,0.0152,数式処理・数量関係の理解,小学校算数の四則計算・数量関係,中1入学時平均を0、中3卒業時平均を300とする運用尺度で、学年内の学習順、問題レベル、問題文の特徴から校正した暫定値。基礎・標準問題は300超えを目標にせず、発展・模試過去問で300超えを扱う前提です。,基礎：用語・公式・計算手順を1つずつ確認する単問中心。標準：複数条件や式変形を組み合わせ、見通しをもって処理する問題を入れる。
m-jh1-A-02-05s.txt,1-A-02-05,文字と式－項と係数の関係,項と係数の関係,問題1,標準レベル,46.6,±20.0,0.0158,数式処理・数量関係の理解,小学校算数の四則計算・数量関係,中1入学時平均を0、中3卒業時平均を300とする運用尺度で、学年内の学習順、問題レベル、問題文の特徴から校正した暫定値。基礎・標準問題は300超えを目標にせず、発展・模試過去問で300超えを扱う前提です。,基礎：用語・公式・計算手順を1つずつ確認する単問中心。標準：複数条件や式変形を組み合わせ、見通しをもって処理する問題を入れる。
m-jh1-A-02-05s.txt,1-A-02-05,文字と式－項と係数の関係,項と係数の関係,問題2,標準レベル,49.6,±20.0,0.0162,数式処理・数量関係の理解,小学校算数の四則計算・数量関係,中1入学時平均を0、中3卒業時平均を300とする運用尺度で、学年内の学習順、問題レベル、問題文の特徴から校正した暫定値。基礎・標準問題は300超えを目標にせず、発展・模試過去問で300超えを扱う前提です。,基礎：用語・公式・計算手順を1つずつ確認する単問中心。標準：複数条件や式変形を組み合わせ、見通しをもって処理する問題を入れる。
m-jh1-A-02-06b.txt,1-A-02-06,文字と式－文字式の加法と減法,文字式の加法と減法,問題1,基礎レベル,31.1,±18.0,0.0140,数式処理・数量関係の理解,小学校算数の四則計算・数量関係,中1入学時平均を0、中3卒業時平均を300とする運用尺度で、学年内の学習順、問題レベル、問題文の特徴から校正した暫定値。基礎・標準問題は300超えを目標にせず、発展・模試過去問で300超えを扱う前提です。,基礎：用語・公式・計算手順を1つずつ確認する単問中心。標準：複数条件や式変形を組み合わせ、見通しをもって処理する問題を入れる。
m-jh1-A-02-06b.txt,1-A-02-06,文字と式－文字式の加法と減法,文字式の加法と減法,問題2,基礎レベル,34.1,±18.0,0.0144,数式処理・数量関係の理解,小学校算数の四則計算・数量関係,中1入学時平均を0、中3卒業時平均を300とする運用尺度で、学年内の学習順、問題レベル、問題文の特徴から校正した暫定値。基礎・標準問題は300超えを目標にせず、発展・模試過去問で300超えを扱う前提です。,基礎：用語・公式・計算手順を1つずつ確認する単問中心。標準：複数条件や式変形を組み合わせ、見通しをもって処理する問題を入れる。
m-jh1-A-02-06b.txt,1-A-02-06,文字と式－文字式の加法と減法,文字式の加法と減法,問題3,基礎レベル,37.1,±18.0,0.0148,数式処理・数量関係の理解,小学校算数の四則計算・数量関係,中1入学時平均を0、中3卒業時平均を300とする運用尺度で、学年内の学習順、問題レベル、問題文の特徴から校正した暫定値。基礎・標準問題は300超えを目標にせず、発展・模試過去問で300超えを扱う前提です。,基礎：用語・公式・計算手順を1つずつ確認する単問中心。標準：複数条件や式変形を組み合わせ、見通しをもって処理する問題を入れる。
m-jh1-A-02-06b.txt,1-A-02-06,文字と式－文字式の加法と減法,文字式の加法と減法,問題4,基礎レベル,40.1,±18.0,0.0152,数式処理・数量関係の理解,小学校算数の四則計算・数量関係,中1入学時平均を0、中3卒業時平均を300とする運用尺度で、学年内の学習順、問題レベル、問題文の特徴から校正した暫定値。基礎・標準問題は300超えを目標にせず、発展・模試過去問で300超えを扱う前提です。,基礎：用語・公式・計算手順を1つずつ確認する単問中心。標準：複数条件や式変形を組み合わせ、見通しをもって処理する問題を入れる。
m-jh1-A-02-06b.txt,1-A-02-06,文字と式－文字式の加法と減法,文字式の加法と減法,問題5,基礎レベル,43.1,±18.0,0.0152,数式処理・数量関係の理解,小学校算数の四則計算・数量関係,中1入学時平均を0、中3卒業時平均を300とする運用尺度で、学年内の学習順、問題レベル、問題文の特徴から校正した暫定値。基礎・標準問題は300超えを目標にせず、発展・模試過去問で300超えを扱う前提です。,基礎：用語・公式・計算手順を1つずつ確認する単問中心。標準：複数条件や式変形を組み合わせ、見通しをもって処理する問題を入れる。
m-jh1-A-02-06b.txt,1-A-02-06,文字と式－文字式の加法と減法,文字式の加法と減法,問題6,基礎レベル,46.1,±18.0,0.0152,数式処理・数量関係の理解,小学校算数の四則計算・数量関係,中1入学時平均を0、中3卒業時平均を300とする運用尺度で、学年内の学習順、問題レベル、問題文の特徴から校正した暫定値。基礎・標準問題は300超えを目標にせず、発展・模試過去問で300超えを扱う前提です。,基礎：用語・公式・計算手順を1つずつ確認する単問中心。標準：複数条件や式変形を組み合わせ、見通しをもって処理する問題を入れる。
m-jh1-A-02-06b.txt,1-A-02-06,文字と式－文字式の加法と減法,文字式の加法と減法,問題7,基礎レベル,49.1,±18.0,0.0152,数式処理・数量関係の理解,小学校算数の四則計算・数量関係,中1入学時平均を0、中3卒業時平均を300とする運用尺度で、学年内の学習順、問題レベル、問題文の特徴から校正した暫定値。基礎・標準問題は300超えを目標にせず、発展・模試過去問で300超えを扱う前提です。,基礎：用語・公式・計算手順を1つずつ確認する単問中心。標準：複数条件や式変形を組み合わせ、見通しをもって処理する問題を入れる。
m-jh1-A-02-06s.txt,1-A-02-06,文字と式－文字式の加法と減法,文字式の加法と減法,問題1,標準レベル,47.7,±20.0,0.0158,数式処理・数量関係の理解,小学校算数の四則計算・数量関係,中1入学時平均を0、中3卒業時平均を300とする運用尺度で、学年内の学習順、問題レベル、問題文の特徴から校正した暫定値。基礎・標準問題は300超えを目標にせず、発展・模試過去問で300超えを扱う前提です。,基礎：用語・公式・計算手順を1つずつ確認する単問中心。標準：複数条件や式変形を組み合わせ、見通しをもって処理する問題を入れる。
m-jh1-A-02-06s.txt,1-A-02-06,文字と式－文字式の加法と減法,文字式の加法と減法,問題2,標準レベル,50.7,±20.0,0.0162,数式処理・数量関係の理解,小学校算数の四則計算・数量関係,中1入学時平均を0、中3卒業時平均を300とする運用尺度で、学年内の学習順、問題レベル、問題文の特徴から校正した暫定値。基礎・標準問題は300超えを目標にせず、発展・模試過去問で300超えを扱う前提です。,基礎：用語・公式・計算手順を1つずつ確認する単問中心。標準：複数条件や式変形を組み合わせ、見通しをもって処理する問題を入れる。
m-jh1-A-02-07b.txt,1-A-02-07,文字と式－1次式の乗法（項が1つ・項が複数・分数）,1次式の乗法（項が1つ・項が複数・分数）,問題1,基礎レベル,32.3,±18.0,0.0140,数式処理・数量関係の理解,小学校算数の四則計算・数量関係,中1入学時平均を0、中3卒業時平均を300とする運用尺度で、学年内の学習順、問題レベル、問題文の特徴から校正した暫定値。基礎・標準問題は300超えを目標にせず、発展・模試過去問で300超えを扱う前提です。,基礎：用語・公式・計算手順を1つずつ確認する単問中心。標準：複数条件や式変形を組み合わせ、見通しをもって処理する問題を入れる。
m-jh1-A-02-07b.txt,1-A-02-07,文字と式－1次式の乗法（項が1つ・項が複数・分数）,1次式の乗法（項が1つ・項が複数・分数）,問題2,基礎レベル,35.3,±18.0,0.0144,数式処理・数量関係の理解,小学校算数の四則計算・数量関係,中1入学時平均を0、中3卒業時平均を300とする運用尺度で、学年内の学習順、問題レベル、問題文の特徴から校正した暫定値。基礎・標準問題は300超えを目標にせず、発展・模試過去問で300超えを扱う前提です。,基礎：用語・公式・計算手順を1つずつ確認する単問中心。標準：複数条件や式変形を組み合わせ、見通しをもって処理する問題を入れる。
m-jh1-A-02-07b.txt,1-A-02-07,文字と式－1次式の乗法（項が1つ・項が複数・分数）,1次式の乗法（項が1つ・項が複数・分数）,問題3,基礎レベル,38.3,±18.0,0.0148,数式処理・数量関係の理解,小学校算数の四則計算・数量関係,中1入学時平均を0、中3卒業時平均を300とする運用尺度で、学年内の学習順、問題レベル、問題文の特徴から校正した暫定値。基礎・標準問題は300超えを目標にせず、発展・模試過去問で300超えを扱う前提です。,基礎：用語・公式・計算手順を1つずつ確認する単問中心。標準：複数条件や式変形を組み合わせ、見通しをもって処理する問題を入れる。
m-jh1-A-02-07b.txt,1-A-02-07,文字と式－1次式の乗法（項が1つ・項が複数・分数）,1次式の乗法（項が1つ・項が複数・分数）,問題4,基礎レベル,41.3,±18.0,0.0152,数式処理・数量関係の理解,小学校算数の四則計算・数量関係,中1入学時平均を0、中3卒業時平均を300とする運用尺度で、学年内の学習順、問題レベル、問題文の特徴から校正した暫定値。基礎・標準問題は300超えを目標にせず、発展・模試過去問で300超えを扱う前提です。,基礎：用語・公式・計算手順を1つずつ確認する単問中心。標準：複数条件や式変形を組み合わせ、見通しをもって処理する問題を入れる。
m-jh1-A-02-07b.txt,1-A-02-07,文字と式－1次式の乗法（項が1つ・項が複数・分数）,1次式の乗法（項が1つ・項が複数・分数）,問題5,基礎レベル,44.3,±18.0,0.0152,数式処理・数量関係の理解,小学校算数の四則計算・数量関係,中1入学時平均を0、中3卒業時平均を300とする運用尺度で、学年内の学習順、問題レベル、問題文の特徴から校正した暫定値。基礎・標準問題は300超えを目標にせず、発展・模試過去問で300超えを扱う前提です。,基礎：用語・公式・計算手順を1つずつ確認する単問中心。標準：複数条件や式変形を組み合わせ、見通しをもって処理する問題を入れる。
m-jh1-A-02-07b.txt,1-A-02-07,文字と式－1次式の乗法（項が1つ・項が複数・分数）,1次式の乗法（項が1つ・項が複数・分数）,問題6,基礎レベル,47.3,±18.0,0.0152,数式処理・数量関係の理解,小学校算数の四則計算・数量関係,中1入学時平均を0、中3卒業時平均を300とする運用尺度で、学年内の学習順、問題レベル、問題文の特徴から校正した暫定値。基礎・標準問題は300超えを目標にせず、発展・模試過去問で300超えを扱う前提です。,基礎：用語・公式・計算手順を1つずつ確認する単問中心。標準：複数条件や式変形を組み合わせ、見通しをもって処理する問題を入れる。
m-jh1-A-02-07s.txt,1-A-02-07,文字と式－1次式の乗法（項が1つ・項が複数・分数）,1次式の乗法（項が1つ・項が複数・分数）,問題1,標準レベル,48.8,±20.0,0.0158,数式処理・数量関係の理解,小学校算数の四則計算・数量関係,中1入学時平均を0、中3卒業時平均を300とする運用尺度で、学年内の学習順、問題レベル、問題文の特徴から校正した暫定値。基礎・標準問題は300超えを目標にせず、発展・模試過去問で300超えを扱う前提です。,基礎：用語・公式・計算手順を1つずつ確認する単問中心。標準：複数条件や式変形を組み合わせ、見通しをもって処理する問題を入れる。
m-jh1-A-02-07s.txt,1-A-02-07,文字と式－1次式の乗法（項が1つ・項が複数・分数）,1次式の乗法（項が1つ・項が複数・分数）,問題2,標準レベル,51.8,±20.0,0.0162,数式処理・数量関係の理解,小学校算数の四則計算・数量関係,中1入学時平均を0、中3卒業時平均を300とする運用尺度で、学年内の学習順、問題レベル、問題文の特徴から校正した暫定値。基礎・標準問題は300超えを目標にせず、発展・模試過去問で300超えを扱う前提です。,基礎：用語・公式・計算手順を1つずつ確認する単問中心。標準：複数条件や式変形を組み合わせ、見通しをもって処理する問題を入れる。
m-jh1-A-02-08b.txt,1-A-02-08,文字と式－1次式の除法（項が1つ・項が複数）,1次式の除法（項が1つ・項が複数）,問題1,基礎レベル,33.4,±18.0,0.0140,数式処理・数量関係の理解,小学校算数の四則計算・数量関係,中1入学時平均を0、中3卒業時平均を300とする運用尺度で、学年内の学習順、問題レベル、問題文の特徴から校正した暫定値。基礎・標準問題は300超えを目標にせず、発展・模試過去問で300超えを扱う前提です。,基礎：用語・公式・計算手順を1つずつ確認する単問中心。標準：複数条件や式変形を組み合わせ、見通しをもって処理する問題を入れる。
m-jh1-A-02-08b.txt,1-A-02-08,文字と式－1次式の除法（項が1つ・項が複数）,1次式の除法（項が1つ・項が複数）,問題2,基礎レベル,36.4,±18.0,0.0144,数式処理・数量関係の理解,小学校算数の四則計算・数量関係,中1入学時平均を0、中3卒業時平均を300とする運用尺度で、学年内の学習順、問題レベル、問題文の特徴から校正した暫定値。基礎・標準問題は300超えを目標にせず、発展・模試過去問で300超えを扱う前提です。,基礎：用語・公式・計算手順を1つずつ確認する単問中心。標準：複数条件や式変形を組み合わせ、見通しをもって処理する問題を入れる。
m-jh1-A-02-08b.txt,1-A-02-08,文字と式－1次式の除法（項が1つ・項が複数）,1次式の除法（項が1つ・項が複数）,問題3,基礎レベル,39.4,±18.0,0.0148,数式処理・数量関係の理解,小学校算数の四則計算・数量関係,中1入学時平均を0、中3卒業時平均を300とする運用尺度で、学年内の学習順、問題レベル、問題文の特徴から校正した暫定値。基礎・標準問題は300超えを目標にせず、発展・模試過去問で300超えを扱う前提です。,基礎：用語・公式・計算手順を1つずつ確認する単問中心。標準：複数条件や式変形を組み合わせ、見通しをもって処理する問題を入れる。
m-jh1-A-02-08b.txt,1-A-02-08,文字と式－1次式の除法（項が1つ・項が複数）,1次式の除法（項が1つ・項が複数）,問題4,基礎レベル,42.4,±18.0,0.0152,数式処理・数量関係の理解,小学校算数の四則計算・数量関係,中1入学時平均を0、中3卒業時平均を300とする運用尺度で、学年内の学習順、問題レベル、問題文の特徴から校正した暫定値。基礎・標準問題は300超えを目標にせず、発展・模試過去問で300超えを扱う前提です。,基礎：用語・公式・計算手順を1つずつ確認する単問中心。標準：複数条件や式変形を組み合わせ、見通しをもって処理する問題を入れる。
m-jh1-A-02-08s.txt,1-A-02-08,文字と式－1次式の除法（項が1つ・項が複数）,1次式の除法（項が1つ・項が複数）,問題1,標準レベル,50.0,±20.0,0.0158,数式処理・数量関係の理解,小学校算数の四則計算・数量関係,中1入学時平均を0、中3卒業時平均を300とする運用尺度で、学年内の学習順、問題レベル、問題文の特徴から校正した暫定値。基礎・標準問題は300超えを目標にせず、発展・模試過去問で300超えを扱う前提です。,基礎：用語・公式・計算手順を1つずつ確認する単問中心。標準：複数条件や式変形を組み合わせ、見通しをもって処理する問題を入れる。
m-jh1-A-02-08s.txt,1-A-02-08,文字と式－1次式の除法（項が1つ・項が複数）,1次式の除法（項が1つ・項が複数）,問題2,標準レベル,53.0,±20.0,0.0162,数式処理・数量関係の理解,小学校算数の四則計算・数量関係,中1入学時平均を0、中3卒業時平均を300とする運用尺度で、学年内の学習順、問題レベル、問題文の特徴から校正した暫定値。基礎・標準問題は300超えを目標にせず、発展・模試過去問で300超えを扱う前提です。,基礎：用語・公式・計算手順を1つずつ確認する単問中心。標準：複数条件や式変形を組み合わせ、見通しをもって処理する問題を入れる。
m-jh1-A-02-09b.txt,1-A-02-09,文字と式－1次式の計算（分配法則）,1次式の計算（分配法則）,問題1,基礎レベル,34.5,±18.0,0.0140,数式処理・数量関係の理解,小学校算数の四則計算・数量関係,中1入学時平均を0、中3卒業時平均を300とする運用尺度で、学年内の学習順、問題レベル、問題文の特徴から校正した暫定値。基礎・標準問題は300超えを目標にせず、発展・模試過去問で300超えを扱う前提です。,基礎：用語・公式・計算手順を1つずつ確認する単問中心。標準：複数条件や式変形を組み合わせ、見通しをもって処理する問題を入れる。
m-jh1-A-02-09b.txt,1-A-02-09,文字と式－1次式の計算（分配法則）,1次式の計算（分配法則）,問題2,基礎レベル,37.5,±18.0,0.0144,数式処理・数量関係の理解,小学校算数の四則計算・数量関係,中1入学時平均を0、中3卒業時平均を300とする運用尺度で、学年内の学習順、問題レベル、問題文の特徴から校正した暫定値。基礎・標準問題は300超えを目標にせず、発展・模試過去問で300超えを扱う前提です。,基礎：用語・公式・計算手順を1つずつ確認する単問中心。標準：複数条件や式変形を組み合わせ、見通しをもって処理する問題を入れる。
m-jh1-A-02-09b.txt,1-A-02-09,文字と式－1次式の計算（分配法則）,1次式の計算（分配法則）,問題3,基礎レベル,40.5,±18.0,0.0148,数式処理・数量関係の理解,小学校算数の四則計算・数量関係,中1入学時平均を0、中3卒業時平均を300とする運用尺度で、学年内の学習順、問題レベル、問題文の特徴から校正した暫定値。基礎・標準問題は300超えを目標にせず、発展・模試過去問で300超えを扱う前提です。,基礎：用語・公式・計算手順を1つずつ確認する単問中心。標準：複数条件や式変形を組み合わせ、見通しをもって処理する問題を入れる。
m-jh1-A-02-09b.txt,1-A-02-09,文字と式－1次式の計算（分配法則）,1次式の計算（分配法則）,問題4,基礎レベル,43.5,±18.0,0.0152,数式処理・数量関係の理解,小学校算数の四則計算・数量関係,中1入学時平均を0、中3卒業時平均を300とする運用尺度で、学年内の学習順、問題レベル、問題文の特徴から校正した暫定値。基礎・標準問題は300超えを目標にせず、発展・模試過去問で300超えを扱う前提です。,基礎：用語・公式・計算手順を1つずつ確認する単問中心。標準：複数条件や式変形を組み合わせ、見通しをもって処理する問題を入れる。
m-jh1-A-02-09s.txt,1-A-02-09,文字と式－1次式の計算（分配法則）,1次式の計算（分配法則）,問題1,標準レベル,51.1,±20.0,0.0158,数式処理・数量関係の理解,小学校算数の四則計算・数量関係,中1入学時平均を0、中3卒業時平均を300とする運用尺度で、学年内の学習順、問題レベル、問題文の特徴から校正した暫定値。基礎・標準問題は300超えを目標にせず、発展・模試過去問で300超えを扱う前提です。,基礎：用語・公式・計算手順を1つずつ確認する単問中心。標準：複数条件や式変形を組み合わせ、見通しをもって処理する問題を入れる。
m-jh1-A-02-09s.txt,1-A-02-09,文字と式－1次式の計算（分配法則）,1次式の計算（分配法則）,問題2,標準レベル,54.1,±20.0,0.0162,数式処理・数量関係の理解,小学校算数の四則計算・数量関係,中1入学時平均を0、中3卒業時平均を300とする運用尺度で、学年内の学習順、問題レベル、問題文の特徴から校正した暫定値。基礎・標準問題は300超えを目標にせず、発展・模試過去問で300超えを扱う前提です。,基礎：用語・公式・計算手順を1つずつ確認する単問中心。標準：複数条件や式変形を組み合わせ、見通しをもって処理する問題を入れる。
m-jh1-A-02-09s.txt,1-A-02-09,文字と式－1次式の計算（分配法則）,1次式の計算（分配法則）,問題3,標準レベル,57.1,±20.0,0.0166,数式処理・数量関係の理解,小学校算数の四則計算・数量関係,中1入学時平均を0、中3卒業時平均を300とする運用尺度で、学年内の学習順、問題レベル、問題文の特徴から校正した暫定値。基礎・標準問題は300超えを目標にせず、発展・模試過去問で300超えを扱う前提です。,基礎：用語・公式・計算手順を1つずつ確認する単問中心。標準：複数条件や式変形を組み合わせ、見通しをもって処理する問題を入れる。
m-jh1-A-02-09s.txt,1-A-02-09,文字と式－1次式の計算（分配法則）,1次式の計算（分配法則）,問題4,標準レベル,60.1,±20.0,0.0170,数式処理・数量関係の理解,小学校算数の四則計算・数量関係,中1入学時平均を0、中3卒業時平均を300とする運用尺度で、学年内の学習順、問題レベル、問題文の特徴から校正した暫定値。基礎・標準問題は300超えを目標にせず、発展・模試過去問で300超えを扱う前提です。,基礎：用語・公式・計算手順を1つずつ確認する単問中心。標準：複数条件や式変形を組み合わせ、見通しをもって処理する問題を入れる。
m-jh1-A-02-10b.txt,1-A-02-10,文字と式－文字式の利用（等式）,文字式の利用（等式）,問題1,基礎レベル,35.7,±18.0,0.0140,数式処理・数量関係の理解,小学校算数の四則計算・数量関係,中1入学時平均を0、中3卒業時平均を300とする運用尺度で、学年内の学習順、問題レベル、問題文の特徴から校正した暫定値。基礎・標準問題は300超えを目標にせず、発展・模試過去問で300超えを扱う前提です。,基礎：用語・公式・計算手順を1つずつ確認する単問中心。標準：複数条件や式変形を組み合わせ、見通しをもって処理する問題を入れる。
m-jh1-A-02-10b.txt,1-A-02-10,文字と式－文字式の利用（等式）,文字式の利用（等式）,問題2,基礎レベル,38.7,±18.0,0.0144,数式処理・数量関係の理解,小学校算数の四則計算・数量関係,中1入学時平均を0、中3卒業時平均を300とする運用尺度で、学年内の学習順、問題レベル、問題文の特徴から校正した暫定値。基礎・標準問題は300超えを目標にせず、発展・模試過去問で300超えを扱う前提です。,基礎：用語・公式・計算手順を1つずつ確認する単問中心。標準：複数条件や式変形を組み合わせ、見通しをもって処理する問題を入れる。
m-jh1-A-02-10b.txt,1-A-02-10,文字と式－文字式の利用（等式）,文字式の利用（等式）,問題3,基礎レベル,41.7,±18.0,0.0148,数式処理・数量関係の理解,小学校算数の四則計算・数量関係,中1入学時平均を0、中3卒業時平均を300とする運用尺度で、学年内の学習順、問題レベル、問題文の特徴から校正した暫定値。基礎・標準問題は300超えを目標にせず、発展・模試過去問で300超えを扱う前提です。,基礎：用語・公式・計算手順を1つずつ確認する単問中心。標準：複数条件や式変形を組み合わせ、見通しをもって処理する問題を入れる。
m-jh1-A-02-10b.txt,1-A-02-10,文字と式－文字式の利用（等式）,文字式の利用（等式）,問題4,基礎レベル,44.7,±18.0,0.0152,数式処理・数量関係の理解,小学校算数の四則計算・数量関係,中1入学時平均を0、中3卒業時平均を300とする運用尺度で、学年内の学習順、問題レベル、問題文の特徴から校正した暫定値。基礎・標準問題は300超えを目標にせず、発展・模試過去問で300超えを扱う前提です。,基礎：用語・公式・計算手順を1つずつ確認する単問中心。標準：複数条件や式変形を組み合わせ、見通しをもって処理する問題を入れる。
m-jh1-A-02-10s.txt,1-A-02-10,文字と式－文字式の利用（等式）,文字式の利用（等式）,問題1,標準レベル,52.2,±20.0,0.0158,数式処理・数量関係の理解,小学校算数の四則計算・数量関係,中1入学時平均を0、中3卒業時平均を300とする運用尺度で、学年内の学習順、問題レベル、問題文の特徴から校正した暫定値。基礎・標準問題は300超えを目標にせず、発展・模試過去問で300超えを扱う前提です。,基礎：用語・公式・計算手順を1つずつ確認する単問中心。標準：複数条件や式変形を組み合わせ、見通しをもって処理する問題を入れる。
m-jh1-A-02-10s.txt,1-A-02-10,文字と式－文字式の利用（等式）,文字式の利用（等式）,問題2,標準レベル,55.2,±20.0,0.0162,数式処理・数量関係の理解,小学校算数の四則計算・数量関係,中1入学時平均を0、中3卒業時平均を300とする運用尺度で、学年内の学習順、問題レベル、問題文の特徴から校正した暫定値。基礎・標準問題は300超えを目標にせず、発展・模試過去問で300超えを扱う前提です。,基礎：用語・公式・計算手順を1つずつ確認する単問中心。標準：複数条件や式変形を組み合わせ、見通しをもって処理する問題を入れる。
m-jh1-A-02-10s.txt,1-A-02-10,文字と式－文字式の利用（等式）,文字式の利用（等式）,問題3,標準レベル,58.2,±20.0,0.0166,数式処理・数量関係の理解,小学校算数の四則計算・数量関係,中1入学時平均を0、中3卒業時平均を300とする運用尺度で、学年内の学習順、問題レベル、問題文の特徴から校正した暫定値。基礎・標準問題は300超えを目標にせず、発展・模試過去問で300超えを扱う前提です。,基礎：用語・公式・計算手順を1つずつ確認する単問中心。標準：複数条件や式変形を組み合わせ、見通しをもって処理する問題を入れる。
m-jh1-A-02-10s.txt,1-A-02-10,文字と式－文字式の利用（等式）,文字式の利用（等式）,問題4,標準レベル,61.2,±20.0,0.0170,数式処理・数量関係の理解,小学校算数の四則計算・数量関係,中1入学時平均を0、中3卒業時平均を300とする運用尺度で、学年内の学習順、問題レベル、問題文の特徴から校正した暫定値。基礎・標準問題は300超えを目標にせず、発展・模試過去問で300超えを扱う前提です。,基礎：用語・公式・計算手順を1つずつ確認する単問中心。標準：複数条件や式変形を組み合わせ、見通しをもって処理する問題を入れる。
m-jh1-A-02-11b.txt,1-A-02-11,文字と式－文字式の利用（不等式）,文字式の利用（不等式）,問題1,基礎レベル,36.8,±18.0,0.0140,数式処理・数量関係の理解,小学校算数の四則計算・数量関係,中1入学時平均を0、中3卒業時平均を300とする運用尺度で、学年内の学習順、問題レベル、問題文の特徴から校正した暫定値。基礎・標準問題は300超えを目標にせず、発展・模試過去問で300超えを扱う前提です。,基礎：用語・公式・計算手順を1つずつ確認する単問中心。標準：複数条件や式変形を組み合わせ、見通しをもって処理する問題を入れる。
m-jh1-A-02-11b.txt,1-A-02-11,文字と式－文字式の利用（不等式）,文字式の利用（不等式）,問題2,基礎レベル,39.8,±18.0,0.0144,数式処理・数量関係の理解,小学校算数の四則計算・数量関係,中1入学時平均を0、中3卒業時平均を300とする運用尺度で、学年内の学習順、問題レベル、問題文の特徴から校正した暫定値。基礎・標準問題は300超えを目標にせず、発展・模試過去問で300超えを扱う前提です。,基礎：用語・公式・計算手順を1つずつ確認する単問中心。標準：複数条件や式変形を組み合わせ、見通しをもって処理する問題を入れる。
m-jh1-A-02-11b.txt,1-A-02-11,文字と式－文字式の利用（不等式）,文字式の利用（不等式）,問題3,基礎レベル,42.8,±18.0,0.0148,数式処理・数量関係の理解,小学校算数の四則計算・数量関係,中1入学時平均を0、中3卒業時平均を300とする運用尺度で、学年内の学習順、問題レベル、問題文の特徴から校正した暫定値。基礎・標準問題は300超えを目標にせず、発展・模試過去問で300超えを扱う前提です。,基礎：用語・公式・計算手順を1つずつ確認する単問中心。標準：複数条件や式変形を組み合わせ、見通しをもって処理する問題を入れる。
m-jh1-A-02-11b.txt,1-A-02-11,文字と式－文字式の利用（不等式）,文字式の利用（不等式）,問題4,基礎レベル,45.8,±18.0,0.0152,数式処理・数量関係の理解,小学校算数の四則計算・数量関係,中1入学時平均を0、中3卒業時平均を300とする運用尺度で、学年内の学習順、問題レベル、問題文の特徴から校正した暫定値。基礎・標準問題は300超えを目標にせず、発展・模試過去問で300超えを扱う前提です。,基礎：用語・公式・計算手順を1つずつ確認する単問中心。標準：複数条件や式変形を組み合わせ、見通しをもって処理する問題を入れる。
m-jh1-A-02-11s.txt,1-A-02-11,文字と式－文字式の利用（不等式）,文字式の利用（不等式）,問題1,標準レベル,53.3,±20.0,0.0158,数式処理・数量関係の理解,小学校算数の四則計算・数量関係,中1入学時平均を0、中3卒業時平均を300とする運用尺度で、学年内の学習順、問題レベル、問題文の特徴から校正した暫定値。基礎・標準問題は300超えを目標にせず、発展・模試過去問で300超えを扱う前提です。,基礎：用語・公式・計算手順を1つずつ確認する単問中心。標準：複数条件や式変形を組み合わせ、見通しをもって処理する問題を入れる。
m-jh1-A-02-11s.txt,1-A-02-11,文字と式－文字式の利用（不等式）,文字式の利用（不等式）,問題2,標準レベル,56.3,±20.0,0.0162,数式処理・数量関係の理解,小学校算数の四則計算・数量関係,中1入学時平均を0、中3卒業時平均を300とする運用尺度で、学年内の学習順、問題レベル、問題文の特徴から校正した暫定値。基礎・標準問題は300超えを目標にせず、発展・模試過去問で300超えを扱う前提です。,基礎：用語・公式・計算手順を1つずつ確認する単問中心。標準：複数条件や式変形を組み合わせ、見通しをもって処理する問題を入れる。
m-jh1-A-02-11s.txt,1-A-02-11,文字と式－文字式の利用（不等式）,文字式の利用（不等式）,問題3,標準レベル,59.3,±20.0,0.0166,数式処理・数量関係の理解,小学校算数の四則計算・数量関係,中1入学時平均を0、中3卒業時平均を300とする運用尺度で、学年内の学習順、問題レベル、問題文の特徴から校正した暫定値。基礎・標準問題は300超えを目標にせず、発展・模試過去問で300超えを扱う前提です。,基礎：用語・公式・計算手順を1つずつ確認する単問中心。標準：複数条件や式変形を組み合わせ、見通しをもって処理する問題を入れる。
m-jh1-A-02-11s.txt,1-A-02-11,文字と式－文字式の利用（不等式）,文字式の利用（不等式）,問題4,標準レベル,62.3,±20.0,0.0170,数式処理・数量関係の理解,小学校算数の四則計算・数量関係,中1入学時平均を0、中3卒業時平均を300とする運用尺度で、学年内の学習順、問題レベル、問題文の特徴から校正した暫定値。基礎・標準問題は300超えを目標にせず、発展・模試過去問で300超えを扱う前提です。,基礎：用語・公式・計算手順を1つずつ確認する単問中心。標準：複数条件や式変形を組み合わせ、見通しをもって処理する問題を入れる。
m-jh1-A-03-01b.txt,1-A-03-01,１次方程式－方程式とその解（代入）①,方程式とその解（代入）①,問題1,基礎レベル,37.9,±18.0,0.0140,数式処理・数量関係の理解,小学校算数の四則計算・数量関係,中1入学時平均を0、中3卒業時平均を300とする運用尺度で、学年内の学習順、問題レベル、問題文の特徴から校正した暫定値。基礎・標準問題は300超えを目標にせず、発展・模試過去問で300超えを扱う前提です。,基礎：用語・公式・計算手順を1つずつ確認する単問中心。標準：複数条件や式変形を組み合わせ、見通しをもって処理する問題を入れる。
m-jh1-A-03-01b.txt,1-A-03-01,１次方程式－方程式とその解（代入）①,方程式とその解（代入）①,問題2,基礎レベル,40.9,±18.0,0.0144,数式処理・数量関係の理解,小学校算数の四則計算・数量関係,中1入学時平均を0、中3卒業時平均を300とする運用尺度で、学年内の学習順、問題レベル、問題文の特徴から校正した暫定値。基礎・標準問題は300超えを目標にせず、発展・模試過去問で300超えを扱う前提です。,基礎：用語・公式・計算手順を1つずつ確認する単問中心。標準：複数条件や式変形を組み合わせ、見通しをもって処理する問題を入れる。
m-jh1-A-03-02b.txt,1-A-03-02,１次方程式－方程式とその解（代入）②,方程式とその解（代入）②,問題1,基礎レベル,38.5,±18.0,0.0140,数式処理・数量関係の理解,小学校算数の四則計算・数量関係,中1入学時平均を0、中3卒業時平均を300とする運用尺度で、学年内の学習順、問題レベル、問題文の特徴から校正した暫定値。基礎・標準問題は300超えを目標にせず、発展・模試過去問で300超えを扱う前提です。,基礎：用語・公式・計算手順を1つずつ確認する単問中心。標準：複数条件や式変形を組み合わせ、見通しをもって処理する問題を入れる。
m-jh1-A-03-02b.txt,1-A-03-02,１次方程式－方程式とその解（代入）②,方程式とその解（代入）②,問題2,基礎レベル,41.5,±18.0,0.0144,数式処理・数量関係の理解,小学校算数の四則計算・数量関係,中1入学時平均を0、中3卒業時平均を300とする運用尺度で、学年内の学習順、問題レベル、問題文の特徴から校正した暫定値。基礎・標準問題は300超えを目標にせず、発展・模試過去問で300超えを扱う前提です。,基礎：用語・公式・計算手順を1つずつ確認する単問中心。標準：複数条件や式変形を組み合わせ、見通しをもって処理する問題を入れる。
m-jh1-A-03-03b.txt,1-A-03-03,１次方程式－等式の性質（加法性質・減法性質・乗法性質・除法性質）,等式の性質（加法性質・減法性質・乗法性質・除法性質）,問題1,基礎レベル,39.0,±18.0,0.0140,数式処理・数量関係の理解,小学校算数の四則計算・数量関係,中1入学時平均を0、中3卒業時平均を300とする運用尺度で、学年内の学習順、問題レベル、問題文の特徴から校正した暫定値。基礎・標準問題は300超えを目標にせず、発展・模試過去問で300超えを扱う前提です。,基礎：用語・公式・計算手順を1つずつ確認する単問中心。標準：複数条件や式変形を組み合わせ、見通しをもって処理する問題を入れる。
m-jh1-A-03-03b.txt,1-A-03-03,１次方程式－等式の性質（加法性質・減法性質・乗法性質・除法性質）,等式の性質（加法性質・減法性質・乗法性質・除法性質）,問題2,基礎レベル,42.0,±18.0,0.0144,数式処理・数量関係の理解,小学校算数の四則計算・数量関係,中1入学時平均を0、中3卒業時平均を300とする運用尺度で、学年内の学習順、問題レベル、問題文の特徴から校正した暫定値。基礎・標準問題は300超えを目標にせず、発展・模試過去問で300超えを扱う前提です。,基礎：用語・公式・計算手順を1つずつ確認する単問中心。標準：複数条件や式変形を組み合わせ、見通しをもって処理する問題を入れる。
m-jh1-A-03-03b.txt,1-A-03-03,１次方程式－等式の性質（加法性質・減法性質・乗法性質・除法性質）,等式の性質（加法性質・減法性質・乗法性質・除法性質）,問題3,基礎レベル,45.0,±18.0,0.0148,数式処理・数量関係の理解,小学校算数の四則計算・数量関係,中1入学時平均を0、中3卒業時平均を300とする運用尺度で、学年内の学習順、問題レベル、問題文の特徴から校正した暫定値。基礎・標準問題は300超えを目標にせず、発展・模試過去問で300超えを扱う前提です。,基礎：用語・公式・計算手順を1つずつ確認する単問中心。標準：複数条件や式変形を組み合わせ、見通しをもって処理する問題を入れる。
m-jh1-A-03-03b.txt,1-A-03-03,１次方程式－等式の性質（加法性質・減法性質・乗法性質・除法性質）,等式の性質（加法性質・減法性質・乗法性質・除法性質）,問題4,基礎レベル,48.0,±18.0,0.0152,数式処理・数量関係の理解,小学校算数の四則計算・数量関係,中1入学時平均を0、中3卒業時平均を300とする運用尺度で、学年内の学習順、問題レベル、問題文の特徴から校正した暫定値。基礎・標準問題は300超えを目標にせず、発展・模試過去問で300超えを扱う前提です。,基礎：用語・公式・計算手順を1つずつ確認する単問中心。標準：複数条件や式変形を組み合わせ、見通しをもって処理する問題を入れる。
m-jh1-A-03-03b.txt,1-A-03-03,１次方程式－等式の性質（加法性質・減法性質・乗法性質・除法性質）,等式の性質（加法性質・減法性質・乗法性質・除法性質）,問題5,基礎レベル,51.0,±18.0,0.0152,数式処理・数量関係の理解,小学校算数の四則計算・数量関係,中1入学時平均を0、中3卒業時平均を300とする運用尺度で、学年内の学習順、問題レベル、問題文の特徴から校正した暫定値。基礎・標準問題は300超えを目標にせず、発展・模試過去問で300超えを扱う前提です。,基礎：用語・公式・計算手順を1つずつ確認する単問中心。標準：複数条件や式変形を組み合わせ、見通しをもって処理する問題を入れる。
m-jh1-A-03-03b.txt,1-A-03-03,１次方程式－等式の性質（加法性質・減法性質・乗法性質・除法性質）,等式の性質（加法性質・減法性質・乗法性質・除法性質）,問題6,基礎レベル,54.0,±18.0,0.0152,数式処理・数量関係の理解,小学校算数の四則計算・数量関係,中1入学時平均を0、中3卒業時平均を300とする運用尺度で、学年内の学習順、問題レベル、問題文の特徴から校正した暫定値。基礎・標準問題は300超えを目標にせず、発展・模試過去問で300超えを扱う前提です。,基礎：用語・公式・計算手順を1つずつ確認する単問中心。標準：複数条件や式変形を組み合わせ、見通しをもって処理する問題を入れる。
m-jh1-A-03-03b.txt,1-A-03-03,１次方程式－等式の性質（加法性質・減法性質・乗法性質・除法性質）,等式の性質（加法性質・減法性質・乗法性質・除法性質）,問題7,基礎レベル,57.0,±18.0,0.0152,数式処理・数量関係の理解,小学校算数の四則計算・数量関係,中1入学時平均を0、中3卒業時平均を300とする運用尺度で、学年内の学習順、問題レベル、問題文の特徴から校正した暫定値。基礎・標準問題は300超えを目標にせず、発展・模試過去問で300超えを扱う前提です。,基礎：用語・公式・計算手順を1つずつ確認する単問中心。標準：複数条件や式変形を組み合わせ、見通しをもって処理する問題を入れる。
m-jh1-A-03-03b.txt,1-A-03-03,１次方程式－等式の性質（加法性質・減法性質・乗法性質・除法性質）,等式の性質（加法性質・減法性質・乗法性質・除法性質）,問題8,基礎レベル,60.0,±18.0,0.0152,数式処理・数量関係の理解,小学校算数の四則計算・数量関係,中1入学時平均を0、中3卒業時平均を300とする運用尺度で、学年内の学習順、問題レベル、問題文の特徴から校正した暫定値。基礎・標準問題は300超えを目標にせず、発展・模試過去問で300超えを扱う前提です。,基礎：用語・公式・計算手順を1つずつ確認する単問中心。標準：複数条件や式変形を組み合わせ、見通しをもって処理する問題を入れる。
m-jh1-A-03-03s.txt,1-A-03-03,１次方程式－等式の性質（加法性質・減法性質・乗法性質・除法性質）,等式の性質（加法性質・減法性質・乗法性質・除法性質）,問題1,標準レベル,55.6,±20.0,0.0158,数式処理・数量関係の理解,小学校算数の四則計算・数量関係,中1入学時平均を0、中3卒業時平均を300とする運用尺度で、学年内の学習順、問題レベル、問題文の特徴から校正した暫定値。基礎・標準問題は300超えを目標にせず、発展・模試過去問で300超えを扱う前提です。,基礎：用語・公式・計算手順を1つずつ確認する単問中心。標準：複数条件や式変形を組み合わせ、見通しをもって処理する問題を入れる。
m-jh1-A-03-03s.txt,1-A-03-03,１次方程式－等式の性質（加法性質・減法性質・乗法性質・除法性質）,等式の性質（加法性質・減法性質・乗法性質・除法性質）,問題2,標準レベル,58.6,±20.0,0.0162,数式処理・数量関係の理解,小学校算数の四則計算・数量関係,中1入学時平均を0、中3卒業時平均を300とする運用尺度で、学年内の学習順、問題レベル、問題文の特徴から校正した暫定値。基礎・標準問題は300超えを目標にせず、発展・模試過去問で300超えを扱う前提です。,基礎：用語・公式・計算手順を1つずつ確認する単問中心。標準：複数条件や式変形を組み合わせ、見通しをもって処理する問題を入れる。
m-jh1-A-03-04b.txt,1-A-03-04,１次方程式－移項を利用した１次方程式の解き方,移項を利用した１次方程式の解き方,問題1,基礎レベル,40.2,±18.0,0.0140,数式処理・数量関係の理解,小学校算数の四則計算・数量関係,中1入学時平均を0、中3卒業時平均を300とする運用尺度で、学年内の学習順、問題レベル、問題文の特徴から校正した暫定値。基礎・標準問題は300超えを目標にせず、発展・模試過去問で300超えを扱う前提です。,基礎：用語・公式・計算手順を1つずつ確認する単問中心。標準：複数条件や式変形を組み合わせ、見通しをもって処理する問題を入れる。
m-jh1-A-03-04b.txt,1-A-03-04,１次方程式－移項を利用した１次方程式の解き方,移項を利用した１次方程式の解き方,問題2,基礎レベル,43.2,±18.0,0.0144,数式処理・数量関係の理解,小学校算数の四則計算・数量関係,中1入学時平均を0、中3卒業時平均を300とする運用尺度で、学年内の学習順、問題レベル、問題文の特徴から校正した暫定値。基礎・標準問題は300超えを目標にせず、発展・模試過去問で300超えを扱う前提です。,基礎：用語・公式・計算手順を1つずつ確認する単問中心。標準：複数条件や式変形を組み合わせ、見通しをもって処理する問題を入れる。
m-jh1-A-03-04b.txt,1-A-03-04,１次方程式－移項を利用した１次方程式の解き方,移項を利用した１次方程式の解き方,問題3,基礎レベル,46.2,±18.0,0.0148,数式処理・数量関係の理解,小学校算数の四則計算・数量関係,中1入学時平均を0、中3卒業時平均を300とする運用尺度で、学年内の学習順、問題レベル、問題文の特徴から校正した暫定値。基礎・標準問題は300超えを目標にせず、発展・模試過去問で300超えを扱う前提です。,基礎：用語・公式・計算手順を1つずつ確認する単問中心。標準：複数条件や式変形を組み合わせ、見通しをもって処理する問題を入れる。
m-jh1-A-03-04b.txt,1-A-03-04,１次方程式－移項を利用した１次方程式の解き方,移項を利用した１次方程式の解き方,問題4,基礎レベル,49.2,±18.0,0.0152,数式処理・数量関係の理解,小学校算数の四則計算・数量関係,中1入学時平均を0、中3卒業時平均を300とする運用尺度で、学年内の学習順、問題レベル、問題文の特徴から校正した暫定値。基礎・標準問題は300超えを目標にせず、発展・模試過去問で300超えを扱う前提です。,基礎：用語・公式・計算手順を1つずつ確認する単問中心。標準：複数条件や式変形を組み合わせ、見通しをもって処理する問題を入れる。
m-jh1-A-03-04s.txt,1-A-03-04,１次方程式－移項を利用した１次方程式の解き方,移項を利用した１次方程式の解き方,問題1,標準レベル,56.7,±20.0,0.0158,数式処理・数量関係の理解,小学校算数の四則計算・数量関係,中1入学時平均を0、中3卒業時平均を300とする運用尺度で、学年内の学習順、問題レベル、問題文の特徴から校正した暫定値。基礎・標準問題は300超えを目標にせず、発展・模試過去問で300超えを扱う前提です。,基礎：用語・公式・計算手順を1つずつ確認する単問中心。標準：複数条件や式変形を組み合わせ、見通しをもって処理する問題を入れる。
m-jh1-A-03-04s.txt,1-A-03-04,１次方程式－移項を利用した１次方程式の解き方,移項を利用した１次方程式の解き方,問題2,標準レベル,59.7,±20.0,0.0162,数式処理・数量関係の理解,小学校算数の四則計算・数量関係,中1入学時平均を0、中3卒業時平均を300とする運用尺度で、学年内の学習順、問題レベル、問題文の特徴から校正した暫定値。基礎・標準問題は300超えを目標にせず、発展・模試過去問で300超えを扱う前提です。,基礎：用語・公式・計算手順を1つずつ確認する単問中心。標準：複数条件や式変形を組み合わせ、見通しをもって処理する問題を入れる。
m-jh1-A-03-05b.txt,1-A-03-05,１次方程式－かっこのある方程式の解き方,かっこのある方程式の解き方,問題1,基礎レベル,41.3,±18.0,0.0140,数式処理・数量関係の理解,小学校算数の四則計算・数量関係,中1入学時平均を0、中3卒業時平均を300とする運用尺度で、学年内の学習順、問題レベル、問題文の特徴から校正した暫定値。基礎・標準問題は300超えを目標にせず、発展・模試過去問で300超えを扱う前提です。,基礎：用語・公式・計算手順を1つずつ確認する単問中心。標準：複数条件や式変形を組み合わせ、見通しをもって処理する問題を入れる。
m-jh1-A-03-05b.txt,1-A-03-05,１次方程式－かっこのある方程式の解き方,かっこのある方程式の解き方,問題2,基礎レベル,44.3,±18.0,0.0144,数式処理・数量関係の理解,小学校算数の四則計算・数量関係,中1入学時平均を0、中3卒業時平均を300とする運用尺度で、学年内の学習順、問題レベル、問題文の特徴から校正した暫定値。基礎・標準問題は300超えを目標にせず、発展・模試過去問で300超えを扱う前提です。,基礎：用語・公式・計算手順を1つずつ確認する単問中心。標準：複数条件や式変形を組み合わせ、見通しをもって処理する問題を入れる。
m-jh1-A-03-05s.txt,1-A-03-05,１次方程式－かっこのある方程式の解き方,かっこのある方程式の解き方,問題1,標準レベル,57.9,±20.0,0.0158,数式処理・数量関係の理解,小学校算数の四則計算・数量関係,中1入学時平均を0、中3卒業時平均を300とする運用尺度で、学年内の学習順、問題レベル、問題文の特徴から校正した暫定値。基礎・標準問題は300超えを目標にせず、発展・模試過去問で300超えを扱う前提です。,基礎：用語・公式・計算手順を1つずつ確認する単問中心。標準：複数条件や式変形を組み合わせ、見通しをもって処理する問題を入れる。
m-jh1-A-03-05s.txt,1-A-03-05,１次方程式－かっこのある方程式の解き方,かっこのある方程式の解き方,問題2,標準レベル,60.9,±20.0,0.0162,数式処理・数量関係の理解,小学校算数の四則計算・数量関係,中1入学時平均を0、中3卒業時平均を300とする運用尺度で、学年内の学習順、問題レベル、問題文の特徴から校正した暫定値。基礎・標準問題は300超えを目標にせず、発展・模試過去問で300超えを扱う前提です。,基礎：用語・公式・計算手順を1つずつ確認する単問中心。標準：複数条件や式変形を組み合わせ、見通しをもって処理する問題を入れる。
m-jh1-A-03-06b.txt,1-A-03-06,１次方程式－小数が含まれる方程式の解き方,小数が含まれる方程式の解き方,問題1,基礎レベル,42.4,±18.0,0.0140,数式処理・数量関係の理解,小学校算数の四則計算・数量関係,中1入学時平均を0、中3卒業時平均を300とする運用尺度で、学年内の学習順、問題レベル、問題文の特徴から校正した暫定値。基礎・標準問題は300超えを目標にせず、発展・模試過去問で300超えを扱う前提です。,基礎：用語・公式・計算手順を1つずつ確認する単問中心。標準：複数条件や式変形を組み合わせ、見通しをもって処理する問題を入れる。
m-jh1-A-03-06b.txt,1-A-03-06,１次方程式－小数が含まれる方程式の解き方,小数が含まれる方程式の解き方,問題2,基礎レベル,45.4,±18.0,0.0144,数式処理・数量関係の理解,小学校算数の四則計算・数量関係,中1入学時平均を0、中3卒業時平均を300とする運用尺度で、学年内の学習順、問題レベル、問題文の特徴から校正した暫定値。基礎・標準問題は300超えを目標にせず、発展・模試過去問で300超えを扱う前提です。,基礎：用語・公式・計算手順を1つずつ確認する単問中心。標準：複数条件や式変形を組み合わせ、見通しをもって処理する問題を入れる。
m-jh1-A-03-06s.txt,1-A-03-06,１次方程式－小数が含まれる方程式の解き方,小数が含まれる方程式の解き方,問題1,標準レベル,59.0,±20.0,0.0158,数式処理・数量関係の理解,小学校算数の四則計算・数量関係,中1入学時平均を0、中3卒業時平均を300とする運用尺度で、学年内の学習順、問題レベル、問題文の特徴から校正した暫定値。基礎・標準問題は300超えを目標にせず、発展・模試過去問で300超えを扱う前提です。,基礎：用語・公式・計算手順を1つずつ確認する単問中心。標準：複数条件や式変形を組み合わせ、見通しをもって処理する問題を入れる。
m-jh1-A-03-06s.txt,1-A-03-06,１次方程式－小数が含まれる方程式の解き方,小数が含まれる方程式の解き方,問題2,標準レベル,62.0,±20.0,0.0162,数式処理・数量関係の理解,小学校算数の四則計算・数量関係,中1入学時平均を0、中3卒業時平均を300とする運用尺度で、学年内の学習順、問題レベル、問題文の特徴から校正した暫定値。基礎・標準問題は300超えを目標にせず、発展・模試過去問で300超えを扱う前提です。,基礎：用語・公式・計算手順を1つずつ確認する単問中心。標準：複数条件や式変形を組み合わせ、見通しをもって処理する問題を入れる。
m-jh1-A-03-07b.txt,1-A-03-07,１次方程式－分数が含まれる方程式の解き方,分数が含まれる方程式の解き方,問題1,基礎レベル,43.6,±18.0,0.0140,数式処理・数量関係の理解,小学校算数の四則計算・数量関係,中1入学時平均を0、中3卒業時平均を300とする運用尺度で、学年内の学習順、問題レベル、問題文の特徴から校正した暫定値。基礎・標準問題は300超えを目標にせず、発展・模試過去問で300超えを扱う前提です。,基礎：用語・公式・計算手順を1つずつ確認する単問中心。標準：複数条件や式変形を組み合わせ、見通しをもって処理する問題を入れる。
m-jh1-A-03-07b.txt,1-A-03-07,１次方程式－分数が含まれる方程式の解き方,分数が含まれる方程式の解き方,問題2,基礎レベル,46.6,±18.0,0.0144,数式処理・数量関係の理解,小学校算数の四則計算・数量関係,中1入学時平均を0、中3卒業時平均を300とする運用尺度で、学年内の学習順、問題レベル、問題文の特徴から校正した暫定値。基礎・標準問題は300超えを目標にせず、発展・模試過去問で300超えを扱う前提です。,基礎：用語・公式・計算手順を1つずつ確認する単問中心。標準：複数条件や式変形を組み合わせ、見通しをもって処理する問題を入れる。
m-jh1-A-03-07s.txt,1-A-03-07,１次方程式－分数が含まれる方程式の解き方,分数が含まれる方程式の解き方,問題1,標準レベル,60.1,±20.0,0.0158,数式処理・数量関係の理解,小学校算数の四則計算・数量関係,中1入学時平均を0、中3卒業時平均を300とする運用尺度で、学年内の学習順、問題レベル、問題文の特徴から校正した暫定値。基礎・標準問題は300超えを目標にせず、発展・模試過去問で300超えを扱う前提です。,基礎：用語・公式・計算手順を1つずつ確認する単問中心。標準：複数条件や式変形を組み合わせ、見通しをもって処理する問題を入れる。
m-jh1-A-03-07s.txt,1-A-03-07,１次方程式－分数が含まれる方程式の解き方,分数が含まれる方程式の解き方,問題2,標準レベル,63.1,±20.0,0.0162,数式処理・数量関係の理解,小学校算数の四則計算・数量関係,中1入学時平均を0、中3卒業時平均を300とする運用尺度で、学年内の学習順、問題レベル、問題文の特徴から校正した暫定値。基礎・標準問題は300超えを目標にせず、発展・模試過去問で300超えを扱う前提です。,基礎：用語・公式・計算手順を1つずつ確認する単問中心。標準：複数条件や式変形を組み合わせ、見通しをもって処理する問題を入れる。
m-jh1-A-03-08b.txt,1-A-03-08,１次方程式－比例式,比例式,問題1,基礎レベル,44.7,±18.0,0.0140,数式処理・数量関係の理解,小学校算数の四則計算・数量関係,中1入学時平均を0、中3卒業時平均を300とする運用尺度で、学年内の学習順、問題レベル、問題文の特徴から校正した暫定値。基礎・標準問題は300超えを目標にせず、発展・模試過去問で300超えを扱う前提です。,基礎：用語・公式・計算手順を1つずつ確認する単問中心。標準：複数条件や式変形を組み合わせ、見通しをもって処理する問題を入れる。
m-jh1-A-03-08b.txt,1-A-03-08,１次方程式－比例式,比例式,問題2,基礎レベル,47.7,±18.0,0.0144,数式処理・数量関係の理解,小学校算数の四則計算・数量関係,中1入学時平均を0、中3卒業時平均を300とする運用尺度で、学年内の学習順、問題レベル、問題文の特徴から校正した暫定値。基礎・標準問題は300超えを目標にせず、発展・模試過去問で300超えを扱う前提です。,基礎：用語・公式・計算手順を1つずつ確認する単問中心。標準：複数条件や式変形を組み合わせ、見通しをもって処理する問題を入れる。
m-jh1-A-03-08s.txt,1-A-03-08,１次方程式－比例式,比例式,問題1,標準レベル,61.3,±20.0,0.0158,数式処理・数量関係の理解,小学校算数の四則計算・数量関係,中1入学時平均を0、中3卒業時平均を300とする運用尺度で、学年内の学習順、問題レベル、問題文の特徴から校正した暫定値。基礎・標準問題は300超えを目標にせず、発展・模試過去問で300超えを扱う前提です。,基礎：用語・公式・計算手順を1つずつ確認する単問中心。標準：複数条件や式変形を組み合わせ、見通しをもって処理する問題を入れる。
m-jh1-A-03-08s.txt,1-A-03-08,１次方程式－比例式,比例式,問題2,標準レベル,64.3,±20.0,0.0162,数式処理・数量関係の理解,小学校算数の四則計算・数量関係,中1入学時平均を0、中3卒業時平均を300とする運用尺度で、学年内の学習順、問題レベル、問題文の特徴から校正した暫定値。基礎・標準問題は300超えを目標にせず、発展・模試過去問で300超えを扱う前提です。,基礎：用語・公式・計算手順を1つずつ確認する単問中心。標準：複数条件や式変形を組み合わせ、見通しをもって処理する問題を入れる。
m-jh1-A-03-09b.txt,1-A-03-09,１次方程式－方程式の解と定数,方程式の解と定数,問題1,基礎レベル,45.8,±18.0,0.0140,数式処理・数量関係の理解,小学校算数の四則計算・数量関係,中1入学時平均を0、中3卒業時平均を300とする運用尺度で、学年内の学習順、問題レベル、問題文の特徴から校正した暫定値。基礎・標準問題は300超えを目標にせず、発展・模試過去問で300超えを扱う前提です。,基礎：用語・公式・計算手順を1つずつ確認する単問中心。標準：複数条件や式変形を組み合わせ、見通しをもって処理する問題を入れる。
m-jh1-A-03-09b.txt,1-A-03-09,１次方程式－方程式の解と定数,方程式の解と定数,問題2,基礎レベル,48.8,±18.0,0.0144,数式処理・数量関係の理解,小学校算数の四則計算・数量関係,中1入学時平均を0、中3卒業時平均を300とする運用尺度で、学年内の学習順、問題レベル、問題文の特徴から校正した暫定値。基礎・標準問題は300超えを目標にせず、発展・模試過去問で300超えを扱う前提です。,基礎：用語・公式・計算手順を1つずつ確認する単問中心。標準：複数条件や式変形を組み合わせ、見通しをもって処理する問題を入れる。
m-jh1-A-03-09s.txt,1-A-03-09,１次方程式－方程式の解と定数,方程式の解と定数,問題1,標準レベル,62.4,±20.0,0.0158,数式処理・数量関係の理解,小学校算数の四則計算・数量関係,中1入学時平均を0、中3卒業時平均を300とする運用尺度で、学年内の学習順、問題レベル、問題文の特徴から校正した暫定値。基礎・標準問題は300超えを目標にせず、発展・模試過去問で300超えを扱う前提です。,基礎：用語・公式・計算手順を1つずつ確認する単問中心。標準：複数条件や式変形を組み合わせ、見通しをもって処理する問題を入れる。
m-jh1-A-03-10b.txt,1-A-03-10,１次方程式－代金の問題,代金の問題,問題1,基礎レベル,47.0,±18.0,0.0140,数式処理・数量関係の理解,小学校算数の四則計算・数量関係,中1入学時平均を0、中3卒業時平均を300とする運用尺度で、学年内の学習順、問題レベル、問題文の特徴から校正した暫定値。基礎・標準問題は300超えを目標にせず、発展・模試過去問で300超えを扱う前提です。,基礎：用語・公式・計算手順を1つずつ確認する単問中心。標準：複数条件や式変形を組み合わせ、見通しをもって処理する問題を入れる。
m-jh1-A-03-10b.txt,1-A-03-10,１次方程式－代金の問題,代金の問題,問題2,基礎レベル,50.0,±18.0,0.0144,数式処理・数量関係の理解,小学校算数の四則計算・数量関係,中1入学時平均を0、中3卒業時平均を300とする運用尺度で、学年内の学習順、問題レベル、問題文の特徴から校正した暫定値。基礎・標準問題は300超えを目標にせず、発展・模試過去問で300超えを扱う前提です。,基礎：用語・公式・計算手順を1つずつ確認する単問中心。標準：複数条件や式変形を組み合わせ、見通しをもって処理する問題を入れる。
m-jh1-A-03-10s.txt,1-A-03-10,１次方程式－代金の問題,代金の問題,問題1,標準レベル,63.5,±20.0,0.0158,数式処理・数量関係の理解,小学校算数の四則計算・数量関係,中1入学時平均を0、中3卒業時平均を300とする運用尺度で、学年内の学習順、問題レベル、問題文の特徴から校正した暫定値。基礎・標準問題は300超えを目標にせず、発展・模試過去問で300超えを扱う前提です。,基礎：用語・公式・計算手順を1つずつ確認する単問中心。標準：複数条件や式変形を組み合わせ、見通しをもって処理する問題を入れる。
m-jh1-A-03-10s.txt,1-A-03-10,１次方程式－代金の問題,代金の問題,問題2,標準レベル,66.5,±20.0,0.0162,数式処理・数量関係の理解,小学校算数の四則計算・数量関係,中1入学時平均を0、中3卒業時平均を300とする運用尺度で、学年内の学習順、問題レベル、問題文の特徴から校正した暫定値。基礎・標準問題は300超えを目標にせず、発展・模試過去問で300超えを扱う前提です。,基礎：用語・公式・計算手順を1つずつ確認する単問中心。標準：複数条件や式変形を組み合わせ、見通しをもって処理する問題を入れる。
m-jh1-A-03-11b.txt,1-A-03-11,１次方程式－過不足の問題,過不足の問題,問題1,基礎レベル,48.1,±18.0,0.0140,数式処理・数量関係の理解,小学校算数の四則計算・数量関係,中1入学時平均を0、中3卒業時平均を300とする運用尺度で、学年内の学習順、問題レベル、問題文の特徴から校正した暫定値。基礎・標準問題は300超えを目標にせず、発展・模試過去問で300超えを扱う前提です。,基礎：用語・公式・計算手順を1つずつ確認する単問中心。標準：複数条件や式変形を組み合わせ、見通しをもって処理する問題を入れる。
m-jh1-A-03-11b.txt,1-A-03-11,１次方程式－過不足の問題,過不足の問題,問題2,基礎レベル,51.1,±18.0,0.0144,数式処理・数量関係の理解,小学校算数の四則計算・数量関係,中1入学時平均を0、中3卒業時平均を300とする運用尺度で、学年内の学習順、問題レベル、問題文の特徴から校正した暫定値。基礎・標準問題は300超えを目標にせず、発展・模試過去問で300超えを扱う前提です。,基礎：用語・公式・計算手順を1つずつ確認する単問中心。標準：複数条件や式変形を組み合わせ、見通しをもって処理する問題を入れる。
m-jh1-A-03-11s.txt,1-A-03-11,１次方程式－過不足の問題,過不足の問題,問題1,標準レベル,64.7,±20.0,0.0158,数式処理・数量関係の理解,小学校算数の四則計算・数量関係,中1入学時平均を0、中3卒業時平均を300とする運用尺度で、学年内の学習順、問題レベル、問題文の特徴から校正した暫定値。基礎・標準問題は300超えを目標にせず、発展・模試過去問で300超えを扱う前提です。,基礎：用語・公式・計算手順を1つずつ確認する単問中心。標準：複数条件や式変形を組み合わせ、見通しをもって処理する問題を入れる。
m-jh1-A-03-11s.txt,1-A-03-11,１次方程式－過不足の問題,過不足の問題,問題2,標準レベル,67.7,±20.0,0.0162,数式処理・数量関係の理解,小学校算数の四則計算・数量関係,中1入学時平均を0、中3卒業時平均を300とする運用尺度で、学年内の学習順、問題レベル、問題文の特徴から校正した暫定値。基礎・標準問題は300超えを目標にせず、発展・模試過去問で300超えを扱う前提です。,基礎：用語・公式・計算手順を1つずつ確認する単問中心。標準：複数条件や式変形を組み合わせ、見通しをもって処理する問題を入れる。
m-jh1-A-03-12b.txt,1-A-03-12,１次方程式－速さに関する問題,速さに関する問題,問題1,基礎レベル,49.2,±18.0,0.0140,数式処理・数量関係の理解,小学校算数の四則計算・数量関係,中1入学時平均を0、中3卒業時平均を300とする運用尺度で、学年内の学習順、問題レベル、問題文の特徴から校正した暫定値。基礎・標準問題は300超えを目標にせず、発展・模試過去問で300超えを扱う前提です。,基礎：用語・公式・計算手順を1つずつ確認する単問中心。標準：複数条件や式変形を組み合わせ、見通しをもって処理する問題を入れる。
m-jh1-A-03-12b.txt,1-A-03-12,１次方程式－速さに関する問題,速さに関する問題,問題2,基礎レベル,52.2,±18.0,0.0144,数式処理・数量関係の理解,小学校算数の四則計算・数量関係,中1入学時平均を0、中3卒業時平均を300とする運用尺度で、学年内の学習順、問題レベル、問題文の特徴から校正した暫定値。基礎・標準問題は300超えを目標にせず、発展・模試過去問で300超えを扱う前提です。,基礎：用語・公式・計算手順を1つずつ確認する単問中心。標準：複数条件や式変形を組み合わせ、見通しをもって処理する問題を入れる。
m-jh1-A-03-12s.txt,1-A-03-12,１次方程式－速さに関する問題,速さに関する問題,問題1,標準レベル,65.8,±20.0,0.0158,数式処理・数量関係の理解,小学校算数の四則計算・数量関係,中1入学時平均を0、中3卒業時平均を300とする運用尺度で、学年内の学習順、問題レベル、問題文の特徴から校正した暫定値。基礎・標準問題は300超えを目標にせず、発展・模試過去問で300超えを扱う前提です。,基礎：用語・公式・計算手順を1つずつ確認する単問中心。標準：複数条件や式変形を組み合わせ、見通しをもって処理する問題を入れる。
m-jh1-A-03-12s.txt,1-A-03-12,１次方程式－速さに関する問題,速さに関する問題,問題2,標準レベル,68.8,±20.0,0.0162,数式処理・数量関係の理解,小学校算数の四則計算・数量関係,中1入学時平均を0、中3卒業時平均を300とする運用尺度で、学年内の学習順、問題レベル、問題文の特徴から校正した暫定値。基礎・標準問題は300超えを目標にせず、発展・模試過去問で300超えを扱う前提です。,基礎：用語・公式・計算手順を1つずつ確認する単問中心。標準：複数条件や式変形を組み合わせ、見通しをもって処理する問題を入れる。
m-jh1-A-03-13b.txt,1-A-03-13,１次方程式－割合問題,割合問題,問題1,基礎レベル,50.3,±18.0,0.0140,数式処理・数量関係の理解,小学校算数の四則計算・数量関係,中1入学時平均を0、中3卒業時平均を300とする運用尺度で、学年内の学習順、問題レベル、問題文の特徴から校正した暫定値。基礎・標準問題は300超えを目標にせず、発展・模試過去問で300超えを扱う前提です。,基礎：用語・公式・計算手順を1つずつ確認する単問中心。標準：複数条件や式変形を組み合わせ、見通しをもって処理する問題を入れる。
m-jh1-A-03-13b.txt,1-A-03-13,１次方程式－割合問題,割合問題,問題2,基礎レベル,53.3,±18.0,0.0144,数式処理・数量関係の理解,小学校算数の四則計算・数量関係,中1入学時平均を0、中3卒業時平均を300とする運用尺度で、学年内の学習順、問題レベル、問題文の特徴から校正した暫定値。基礎・標準問題は300超えを目標にせず、発展・模試過去問で300超えを扱う前提です。,基礎：用語・公式・計算手順を1つずつ確認する単問中心。標準：複数条件や式変形を組み合わせ、見通しをもって処理する問題を入れる。
m-jh1-A-03-13b.txt,1-A-03-13,１次方程式－割合問題,割合問題,問題3,基礎レベル,56.3,±18.0,0.0148,数式処理・数量関係の理解,小学校算数の四則計算・数量関係,中1入学時平均を0、中3卒業時平均を300とする運用尺度で、学年内の学習順、問題レベル、問題文の特徴から校正した暫定値。基礎・標準問題は300超えを目標にせず、発展・模試過去問で300超えを扱う前提です。,基礎：用語・公式・計算手順を1つずつ確認する単問中心。標準：複数条件や式変形を組み合わせ、見通しをもって処理する問題を入れる。
m-jh1-A-03-13s.txt,1-A-03-13,１次方程式－割合問題,割合問題,問題1,標準レベル,66.9,±20.0,0.0158,数式処理・数量関係の理解,小学校算数の四則計算・数量関係,中1入学時平均を0、中3卒業時平均を300とする運用尺度で、学年内の学習順、問題レベル、問題文の特徴から校正した暫定値。基礎・標準問題は300超えを目標にせず、発展・模試過去問で300超えを扱う前提です。,基礎：用語・公式・計算手順を1つずつ確認する単問中心。標準：複数条件や式変形を組み合わせ、見通しをもって処理する問題を入れる。
m-jh1-A-03-13s.txt,1-A-03-13,１次方程式－割合問題,割合問題,問題2,標準レベル,69.9,±20.0,0.0162,数式処理・数量関係の理解,小学校算数の四則計算・数量関係,中1入学時平均を0、中3卒業時平均を300とする運用尺度で、学年内の学習順、問題レベル、問題文の特徴から校正した暫定値。基礎・標準問題は300超えを目標にせず、発展・模試過去問で300超えを扱う前提です。,基礎：用語・公式・計算手順を1つずつ確認する単問中心。標準：複数条件や式変形を組み合わせ、見通しをもって処理する問題を入れる。
m-jh1-A-03-13s.txt,1-A-03-13,１次方程式－割合問題,割合問題,問題3,標準レベル,72.9,±20.0,0.0166,数式処理・数量関係の理解,小学校算数の四則計算・数量関係,中1入学時平均を0、中3卒業時平均を300とする運用尺度で、学年内の学習順、問題レベル、問題文の特徴から校正した暫定値。基礎・標準問題は300超えを目標にせず、発展・模試過去問で300超えを扱う前提です。,基礎：用語・公式・計算手順を1つずつ確認する単問中心。標準：複数条件や式変形を組み合わせ、見通しをもって処理する問題を入れる。
m-jh1-B-01-01b.txt,1-B-01-01,比例－関数とは？,関数とは？,問題1,基礎レベル,51.5,±18.0,0.0140,関数関係・グラフの読み取り,座標・比例反比例の基礎・数の計算,中1入学時平均を0、中3卒業時平均を300とする運用尺度で、学年内の学習順、問題レベル、問題文の特徴から校正した暫定値。基礎・標準問題は300超えを目標にせず、発展・模試過去問で300超えを扱う前提です。,基礎：表・式・グラフの対応を直接確認する問題中心。標準：読み取り、式化、グラフ利用を組み合わせる問題を入れる。
m-jh1-B-01-01b.txt,1-B-01-01,比例－関数とは？,関数とは？,問題2,基礎レベル,54.5,±18.0,0.0144,関数関係・グラフの読み取り,座標・比例反比例の基礎・数の計算,中1入学時平均を0、中3卒業時平均を300とする運用尺度で、学年内の学習順、問題レベル、問題文の特徴から校正した暫定値。基礎・標準問題は300超えを目標にせず、発展・模試過去問で300超えを扱う前提です。,基礎：表・式・グラフの対応を直接確認する問題中心。標準：読み取り、式化、グラフ利用を組み合わせる問題を入れる。
m-jh1-B-01-01b.txt,1-B-01-01,比例－関数とは？,関数とは？,問題3,基礎レベル,57.5,±18.0,0.0148,関数関係・グラフの読み取り,座標・比例反比例の基礎・数の計算,中1入学時平均を0、中3卒業時平均を300とする運用尺度で、学年内の学習順、問題レベル、問題文の特徴から校正した暫定値。基礎・標準問題は300超えを目標にせず、発展・模試過去問で300超えを扱う前提です。,基礎：表・式・グラフの対応を直接確認する問題中心。標準：読み取り、式化、グラフ利用を組み合わせる問題を入れる。
m-jh1-B-01-01b.txt,1-B-01-01,比例－関数とは？,関数とは？,問題4,基礎レベル,60.5,±18.0,0.0152,関数関係・グラフの読み取り,座標・比例反比例の基礎・数の計算,中1入学時平均を0、中3卒業時平均を300とする運用尺度で、学年内の学習順、問題レベル、問題文の特徴から校正した暫定値。基礎・標準問題は300超えを目標にせず、発展・模試過去問で300超えを扱う前提です。,基礎：表・式・グラフの対応を直接確認する問題中心。標準：読み取り、式化、グラフ利用を組み合わせる問題を入れる。
m-jh1-B-01-01b.txt,1-B-01-01,比例－関数とは？,関数とは？,問題5,基礎レベル,63.5,±18.0,0.0152,関数関係・グラフの読み取り,座標・比例反比例の基礎・数の計算,中1入学時平均を0、中3卒業時平均を300とする運用尺度で、学年内の学習順、問題レベル、問題文の特徴から校正した暫定値。基礎・標準問題は300超えを目標にせず、発展・模試過去問で300超えを扱う前提です。,基礎：表・式・グラフの対応を直接確認する問題中心。標準：読み取り、式化、グラフ利用を組み合わせる問題を入れる。
m-jh1-B-01-01b.txt,1-B-01-01,比例－関数とは？,関数とは？,問題6,基礎レベル,66.5,±18.0,0.0152,関数関係・グラフの読み取り,座標・比例反比例の基礎・数の計算,中1入学時平均を0、中3卒業時平均を300とする運用尺度で、学年内の学習順、問題レベル、問題文の特徴から校正した暫定値。基礎・標準問題は300超えを目標にせず、発展・模試過去問で300超えを扱う前提です。,基礎：表・式・グラフの対応を直接確認する問題中心。標準：読み取り、式化、グラフ利用を組み合わせる問題を入れる。
m-jh1-B-01-01b.txt,1-B-01-01,比例－関数とは？,関数とは？,問題7,基礎レベル,69.5,±18.0,0.0152,関数関係・グラフの読み取り,座標・比例反比例の基礎・数の計算,中1入学時平均を0、中3卒業時平均を300とする運用尺度で、学年内の学習順、問題レベル、問題文の特徴から校正した暫定値。基礎・標準問題は300超えを目標にせず、発展・模試過去問で300超えを扱う前提です。,基礎：表・式・グラフの対応を直接確認する問題中心。標準：読み取り、式化、グラフ利用を組み合わせる問題を入れる。
m-jh1-B-01-02b.txt,1-B-01-02,比例－2つの数量の対応,2つの数量の対応,問題1,基礎レベル,52.0,±18.0,0.0140,関数関係・グラフの読み取り,座標・比例反比例の基礎・数の計算,中1入学時平均を0、中3卒業時平均を300とする運用尺度で、学年内の学習順、問題レベル、問題文の特徴から校正した暫定値。基礎・標準問題は300超えを目標にせず、発展・模試過去問で300超えを扱う前提です。,基礎：表・式・グラフの対応を直接確認する問題中心。標準：読み取り、式化、グラフ利用を組み合わせる問題を入れる。
m-jh1-B-01-02b.txt,1-B-01-02,比例－2つの数量の対応,2つの数量の対応,問題2,基礎レベル,55.0,±18.0,0.0144,関数関係・グラフの読み取り,座標・比例反比例の基礎・数の計算,中1入学時平均を0、中3卒業時平均を300とする運用尺度で、学年内の学習順、問題レベル、問題文の特徴から校正した暫定値。基礎・標準問題は300超えを目標にせず、発展・模試過去問で300超えを扱う前提です。,基礎：表・式・グラフの対応を直接確認する問題中心。標準：読み取り、式化、グラフ利用を組み合わせる問題を入れる。
m-jh1-B-01-03b.txt,1-B-01-03,比例－関数とその表し方,関数とその表し方,問題1,基礎レベル,52.6,±18.0,0.0140,関数関係・グラフの読み取り,座標・比例反比例の基礎・数の計算,中1入学時平均を0、中3卒業時平均を300とする運用尺度で、学年内の学習順、問題レベル、問題文の特徴から校正した暫定値。基礎・標準問題は300超えを目標にせず、発展・模試過去問で300超えを扱う前提です。,基礎：表・式・グラフの対応を直接確認する問題中心。標準：読み取り、式化、グラフ利用を組み合わせる問題を入れる。
m-jh1-B-01-03b.txt,1-B-01-03,比例－関数とその表し方,関数とその表し方,問題2,基礎レベル,55.6,±18.0,0.0144,関数関係・グラフの読み取り,座標・比例反比例の基礎・数の計算,中1入学時平均を0、中3卒業時平均を300とする運用尺度で、学年内の学習順、問題レベル、問題文の特徴から校正した暫定値。基礎・標準問題は300超えを目標にせず、発展・模試過去問で300超えを扱う前提です。,基礎：表・式・グラフの対応を直接確認する問題中心。標準：読み取り、式化、グラフ利用を組み合わせる問題を入れる。
m-jh1-B-01-04b.txt,1-B-01-04,比例－変域（不等式）,変域（不等式）,問題1,基礎レベル,53.2,±18.0,0.0140,関数関係・グラフの読み取り,座標・比例反比例の基礎・数の計算,中1入学時平均を0、中3卒業時平均を300とする運用尺度で、学年内の学習順、問題レベル、問題文の特徴から校正した暫定値。基礎・標準問題は300超えを目標にせず、発展・模試過去問で300超えを扱う前提です。,基礎：表・式・グラフの対応を直接確認する問題中心。標準：読み取り、式化、グラフ利用を組み合わせる問題を入れる。
m-jh1-B-01-04b.txt,1-B-01-04,比例－変域（不等式）,変域（不等式）,問題2,基礎レベル,56.2,±18.0,0.0144,関数関係・グラフの読み取り,座標・比例反比例の基礎・数の計算,中1入学時平均を0、中3卒業時平均を300とする運用尺度で、学年内の学習順、問題レベル、問題文の特徴から校正した暫定値。基礎・標準問題は300超えを目標にせず、発展・模試過去問で300超えを扱う前提です。,基礎：表・式・グラフの対応を直接確認する問題中心。標準：読み取り、式化、グラフ利用を組み合わせる問題を入れる。
m-jh1-B-01-04b.txt,1-B-01-04,比例－変域（不等式）,変域（不等式）,問題3,基礎レベル,59.2,±18.0,0.0148,関数関係・グラフの読み取り,座標・比例反比例の基礎・数の計算,中1入学時平均を0、中3卒業時平均を300とする運用尺度で、学年内の学習順、問題レベル、問題文の特徴から校正した暫定値。基礎・標準問題は300超えを目標にせず、発展・模試過去問で300超えを扱う前提です。,基礎：表・式・グラフの対応を直接確認する問題中心。標準：読み取り、式化、グラフ利用を組み合わせる問題を入れる。
m-jh1-B-01-04b.txt,1-B-01-04,比例－変域（不等式）,変域（不等式）,問題4,基礎レベル,62.2,±18.0,0.0152,関数関係・グラフの読み取り,座標・比例反比例の基礎・数の計算,中1入学時平均を0、中3卒業時平均を300とする運用尺度で、学年内の学習順、問題レベル、問題文の特徴から校正した暫定値。基礎・標準問題は300超えを目標にせず、発展・模試過去問で300超えを扱う前提です。,基礎：表・式・グラフの対応を直接確認する問題中心。標準：読み取り、式化、グラフ利用を組み合わせる問題を入れる。
m-jh1-B-01-05b.txt,1-B-01-05,比例－変域（数直線）,変域（数直線）,問題1,基礎レベル,53.7,±18.0,0.0140,関数関係・グラフの読み取り,座標・比例反比例の基礎・数の計算,中1入学時平均を0、中3卒業時平均を300とする運用尺度で、学年内の学習順、問題レベル、問題文の特徴から校正した暫定値。基礎・標準問題は300超えを目標にせず、発展・模試過去問で300超えを扱う前提です。,基礎：表・式・グラフの対応を直接確認する問題中心。標準：読み取り、式化、グラフ利用を組み合わせる問題を入れる。
m-jh1-B-01-05b.txt,1-B-01-05,比例－変域（数直線）,変域（数直線）,問題2,基礎レベル,56.7,±18.0,0.0144,関数関係・グラフの読み取り,座標・比例反比例の基礎・数の計算,中1入学時平均を0、中3卒業時平均を300とする運用尺度で、学年内の学習順、問題レベル、問題文の特徴から校正した暫定値。基礎・標準問題は300超えを目標にせず、発展・模試過去問で300超えを扱う前提です。,基礎：表・式・グラフの対応を直接確認する問題中心。標準：読み取り、式化、グラフ利用を組み合わせる問題を入れる。
m-jh1-B-01-05b.txt,1-B-01-05,比例－変域（数直線）,変域（数直線）,問題3,基礎レベル,59.7,±18.0,0.0148,関数関係・グラフの読み取り,座標・比例反比例の基礎・数の計算,中1入学時平均を0、中3卒業時平均を300とする運用尺度で、学年内の学習順、問題レベル、問題文の特徴から校正した暫定値。基礎・標準問題は300超えを目標にせず、発展・模試過去問で300超えを扱う前提です。,基礎：表・式・グラフの対応を直接確認する問題中心。標準：読み取り、式化、グラフ利用を組み合わせる問題を入れる。
m-jh1-B-01-06b.txt,1-B-01-06,比例－比例と比例定数,比例と比例定数,問題1,基礎レベル,54.3,±18.0,0.0140,関数関係・グラフの読み取り,座標・比例反比例の基礎・数の計算,中1入学時平均を0、中3卒業時平均を300とする運用尺度で、学年内の学習順、問題レベル、問題文の特徴から校正した暫定値。基礎・標準問題は300超えを目標にせず、発展・模試過去問で300超えを扱う前提です。,基礎：表・式・グラフの対応を直接確認する問題中心。標準：読み取り、式化、グラフ利用を組み合わせる問題を入れる。
m-jh1-B-01-06b.txt,1-B-01-06,比例－比例と比例定数,比例と比例定数,問題2,基礎レベル,57.3,±18.0,0.0144,関数関係・グラフの読み取り,座標・比例反比例の基礎・数の計算,中1入学時平均を0、中3卒業時平均を300とする運用尺度で、学年内の学習順、問題レベル、問題文の特徴から校正した暫定値。基礎・標準問題は300超えを目標にせず、発展・模試過去問で300超えを扱う前提です。,基礎：表・式・グラフの対応を直接確認する問題中心。標準：読み取り、式化、グラフ利用を組み合わせる問題を入れる。
m-jh1-B-01-06b.txt,1-B-01-06,比例－比例と比例定数,比例と比例定数,問題3,基礎レベル,60.3,±18.0,0.0148,関数関係・グラフの読み取り,座標・比例反比例の基礎・数の計算,中1入学時平均を0、中3卒業時平均を300とする運用尺度で、学年内の学習順、問題レベル、問題文の特徴から校正した暫定値。基礎・標準問題は300超えを目標にせず、発展・模試過去問で300超えを扱う前提です。,基礎：表・式・グラフの対応を直接確認する問題中心。標準：読み取り、式化、グラフ利用を組み合わせる問題を入れる。
m-jh1-B-01-06b.txt,1-B-01-06,比例－比例と比例定数,比例と比例定数,問題4,基礎レベル,63.3,±18.0,0.0152,関数関係・グラフの読み取り,座標・比例反比例の基礎・数の計算,中1入学時平均を0、中3卒業時平均を300とする運用尺度で、学年内の学習順、問題レベル、問題文の特徴から校正した暫定値。基礎・標準問題は300超えを目標にせず、発展・模試過去問で300超えを扱う前提です。,基礎：表・式・グラフの対応を直接確認する問題中心。標準：読み取り、式化、グラフ利用を組み合わせる問題を入れる。
m-jh1-B-01-07b.txt,1-B-01-07,比例－比例を式に表す,比例を式に表す,問題1,基礎レベル,54.9,±18.0,0.0140,関数関係・グラフの読み取り,座標・比例反比例の基礎・数の計算,中1入学時平均を0、中3卒業時平均を300とする運用尺度で、学年内の学習順、問題レベル、問題文の特徴から校正した暫定値。基礎・標準問題は300超えを目標にせず、発展・模試過去問で300超えを扱う前提です。,基礎：表・式・グラフの対応を直接確認する問題中心。標準：読み取り、式化、グラフ利用を組み合わせる問題を入れる。
m-jh1-B-01-07b.txt,1-B-01-07,比例－比例を式に表す,比例を式に表す,問題2,基礎レベル,57.9,±18.0,0.0144,関数関係・グラフの読み取り,座標・比例反比例の基礎・数の計算,中1入学時平均を0、中3卒業時平均を300とする運用尺度で、学年内の学習順、問題レベル、問題文の特徴から校正した暫定値。基礎・標準問題は300超えを目標にせず、発展・模試過去問で300超えを扱う前提です。,基礎：表・式・グラフの対応を直接確認する問題中心。標準：読み取り、式化、グラフ利用を組み合わせる問題を入れる。
m-jh1-B-01-07b.txt,1-B-01-07,比例－比例を式に表す,比例を式に表す,問題3,基礎レベル,60.9,±18.0,0.0148,関数関係・グラフの読み取り,座標・比例反比例の基礎・数の計算,中1入学時平均を0、中3卒業時平均を300とする運用尺度で、学年内の学習順、問題レベル、問題文の特徴から校正した暫定値。基礎・標準問題は300超えを目標にせず、発展・模試過去問で300超えを扱う前提です。,基礎：表・式・グラフの対応を直接確認する問題中心。標準：読み取り、式化、グラフ利用を組み合わせる問題を入れる。
m-jh1-B-01-07b.txt,1-B-01-07,比例－比例を式に表す,比例を式に表す,問題4,基礎レベル,63.9,±18.0,0.0152,関数関係・グラフの読み取り,座標・比例反比例の基礎・数の計算,中1入学時平均を0、中3卒業時平均を300とする運用尺度で、学年内の学習順、問題レベル、問題文の特徴から校正した暫定値。基礎・標準問題は300超えを目標にせず、発展・模試過去問で300超えを扱う前提です。,基礎：表・式・グラフの対応を直接確認する問題中心。標準：読み取り、式化、グラフ利用を組み合わせる問題を入れる。
m-jh1-B-01-08b.txt,1-B-01-08,比例－比例の式を求める,比例の式を求める,問題1,基礎レベル,55.4,±18.0,0.0140,関数関係・グラフの読み取り,座標・比例反比例の基礎・数の計算,中1入学時平均を0、中3卒業時平均を300とする運用尺度で、学年内の学習順、問題レベル、問題文の特徴から校正した暫定値。基礎・標準問題は300超えを目標にせず、発展・模試過去問で300超えを扱う前提です。,基礎：表・式・グラフの対応を直接確認する問題中心。標準：読み取り、式化、グラフ利用を組み合わせる問題を入れる。
m-jh1-B-01-08b.txt,1-B-01-08,比例－比例の式を求める,比例の式を求める,問題2,基礎レベル,58.4,±18.0,0.0144,関数関係・グラフの読み取り,座標・比例反比例の基礎・数の計算,中1入学時平均を0、中3卒業時平均を300とする運用尺度で、学年内の学習順、問題レベル、問題文の特徴から校正した暫定値。基礎・標準問題は300超えを目標にせず、発展・模試過去問で300超えを扱う前提です。,基礎：表・式・グラフの対応を直接確認する問題中心。標準：読み取り、式化、グラフ利用を組み合わせる問題を入れる。
m-jh1-B-01-09b.txt,1-B-01-09,比例－座標（座標平面上の1点の座標の位置を答える）,座標（座標平面上の1点の座標の位置を答える）,問題1,基礎レベル,56.0,±18.0,0.0140,関数関係・グラフの読み取り,座標・比例反比例の基礎・数の計算,中1入学時平均を0、中3卒業時平均を300とする運用尺度で、学年内の学習順、問題レベル、問題文の特徴から校正した暫定値。基礎・標準問題は300超えを目標にせず、発展・模試過去問で300超えを扱う前提です。,基礎：表・式・グラフの対応を直接確認する問題中心。標準：読み取り、式化、グラフ利用を組み合わせる問題を入れる。
m-jh1-B-01-09b.txt,1-B-01-09,比例－座標（座標平面上の1点の座標の位置を答える）,座標（座標平面上の1点の座標の位置を答える）,問題2,基礎レベル,59.0,±18.0,0.0144,関数関係・グラフの読み取り,座標・比例反比例の基礎・数の計算,中1入学時平均を0、中3卒業時平均を300とする運用尺度で、学年内の学習順、問題レベル、問題文の特徴から校正した暫定値。基礎・標準問題は300超えを目標にせず、発展・模試過去問で300超えを扱う前提です。,基礎：表・式・グラフの対応を直接確認する問題中心。標準：読み取り、式化、グラフ利用を組み合わせる問題を入れる。
m-jh1-B-01-09b.txt,1-B-01-09,比例－座標（座標平面上の1点の座標の位置を答える）,座標（座標平面上の1点の座標の位置を答える）,問題3,基礎レベル,62.0,±18.0,0.0148,関数関係・グラフの読み取り,座標・比例反比例の基礎・数の計算,中1入学時平均を0、中3卒業時平均を300とする運用尺度で、学年内の学習順、問題レベル、問題文の特徴から校正した暫定値。基礎・標準問題は300超えを目標にせず、発展・模試過去問で300超えを扱う前提です。,基礎：表・式・グラフの対応を直接確認する問題中心。標準：読み取り、式化、グラフ利用を組み合わせる問題を入れる。
m-jh1-B-01-10b.txt,1-B-01-10,比例－座標（指定された座標を座標平面上に書き入れる）,座標（指定された座標を座標平面上に書き入れる）,問題1,基礎レベル,56.6,±18.0,0.0140,関数関係・グラフの読み取り,座標・比例反比例の基礎・数の計算,中1入学時平均を0、中3卒業時平均を300とする運用尺度で、学年内の学習順、問題レベル、問題文の特徴から校正した暫定値。基礎・標準問題は300超えを目標にせず、発展・模試過去問で300超えを扱う前提です。,基礎：表・式・グラフの対応を直接確認する問題中心。標準：読み取り、式化、グラフ利用を組み合わせる問題を入れる。
m-jh1-B-01-10b.txt,1-B-01-10,比例－座標（指定された座標を座標平面上に書き入れる）,座標（指定された座標を座標平面上に書き入れる）,問題2,基礎レベル,59.6,±18.0,0.0144,関数関係・グラフの読み取り,座標・比例反比例の基礎・数の計算,中1入学時平均を0、中3卒業時平均を300とする運用尺度で、学年内の学習順、問題レベル、問題文の特徴から校正した暫定値。基礎・標準問題は300超えを目標にせず、発展・模試過去問で300超えを扱う前提です。,基礎：表・式・グラフの対応を直接確認する問題中心。標準：読み取り、式化、グラフ利用を組み合わせる問題を入れる。
m-jh1-B-01-11b.txt,1-B-01-11,比例－比例式から表を作る,比例式から表を作る,問題1,基礎レベル,57.1,±18.0,0.0140,関数関係・グラフの読み取り,座標・比例反比例の基礎・数の計算,中1入学時平均を0、中3卒業時平均を300とする運用尺度で、学年内の学習順、問題レベル、問題文の特徴から校正した暫定値。基礎・標準問題は300超えを目標にせず、発展・模試過去問で300超えを扱う前提です。,基礎：表・式・グラフの対応を直接確認する問題中心。標準：読み取り、式化、グラフ利用を組み合わせる問題を入れる。
m-jh1-B-01-11b.txt,1-B-01-11,比例－比例式から表を作る,比例式から表を作る,問題2,基礎レベル,60.1,±18.0,0.0144,関数関係・グラフの読み取り,座標・比例反比例の基礎・数の計算,中1入学時平均を0、中3卒業時平均を300とする運用尺度で、学年内の学習順、問題レベル、問題文の特徴から校正した暫定値。基礎・標準問題は300超えを目標にせず、発展・模試過去問で300超えを扱う前提です。,基礎：表・式・グラフの対応を直接確認する問題中心。標準：読み取り、式化、グラフ利用を組み合わせる問題を入れる。
m-jh1-B-01-13b.txt,1-B-01-13,比例－比例式を座標平面に書き入れる,比例式を座標平面に書き入れる,問題1,基礎レベル,57.7,±18.0,0.0140,関数関係・グラフの読み取り,座標・比例反比例の基礎・数の計算,中1入学時平均を0、中3卒業時平均を300とする運用尺度で、学年内の学習順、問題レベル、問題文の特徴から校正した暫定値。基礎・標準問題は300超えを目標にせず、発展・模試過去問で300超えを扱う前提です。,基礎：表・式・グラフの対応を直接確認する問題中心。標準：読み取り、式化、グラフ利用を組み合わせる問題を入れる。
m-jh1-B-01-13b.txt,1-B-01-13,比例－比例式を座標平面に書き入れる,比例式を座標平面に書き入れる,問題2,基礎レベル,60.7,±18.0,0.0144,関数関係・グラフの読み取り,座標・比例反比例の基礎・数の計算,中1入学時平均を0、中3卒業時平均を300とする運用尺度で、学年内の学習順、問題レベル、問題文の特徴から校正した暫定値。基礎・標準問題は300超えを目標にせず、発展・模試過去問で300超えを扱う前提です。,基礎：表・式・グラフの対応を直接確認する問題中心。標準：読み取り、式化、グラフ利用を組み合わせる問題を入れる。
m-jh1-B-01-14b.txt,1-B-01-14,比例－ｘが与えられたとき比例式からｙの値を求める,ｘが与えられたとき比例式からｙの値を求める,問題1,基礎レベル,58.3,±18.0,0.0140,関数関係・グラフの読み取り,座標・比例反比例の基礎・数の計算,中1入学時平均を0、中3卒業時平均を300とする運用尺度で、学年内の学習順、問題レベル、問題文の特徴から校正した暫定値。基礎・標準問題は300超えを目標にせず、発展・模試過去問で300超えを扱う前提です。,基礎：表・式・グラフの対応を直接確認する問題中心。標準：読み取り、式化、グラフ利用を組み合わせる問題を入れる。
m-jh1-B-01-14b.txt,1-B-01-14,比例－ｘが与えられたとき比例式からｙの値を求める,ｘが与えられたとき比例式からｙの値を求める,問題2,基礎レベル,61.3,±18.0,0.0144,関数関係・グラフの読み取り,座標・比例反比例の基礎・数の計算,中1入学時平均を0、中3卒業時平均を300とする運用尺度で、学年内の学習順、問題レベル、問題文の特徴から校正した暫定値。基礎・標準問題は300超えを目標にせず、発展・模試過去問で300超えを扱う前提です。,基礎：表・式・グラフの対応を直接確認する問題中心。標準：読み取り、式化、グラフ利用を組み合わせる問題を入れる。
m-jh1-B-01-15b.txt,1-B-01-15,比例－ｙが与えられたとき比例式からｘの値を求める,ｙが与えられたとき比例式からｘの値を求める,問題1,基礎レベル,58.8,±18.0,0.0140,関数関係・グラフの読み取り,座標・比例反比例の基礎・数の計算,中1入学時平均を0、中3卒業時平均を300とする運用尺度で、学年内の学習順、問題レベル、問題文の特徴から校正した暫定値。基礎・標準問題は300超えを目標にせず、発展・模試過去問で300超えを扱う前提です。,基礎：表・式・グラフの対応を直接確認する問題中心。標準：読み取り、式化、グラフ利用を組み合わせる問題を入れる。
m-jh1-B-01-15b.txt,1-B-01-15,比例－ｙが与えられたとき比例式からｘの値を求める,ｙが与えられたとき比例式からｘの値を求める,問題2,基礎レベル,61.8,±18.0,0.0144,関数関係・グラフの読み取り,座標・比例反比例の基礎・数の計算,中1入学時平均を0、中3卒業時平均を300とする運用尺度で、学年内の学習順、問題レベル、問題文の特徴から校正した暫定値。基礎・標準問題は300超えを目標にせず、発展・模試過去問で300超えを扱う前提です。,基礎：表・式・グラフの対応を直接確認する問題中心。標準：読み取り、式化、グラフ利用を組み合わせる問題を入れる。
m-jh1-B-01-16b.txt,1-B-01-16,比例－ｘの変化量が与えられたとき比例式からｙの変化量を答える,ｘの変化量が与えられたとき比例式からｙの変化量を答える,問題1,基礎レベル,59.4,±18.0,0.0140,関数関係・グラフの読み取り,座標・比例反比例の基礎・数の計算,中1入学時平均を0、中3卒業時平均を300とする運用尺度で、学年内の学習順、問題レベル、問題文の特徴から校正した暫定値。基礎・標準問題は300超えを目標にせず、発展・模試過去問で300超えを扱う前提です。,基礎：表・式・グラフの対応を直接確認する問題中心。標準：読み取り、式化、グラフ利用を組み合わせる問題を入れる。
m-jh1-B-01-16b.txt,1-B-01-16,比例－ｘの変化量が与えられたとき比例式からｙの変化量を答える,ｘの変化量が与えられたとき比例式からｙの変化量を答える,問題2,基礎レベル,62.4,±18.0,0.0144,関数関係・グラフの読み取り,座標・比例反比例の基礎・数の計算,中1入学時平均を0、中3卒業時平均を300とする運用尺度で、学年内の学習順、問題レベル、問題文の特徴から校正した暫定値。基礎・標準問題は300超えを目標にせず、発展・模試過去問で300超えを扱う前提です。,基礎：表・式・グラフの対応を直接確認する問題中心。標準：読み取り、式化、グラフ利用を組み合わせる問題を入れる。
m-jh1-B-01-17b.txt,1-B-01-17,比例－座標平面上の比例のグラフから比例の式を求める,座標平面上の比例のグラフから比例の式を求める,問題1,基礎レベル,60.0,±18.0,0.0140,関数関係・グラフの読み取り,座標・比例反比例の基礎・数の計算,中1入学時平均を0、中3卒業時平均を300とする運用尺度で、学年内の学習順、問題レベル、問題文の特徴から校正した暫定値。基礎・標準問題は300超えを目標にせず、発展・模試過去問で300超えを扱う前提です。,基礎：表・式・グラフの対応を直接確認する問題中心。標準：読み取り、式化、グラフ利用を組み合わせる問題を入れる。
m-jh1-B-01-17b.txt,1-B-01-17,比例－座標平面上の比例のグラフから比例の式を求める,座標平面上の比例のグラフから比例の式を求める,問題2,基礎レベル,63.0,±18.0,0.0144,関数関係・グラフの読み取り,座標・比例反比例の基礎・数の計算,中1入学時平均を0、中3卒業時平均を300とする運用尺度で、学年内の学習順、問題レベル、問題文の特徴から校正した暫定値。基礎・標準問題は300超えを目標にせず、発展・模試過去問で300超えを扱う前提です。,基礎：表・式・グラフの対応を直接確認する問題中心。標準：読み取り、式化、グラフ利用を組み合わせる問題を入れる。
m-jh1-B-02-01b.txt,1-B-02-01,反比例－反比例と比例定数,反比例と比例定数,問題1,基礎レベル,60.5,±18.0,0.0140,関数関係・グラフの読み取り,座標・比例反比例の基礎・数の計算,中1入学時平均を0、中3卒業時平均を300とする運用尺度で、学年内の学習順、問題レベル、問題文の特徴から校正した暫定値。基礎・標準問題は300超えを目標にせず、発展・模試過去問で300超えを扱う前提です。,基礎：表・式・グラフの対応を直接確認する問題中心。標準：読み取り、式化、グラフ利用を組み合わせる問題を入れる。
m-jh1-B-02-01b.txt,1-B-02-01,反比例－反比例と比例定数,反比例と比例定数,問題2,基礎レベル,63.5,±18.0,0.0144,関数関係・グラフの読み取り,座標・比例反比例の基礎・数の計算,中1入学時平均を0、中3卒業時平均を300とする運用尺度で、学年内の学習順、問題レベル、問題文の特徴から校正した暫定値。基礎・標準問題は300超えを目標にせず、発展・模試過去問で300超えを扱う前提です。,基礎：表・式・グラフの対応を直接確認する問題中心。標準：読み取り、式化、グラフ利用を組み合わせる問題を入れる。
m-jh1-B-02-01b.txt,1-B-02-01,反比例－反比例と比例定数,反比例と比例定数,問題3,基礎レベル,66.5,±18.0,0.0148,関数関係・グラフの読み取り,座標・比例反比例の基礎・数の計算,中1入学時平均を0、中3卒業時平均を300とする運用尺度で、学年内の学習順、問題レベル、問題文の特徴から校正した暫定値。基礎・標準問題は300超えを目標にせず、発展・模試過去問で300超えを扱う前提です。,基礎：表・式・グラフの対応を直接確認する問題中心。標準：読み取り、式化、グラフ利用を組み合わせる問題を入れる。
m-jh1-B-02-01b.txt,1-B-02-01,反比例－反比例と比例定数,反比例と比例定数,問題4,基礎レベル,69.5,±18.0,0.0152,関数関係・グラフの読み取り,座標・比例反比例の基礎・数の計算,中1入学時平均を0、中3卒業時平均を300とする運用尺度で、学年内の学習順、問題レベル、問題文の特徴から校正した暫定値。基礎・標準問題は300超えを目標にせず、発展・模試過去問で300超えを扱う前提です。,基礎：表・式・グラフの対応を直接確認する問題中心。標準：読み取り、式化、グラフ利用を組み合わせる問題を入れる。
m-jh1-B-02-02b.txt,1-B-02-02,反比例－反比例を式に表す,反比例を式に表す,問題1,基礎レベル,61.1,±18.0,0.0140,関数関係・グラフの読み取り,座標・比例反比例の基礎・数の計算,中1入学時平均を0、中3卒業時平均を300とする運用尺度で、学年内の学習順、問題レベル、問題文の特徴から校正した暫定値。基礎・標準問題は300超えを目標にせず、発展・模試過去問で300超えを扱う前提です。,基礎：表・式・グラフの対応を直接確認する問題中心。標準：読み取り、式化、グラフ利用を組み合わせる問題を入れる。
m-jh1-B-02-02b.txt,1-B-02-02,反比例－反比例を式に表す,反比例を式に表す,問題2,基礎レベル,64.1,±18.0,0.0144,関数関係・グラフの読み取り,座標・比例反比例の基礎・数の計算,中1入学時平均を0、中3卒業時平均を300とする運用尺度で、学年内の学習順、問題レベル、問題文の特徴から校正した暫定値。基礎・標準問題は300超えを目標にせず、発展・模試過去問で300超えを扱う前提です。,基礎：表・式・グラフの対応を直接確認する問題中心。標準：読み取り、式化、グラフ利用を組み合わせる問題を入れる。
m-jh1-B-02-03b.txt,1-B-02-03,反比例－反比例の式を求める,反比例の式を求める,問題1,基礎レベル,61.7,±18.0,0.0140,関数関係・グラフの読み取り,座標・比例反比例の基礎・数の計算,中1入学時平均を0、中3卒業時平均を300とする運用尺度で、学年内の学習順、問題レベル、問題文の特徴から校正した暫定値。基礎・標準問題は300超えを目標にせず、発展・模試過去問で300超えを扱う前提です。,基礎：表・式・グラフの対応を直接確認する問題中心。標準：読み取り、式化、グラフ利用を組み合わせる問題を入れる。
m-jh1-B-02-03b.txt,1-B-02-03,反比例－反比例の式を求める,反比例の式を求める,問題2,基礎レベル,64.7,±18.0,0.0144,関数関係・グラフの読み取り,座標・比例反比例の基礎・数の計算,中1入学時平均を0、中3卒業時平均を300とする運用尺度で、学年内の学習順、問題レベル、問題文の特徴から校正した暫定値。基礎・標準問題は300超えを目標にせず、発展・模試過去問で300超えを扱う前提です。,基礎：表・式・グラフの対応を直接確認する問題中心。標準：読み取り、式化、グラフ利用を組み合わせる問題を入れる。
m-jh1-B-02-03b.txt,1-B-02-03,反比例－反比例の式を求める,反比例の式を求める,問題3,基礎レベル,67.7,±18.0,0.0148,関数関係・グラフの読み取り,座標・比例反比例の基礎・数の計算,中1入学時平均を0、中3卒業時平均を300とする運用尺度で、学年内の学習順、問題レベル、問題文の特徴から校正した暫定値。基礎・標準問題は300超えを目標にせず、発展・模試過去問で300超えを扱う前提です。,基礎：表・式・グラフの対応を直接確認する問題中心。標準：読み取り、式化、グラフ利用を組み合わせる問題を入れる。
m-jh1-B-02-03b.txt,1-B-02-03,反比例－反比例の式を求める,反比例の式を求める,問題4,基礎レベル,70.7,±18.0,0.0152,関数関係・グラフの読み取り,座標・比例反比例の基礎・数の計算,中1入学時平均を0、中3卒業時平均を300とする運用尺度で、学年内の学習順、問題レベル、問題文の特徴から校正した暫定値。基礎・標準問題は300超えを目標にせず、発展・模試過去問で300超えを扱う前提です。,基礎：表・式・グラフの対応を直接確認する問題中心。標準：読み取り、式化、グラフ利用を組み合わせる問題を入れる。
m-jh1-B-02-05b.txt,1-B-02-05,反比例－反比例の式から平面座標上にグラフを書き入れる反比例,反比例の式から平面座標上にグラフを書き入れる反比例,問題1,基礎レベル,62.2,±18.0,0.0140,関数関係・グラフの読み取り,座標・比例反比例の基礎・数の計算,中1入学時平均を0、中3卒業時平均を300とする運用尺度で、学年内の学習順、問題レベル、問題文の特徴から校正した暫定値。基礎・標準問題は300超えを目標にせず、発展・模試過去問で300超えを扱う前提です。,基礎：表・式・グラフの対応を直接確認する問題中心。標準：読み取り、式化、グラフ利用を組み合わせる問題を入れる。
m-jh1-B-02-05b.txt,1-B-02-05,反比例－反比例の式から平面座標上にグラフを書き入れる反比例,反比例の式から平面座標上にグラフを書き入れる反比例,問題2,基礎レベル,65.2,±18.0,0.0144,関数関係・グラフの読み取り,座標・比例反比例の基礎・数の計算,中1入学時平均を0、中3卒業時平均を300とする運用尺度で、学年内の学習順、問題レベル、問題文の特徴から校正した暫定値。基礎・標準問題は300超えを目標にせず、発展・模試過去問で300超えを扱う前提です。,基礎：表・式・グラフの対応を直接確認する問題中心。標準：読み取り、式化、グラフ利用を組み合わせる問題を入れる。
m-jh1-B-02-06b.txt,1-B-02-06,反比例－ｘの変化が与えられたとき比例式からｙの変化を答える,ｘの変化が与えられたとき比例式からｙの変化を答える,問題1,基礎レベル,62.8,±18.0,0.0140,関数関係・グラフの読み取り,座標・比例反比例の基礎・数の計算,中1入学時平均を0、中3卒業時平均を300とする運用尺度で、学年内の学習順、問題レベル、問題文の特徴から校正した暫定値。基礎・標準問題は300超えを目標にせず、発展・模試過去問で300超えを扱う前提です。,基礎：表・式・グラフの対応を直接確認する問題中心。標準：読み取り、式化、グラフ利用を組み合わせる問題を入れる。
m-jh1-B-02-06b.txt,1-B-02-06,反比例－ｘの変化が与えられたとき比例式からｙの変化を答える,ｘの変化が与えられたとき比例式からｙの変化を答える,問題2,基礎レベル,65.8,±18.0,0.0144,関数関係・グラフの読み取り,座標・比例反比例の基礎・数の計算,中1入学時平均を0、中3卒業時平均を300とする運用尺度で、学年内の学習順、問題レベル、問題文の特徴から校正した暫定値。基礎・標準問題は300超えを目標にせず、発展・模試過去問で300超えを扱う前提です。,基礎：表・式・グラフの対応を直接確認する問題中心。標準：読み取り、式化、グラフ利用を組み合わせる問題を入れる。
m-jh1-B-02-07b.txt,1-B-02-07,反比例－座標平面上の反比例のグラフから反比例の式を求める,座標平面上の反比例のグラフから反比例の式を求める,問題1,基礎レベル,63.3,±18.0,0.0140,関数関係・グラフの読み取り,座標・比例反比例の基礎・数の計算,中1入学時平均を0、中3卒業時平均を300とする運用尺度で、学年内の学習順、問題レベル、問題文の特徴から校正した暫定値。基礎・標準問題は300超えを目標にせず、発展・模試過去問で300超えを扱う前提です。,基礎：表・式・グラフの対応を直接確認する問題中心。標準：読み取り、式化、グラフ利用を組み合わせる問題を入れる。
m-jh1-B-03-01b.txt,1-B-03-01,比例と反比例の利用－比例の利用（文章題）,比例の利用（文章題）,問題1,基礎レベル,63.9,±18.0,0.0140,関数関係・グラフの読み取り,座標・比例反比例の基礎・数の計算,中1入学時平均を0、中3卒業時平均を300とする運用尺度で、学年内の学習順、問題レベル、問題文の特徴から校正した暫定値。基礎・標準問題は300超えを目標にせず、発展・模試過去問で300超えを扱う前提です。,基礎：表・式・グラフの対応を直接確認する問題中心。標準：読み取り、式化、グラフ利用を組み合わせる問題を入れる。
m-jh1-B-03-01b.txt,1-B-03-01,比例と反比例の利用－比例の利用（文章題）,比例の利用（文章題）,問題2,基礎レベル,66.9,±18.0,0.0144,関数関係・グラフの読み取り,座標・比例反比例の基礎・数の計算,中1入学時平均を0、中3卒業時平均を300とする運用尺度で、学年内の学習順、問題レベル、問題文の特徴から校正した暫定値。基礎・標準問題は300超えを目標にせず、発展・模試過去問で300超えを扱う前提です。,基礎：表・式・グラフの対応を直接確認する問題中心。標準：読み取り、式化、グラフ利用を組み合わせる問題を入れる。
m-jh1-B-03-01b.txt,1-B-03-01,比例と反比例の利用－比例の利用（文章題）,比例の利用（文章題）,問題3,基礎レベル,69.9,±18.0,0.0148,関数関係・グラフの読み取り,座標・比例反比例の基礎・数の計算,中1入学時平均を0、中3卒業時平均を300とする運用尺度で、学年内の学習順、問題レベル、問題文の特徴から校正した暫定値。基礎・標準問題は300超えを目標にせず、発展・模試過去問で300超えを扱う前提です。,基礎：表・式・グラフの対応を直接確認する問題中心。標準：読み取り、式化、グラフ利用を組み合わせる問題を入れる。
m-jh1-B-03-01b.txt,1-B-03-01,比例と反比例の利用－比例の利用（文章題）,比例の利用（文章題）,問題4,基礎レベル,72.9,±18.0,0.0152,関数関係・グラフの読み取り,座標・比例反比例の基礎・数の計算,中1入学時平均を0、中3卒業時平均を300とする運用尺度で、学年内の学習順、問題レベル、問題文の特徴から校正した暫定値。基礎・標準問題は300超えを目標にせず、発展・模試過去問で300超えを扱う前提です。,基礎：表・式・グラフの対応を直接確認する問題中心。標準：読み取り、式化、グラフ利用を組み合わせる問題を入れる。
m-jh1-B-03-02b.txt,1-B-03-02,比例と反比例の利用－反比例の利用（文章題）,反比例の利用（文章題）,問題1,基礎レベル,64.5,±18.0,0.0140,関数関係・グラフの読み取り,座標・比例反比例の基礎・数の計算,中1入学時平均を0、中3卒業時平均を300とする運用尺度で、学年内の学習順、問題レベル、問題文の特徴から校正した暫定値。基礎・標準問題は300超えを目標にせず、発展・模試過去問で300超えを扱う前提です。,基礎：表・式・グラフの対応を直接確認する問題中心。標準：読み取り、式化、グラフ利用を組み合わせる問題を入れる。
m-jh1-B-03-02b.txt,1-B-03-02,比例と反比例の利用－反比例の利用（文章題）,反比例の利用（文章題）,問題2,基礎レベル,67.5,±18.0,0.0144,関数関係・グラフの読み取り,座標・比例反比例の基礎・数の計算,中1入学時平均を0、中3卒業時平均を300とする運用尺度で、学年内の学習順、問題レベル、問題文の特徴から校正した暫定値。基礎・標準問題は300超えを目標にせず、発展・模試過去問で300超えを扱う前提です。,基礎：表・式・グラフの対応を直接確認する問題中心。標準：読み取り、式化、グラフ利用を組み合わせる問題を入れる。
m-jh1-B-03-02b.txt,1-B-03-02,比例と反比例の利用－反比例の利用（文章題）,反比例の利用（文章題）,問題3,基礎レベル,70.5,±18.0,0.0148,関数関係・グラフの読み取り,座標・比例反比例の基礎・数の計算,中1入学時平均を0、中3卒業時平均を300とする運用尺度で、学年内の学習順、問題レベル、問題文の特徴から校正した暫定値。基礎・標準問題は300超えを目標にせず、発展・模試過去問で300超えを扱う前提です。,基礎：表・式・グラフの対応を直接確認する問題中心。標準：読み取り、式化、グラフ利用を組み合わせる問題を入れる。
m-jh1-B-03-04b.txt,1-B-03-04,比例と反比例の利用－グラフの利用（比例と反比例）,グラフの利用（比例と反比例）,問題1,基礎レベル,65.0,±18.0,0.0140,関数関係・グラフの読み取り,座標・比例反比例の基礎・数の計算,中1入学時平均を0、中3卒業時平均を300とする運用尺度で、学年内の学習順、問題レベル、問題文の特徴から校正した暫定値。基礎・標準問題は300超えを目標にせず、発展・模試過去問で300超えを扱う前提です。,基礎：表・式・グラフの対応を直接確認する問題中心。標準：読み取り、式化、グラフ利用を組み合わせる問題を入れる。
m-jh1-B-03-04b.txt,1-B-03-04,比例と反比例の利用－グラフの利用（比例と反比例）,グラフの利用（比例と反比例）,問題2,基礎レベル,68.0,±18.0,0.0144,関数関係・グラフの読み取り,座標・比例反比例の基礎・数の計算,中1入学時平均を0、中3卒業時平均を300とする運用尺度で、学年内の学習順、問題レベル、問題文の特徴から校正した暫定値。基礎・標準問題は300超えを目標にせず、発展・模試過去問で300超えを扱う前提です。,基礎：表・式・グラフの対応を直接確認する問題中心。標準：読み取り、式化、グラフ利用を組み合わせる問題を入れる。
m-jh1-C-01-01b.txt,1-C-01-01,平面図形－直線と図形（直線・線分・半直線）,直線と図形（直線・線分・半直線）,問題1,基礎レベル,65.6,±18.0,0.0140,図形の性質・空間把握,基本図形・作図・長さや角の理解,中1入学時平均を0、中3卒業時平均を300とする運用尺度で、学年内の学習順、問題レベル、問題文の特徴から校正した暫定値。基礎・標準問題は300超えを目標にせず、発展・模試過去問で300超えを扱う前提です。,基礎：図から性質や公式を直接使う問題中心。標準：補助線、証明、複数の図形性質を組み合わせる問題を入れる。
m-jh1-C-01-01b.txt,1-C-01-01,平面図形－直線と図形（直線・線分・半直線）,直線と図形（直線・線分・半直線）,問題2,基礎レベル,68.6,±18.0,0.0144,図形の性質・空間把握,基本図形・作図・長さや角の理解,中1入学時平均を0、中3卒業時平均を300とする運用尺度で、学年内の学習順、問題レベル、問題文の特徴から校正した暫定値。基礎・標準問題は300超えを目標にせず、発展・模試過去問で300超えを扱う前提です。,基礎：図から性質や公式を直接使う問題中心。標準：補助線、証明、複数の図形性質を組み合わせる問題を入れる。
m-jh1-C-01-01b.txt,1-C-01-01,平面図形－直線と図形（直線・線分・半直線）,直線と図形（直線・線分・半直線）,問題3,基礎レベル,71.6,±18.0,0.0148,図形の性質・空間把握,基本図形・作図・長さや角の理解,中1入学時平均を0、中3卒業時平均を300とする運用尺度で、学年内の学習順、問題レベル、問題文の特徴から校正した暫定値。基礎・標準問題は300超えを目標にせず、発展・模試過去問で300超えを扱う前提です。,基礎：図から性質や公式を直接使う問題中心。標準：補助線、証明、複数の図形性質を組み合わせる問題を入れる。
m-jh1-C-01-02b.txt,1-C-01-02,平面図形－直線と図形（∠、∥、⊥）,直線と図形（∠、∥、⊥）,問題1,基礎レベル,66.2,±18.0,0.0140,図形の性質・空間把握,基本図形・作図・長さや角の理解,中1入学時平均を0、中3卒業時平均を300とする運用尺度で、学年内の学習順、問題レベル、問題文の特徴から校正した暫定値。基礎・標準問題は300超えを目標にせず、発展・模試過去問で300超えを扱う前提です。,基礎：図から性質や公式を直接使う問題中心。標準：補助線、証明、複数の図形性質を組み合わせる問題を入れる。
m-jh1-C-01-02b.txt,1-C-01-02,平面図形－直線と図形（∠、∥、⊥）,直線と図形（∠、∥、⊥）,問題2,基礎レベル,69.2,±18.0,0.0144,図形の性質・空間把握,基本図形・作図・長さや角の理解,中1入学時平均を0、中3卒業時平均を300とする運用尺度で、学年内の学習順、問題レベル、問題文の特徴から校正した暫定値。基礎・標準問題は300超えを目標にせず、発展・模試過去問で300超えを扱う前提です。,基礎：図から性質や公式を直接使う問題中心。標準：補助線、証明、複数の図形性質を組み合わせる問題を入れる。
m-jh1-C-01-02b.txt,1-C-01-02,平面図形－直線と図形（∠、∥、⊥）,直線と図形（∠、∥、⊥）,問題3,基礎レベル,72.2,±18.0,0.0148,図形の性質・空間把握,基本図形・作図・長さや角の理解,中1入学時平均を0、中3卒業時平均を300とする運用尺度で、学年内の学習順、問題レベル、問題文の特徴から校正した暫定値。基礎・標準問題は300超えを目標にせず、発展・模試過去問で300超えを扱う前提です。,基礎：図から性質や公式を直接使う問題中心。標準：補助線、証明、複数の図形性質を組み合わせる問題を入れる。
m-jh1-C-01-03b.txt,1-C-01-03,平面図形－直線と距離,直線と距離,問題1,基礎レベル,66.7,±18.0,0.0140,図形の性質・空間把握,基本図形・作図・長さや角の理解,中1入学時平均を0、中3卒業時平均を300とする運用尺度で、学年内の学習順、問題レベル、問題文の特徴から校正した暫定値。基礎・標準問題は300超えを目標にせず、発展・模試過去問で300超えを扱う前提です。,基礎：図から性質や公式を直接使う問題中心。標準：補助線、証明、複数の図形性質を組み合わせる問題を入れる。
m-jh1-C-01-03b.txt,1-C-01-03,平面図形－直線と距離,直線と距離,問題2,基礎レベル,69.7,±18.0,0.0144,図形の性質・空間把握,基本図形・作図・長さや角の理解,中1入学時平均を0、中3卒業時平均を300とする運用尺度で、学年内の学習順、問題レベル、問題文の特徴から校正した暫定値。基礎・標準問題は300超えを目標にせず、発展・模試過去問で300超えを扱う前提です。,基礎：図から性質や公式を直接使う問題中心。標準：補助線、証明、複数の図形性質を組み合わせる問題を入れる。
m-jh1-C-01-03b.txt,1-C-01-03,平面図形－直線と距離,直線と距離,問題3,基礎レベル,72.7,±18.0,0.0148,図形の性質・空間把握,基本図形・作図・長さや角の理解,中1入学時平均を0、中3卒業時平均を300とする運用尺度で、学年内の学習順、問題レベル、問題文の特徴から校正した暫定値。基礎・標準問題は300超えを目標にせず、発展・模試過去問で300超えを扱う前提です。,基礎：図から性質や公式を直接使う問題中心。標準：補助線、証明、複数の図形性質を組み合わせる問題を入れる。
m-jh1-C-01-04b.txt,1-C-01-04,平面図形－図形の移動（平行移動）,図形の移動（平行移動）,問題1,基礎レベル,67.3,±18.0,0.0140,図形の性質・空間把握,基本図形・作図・長さや角の理解,中1入学時平均を0、中3卒業時平均を300とする運用尺度で、学年内の学習順、問題レベル、問題文の特徴から校正した暫定値。基礎・標準問題は300超えを目標にせず、発展・模試過去問で300超えを扱う前提です。,基礎：図から性質や公式を直接使う問題中心。標準：補助線、証明、複数の図形性質を組み合わせる問題を入れる。
m-jh1-C-01-04b.txt,1-C-01-04,平面図形－図形の移動（平行移動）,図形の移動（平行移動）,問題2,基礎レベル,70.3,±18.0,0.0144,図形の性質・空間把握,基本図形・作図・長さや角の理解,中1入学時平均を0、中3卒業時平均を300とする運用尺度で、学年内の学習順、問題レベル、問題文の特徴から校正した暫定値。基礎・標準問題は300超えを目標にせず、発展・模試過去問で300超えを扱う前提です。,基礎：図から性質や公式を直接使う問題中心。標準：補助線、証明、複数の図形性質を組み合わせる問題を入れる。
m-jh1-C-01-04b.txt,1-C-01-04,平面図形－図形の移動（平行移動）,図形の移動（平行移動）,問題3,基礎レベル,73.3,±18.0,0.0148,図形の性質・空間把握,基本図形・作図・長さや角の理解,中1入学時平均を0、中3卒業時平均を300とする運用尺度で、学年内の学習順、問題レベル、問題文の特徴から校正した暫定値。基礎・標準問題は300超えを目標にせず、発展・模試過去問で300超えを扱う前提です。,基礎：図から性質や公式を直接使う問題中心。標準：補助線、証明、複数の図形性質を組み合わせる問題を入れる。
m-jh1-C-01-05b.txt,1-C-01-05,平面図形－図形の移動（回転移動）,図形の移動（回転移動）,問題1,基礎レベル,67.9,±18.0,0.0140,図形の性質・空間把握,基本図形・作図・長さや角の理解,中1入学時平均を0、中3卒業時平均を300とする運用尺度で、学年内の学習順、問題レベル、問題文の特徴から校正した暫定値。基礎・標準問題は300超えを目標にせず、発展・模試過去問で300超えを扱う前提です。,基礎：図から性質や公式を直接使う問題中心。標準：補助線、証明、複数の図形性質を組み合わせる問題を入れる。
m-jh1-C-01-05b.txt,1-C-01-05,平面図形－図形の移動（回転移動）,図形の移動（回転移動）,問題2,基礎レベル,70.9,±18.0,0.0144,図形の性質・空間把握,基本図形・作図・長さや角の理解,中1入学時平均を0、中3卒業時平均を300とする運用尺度で、学年内の学習順、問題レベル、問題文の特徴から校正した暫定値。基礎・標準問題は300超えを目標にせず、発展・模試過去問で300超えを扱う前提です。,基礎：図から性質や公式を直接使う問題中心。標準：補助線、証明、複数の図形性質を組み合わせる問題を入れる。
m-jh1-C-01-05b.txt,1-C-01-05,平面図形－図形の移動（回転移動）,図形の移動（回転移動）,問題3,基礎レベル,73.9,±18.0,0.0148,図形の性質・空間把握,基本図形・作図・長さや角の理解,中1入学時平均を0、中3卒業時平均を300とする運用尺度で、学年内の学習順、問題レベル、問題文の特徴から校正した暫定値。基礎・標準問題は300超えを目標にせず、発展・模試過去問で300超えを扱う前提です。,基礎：図から性質や公式を直接使う問題中心。標準：補助線、証明、複数の図形性質を組み合わせる問題を入れる。
m-jh1-C-01-06b.txt,1-C-01-06,平面図形－図形の移動（対称移動）,図形の移動（対称移動）,問題1,基礎レベル,68.4,±18.0,0.0140,図形の性質・空間把握,基本図形・作図・長さや角の理解,中1入学時平均を0、中3卒業時平均を300とする運用尺度で、学年内の学習順、問題レベル、問題文の特徴から校正した暫定値。基礎・標準問題は300超えを目標にせず、発展・模試過去問で300超えを扱う前提です。,基礎：図から性質や公式を直接使う問題中心。標準：補助線、証明、複数の図形性質を組み合わせる問題を入れる。
m-jh1-C-01-06b.txt,1-C-01-06,平面図形－図形の移動（対称移動）,図形の移動（対称移動）,問題2,基礎レベル,71.4,±18.0,0.0144,図形の性質・空間把握,基本図形・作図・長さや角の理解,中1入学時平均を0、中3卒業時平均を300とする運用尺度で、学年内の学習順、問題レベル、問題文の特徴から校正した暫定値。基礎・標準問題は300超えを目標にせず、発展・模試過去問で300超えを扱う前提です。,基礎：図から性質や公式を直接使う問題中心。標準：補助線、証明、複数の図形性質を組み合わせる問題を入れる。
m-jh1-C-01-06b.txt,1-C-01-06,平面図形－図形の移動（対称移動）,図形の移動（対称移動）,問題3,基礎レベル,74.4,±18.0,0.0148,図形の性質・空間把握,基本図形・作図・長さや角の理解,中1入学時平均を0、中3卒業時平均を300とする運用尺度で、学年内の学習順、問題レベル、問題文の特徴から校正した暫定値。基礎・標準問題は300超えを目標にせず、発展・模試過去問で300超えを扱う前提です。,基礎：図から性質や公式を直接使う問題中心。標準：補助線、証明、複数の図形性質を組み合わせる問題を入れる。
m-jh1-C-01-07b.txt,1-C-01-07,平面図形－図形の移動（点対称移動）,図形の移動（点対称移動）,問題1,基礎レベル,69.0,±18.0,0.0140,図形の性質・空間把握,基本図形・作図・長さや角の理解,中1入学時平均を0、中3卒業時平均を300とする運用尺度で、学年内の学習順、問題レベル、問題文の特徴から校正した暫定値。基礎・標準問題は300超えを目標にせず、発展・模試過去問で300超えを扱う前提です。,基礎：図から性質や公式を直接使う問題中心。標準：補助線、証明、複数の図形性質を組み合わせる問題を入れる。
m-jh1-C-01-07b.txt,1-C-01-07,平面図形－図形の移動（点対称移動）,図形の移動（点対称移動）,問題2,基礎レベル,72.0,±18.0,0.0144,図形の性質・空間把握,基本図形・作図・長さや角の理解,中1入学時平均を0、中3卒業時平均を300とする運用尺度で、学年内の学習順、問題レベル、問題文の特徴から校正した暫定値。基礎・標準問題は300超えを目標にせず、発展・模試過去問で300超えを扱う前提です。,基礎：図から性質や公式を直接使う問題中心。標準：補助線、証明、複数の図形性質を組み合わせる問題を入れる。
m-jh1-C-01-09b.txt,1-C-01-09,平面図形－作図の基本（垂直2等分線の作図）,作図の基本（垂直2等分線の作図）,問題1,基礎レベル,69.6,±18.0,0.0140,図形の性質・空間把握,基本図形・作図・長さや角の理解,中1入学時平均を0、中3卒業時平均を300とする運用尺度で、学年内の学習順、問題レベル、問題文の特徴から校正した暫定値。基礎・標準問題は300超えを目標にせず、発展・模試過去問で300超えを扱う前提です。,基礎：図から性質や公式を直接使う問題中心。標準：補助線、証明、複数の図形性質を組み合わせる問題を入れる。
m-jh1-C-01-09b.txt,1-C-01-09,平面図形－作図の基本（垂直2等分線の作図）,作図の基本（垂直2等分線の作図）,問題2,基礎レベル,72.6,±18.0,0.0144,図形の性質・空間把握,基本図形・作図・長さや角の理解,中1入学時平均を0、中3卒業時平均を300とする運用尺度で、学年内の学習順、問題レベル、問題文の特徴から校正した暫定値。基礎・標準問題は300超えを目標にせず、発展・模試過去問で300超えを扱う前提です。,基礎：図から性質や公式を直接使う問題中心。標準：補助線、証明、複数の図形性質を組み合わせる問題を入れる。
m-jh1-C-01-09b.txt,1-C-01-09,平面図形－作図の基本（垂直2等分線の作図）,作図の基本（垂直2等分線の作図）,問題3,基礎レベル,75.6,±18.0,0.0148,図形の性質・空間把握,基本図形・作図・長さや角の理解,中1入学時平均を0、中3卒業時平均を300とする運用尺度で、学年内の学習順、問題レベル、問題文の特徴から校正した暫定値。基礎・標準問題は300超えを目標にせず、発展・模試過去問で300超えを扱う前提です。,基礎：図から性質や公式を直接使う問題中心。標準：補助線、証明、複数の図形性質を組み合わせる問題を入れる。
m-jh1-C-01-10b.txt,1-C-01-10,平面図形－作図の基本（直線上の点をとおる垂線の作図）,作図の基本（直線上の点をとおる垂線の作図）,問題1,基礎レベル,70.1,±18.0,0.0140,図形の性質・空間把握,基本図形・作図・長さや角の理解,中1入学時平均を0、中3卒業時平均を300とする運用尺度で、学年内の学習順、問題レベル、問題文の特徴から校正した暫定値。基礎・標準問題は300超えを目標にせず、発展・模試過去問で300超えを扱う前提です。,基礎：図から性質や公式を直接使う問題中心。標準：補助線、証明、複数の図形性質を組み合わせる問題を入れる。
m-jh1-C-01-10b.txt,1-C-01-10,平面図形－作図の基本（直線上の点をとおる垂線の作図）,作図の基本（直線上の点をとおる垂線の作図）,問題2,基礎レベル,73.1,±18.0,0.0144,図形の性質・空間把握,基本図形・作図・長さや角の理解,中1入学時平均を0、中3卒業時平均を300とする運用尺度で、学年内の学習順、問題レベル、問題文の特徴から校正した暫定値。基礎・標準問題は300超えを目標にせず、発展・模試過去問で300超えを扱う前提です。,基礎：図から性質や公式を直接使う問題中心。標準：補助線、証明、複数の図形性質を組み合わせる問題を入れる。
m-jh1-C-01-11b.txt,1-C-01-11,平面図形－作図の基本（直線上にない点を通る垂線の作図）,作図の基本（直線上にない点を通る垂線の作図）,問題1,基礎レベル,70.7,±18.0,0.0140,図形の性質・空間把握,基本図形・作図・長さや角の理解,中1入学時平均を0、中3卒業時平均を300とする運用尺度で、学年内の学習順、問題レベル、問題文の特徴から校正した暫定値。基礎・標準問題は300超えを目標にせず、発展・模試過去問で300超えを扱う前提です。,基礎：図から性質や公式を直接使う問題中心。標準：補助線、証明、複数の図形性質を組み合わせる問題を入れる。
m-jh1-C-01-11b.txt,1-C-01-11,平面図形－作図の基本（直線上にない点を通る垂線の作図）,作図の基本（直線上にない点を通る垂線の作図）,問題2,基礎レベル,73.7,±18.0,0.0144,図形の性質・空間把握,基本図形・作図・長さや角の理解,中1入学時平均を0、中3卒業時平均を300とする運用尺度で、学年内の学習順、問題レベル、問題文の特徴から校正した暫定値。基礎・標準問題は300超えを目標にせず、発展・模試過去問で300超えを扱う前提です。,基礎：図から性質や公式を直接使う問題中心。標準：補助線、証明、複数の図形性質を組み合わせる問題を入れる。
m-jh1-C-01-12b.txt,1-C-01-12,平面図形－作図の基本（角の二等分線の作図）,作図の基本（角の二等分線の作図）,問題1,基礎レベル,71.3,±18.0,0.0140,図形の性質・空間把握,基本図形・作図・長さや角の理解,中1入学時平均を0、中3卒業時平均を300とする運用尺度で、学年内の学習順、問題レベル、問題文の特徴から校正した暫定値。基礎・標準問題は300超えを目標にせず、発展・模試過去問で300超えを扱う前提です。,基礎：図から性質や公式を直接使う問題中心。標準：補助線、証明、複数の図形性質を組み合わせる問題を入れる。
m-jh1-C-01-12b.txt,1-C-01-12,平面図形－作図の基本（角の二等分線の作図）,作図の基本（角の二等分線の作図）,問題2,基礎レベル,74.3,±18.0,0.0144,図形の性質・空間把握,基本図形・作図・長さや角の理解,中1入学時平均を0、中3卒業時平均を300とする運用尺度で、学年内の学習順、問題レベル、問題文の特徴から校正した暫定値。基礎・標準問題は300超えを目標にせず、発展・模試過去問で300超えを扱う前提です。,基礎：図から性質や公式を直接使う問題中心。標準：補助線、証明、複数の図形性質を組み合わせる問題を入れる。
m-jh1-C-01-12b.txt,1-C-01-12,平面図形－作図の基本（角の二等分線の作図）,作図の基本（角の二等分線の作図）,問題3,基礎レベル,77.3,±18.0,0.0148,図形の性質・空間把握,基本図形・作図・長さや角の理解,中1入学時平均を0、中3卒業時平均を300とする運用尺度で、学年内の学習順、問題レベル、問題文の特徴から校正した暫定値。基礎・標準問題は300超えを目標にせず、発展・模試過去問で300超えを扱う前提です。,基礎：図から性質や公式を直接使う問題中心。標準：補助線、証明、複数の図形性質を組み合わせる問題を入れる。
m-jh1-C-01-13b.txt,1-C-01-13,平面図形－作図の基本（いろいろな作図）,作図の基本（いろいろな作図）,問題1,基礎レベル,71.8,±18.0,0.0140,図形の性質・空間把握,基本図形・作図・長さや角の理解,中1入学時平均を0、中3卒業時平均を300とする運用尺度で、学年内の学習順、問題レベル、問題文の特徴から校正した暫定値。基礎・標準問題は300超えを目標にせず、発展・模試過去問で300超えを扱う前提です。,基礎：図から性質や公式を直接使う問題中心。標準：補助線、証明、複数の図形性質を組み合わせる問題を入れる。
m-jh1-C-01-13b.txt,1-C-01-13,平面図形－作図の基本（いろいろな作図）,作図の基本（いろいろな作図）,問題2,基礎レベル,74.8,±18.0,0.0144,図形の性質・空間把握,基本図形・作図・長さや角の理解,中1入学時平均を0、中3卒業時平均を300とする運用尺度で、学年内の学習順、問題レベル、問題文の特徴から校正した暫定値。基礎・標準問題は300超えを目標にせず、発展・模試過去問で300超えを扱う前提です。,基礎：図から性質や公式を直接使う問題中心。標準：補助線、証明、複数の図形性質を組み合わせる問題を入れる。
m-jh1-C-01-13b.txt,1-C-01-13,平面図形－作図の基本（いろいろな作図）,作図の基本（いろいろな作図）,問題3,基礎レベル,77.8,±18.0,0.0148,図形の性質・空間把握,基本図形・作図・長さや角の理解,中1入学時平均を0、中3卒業時平均を300とする運用尺度で、学年内の学習順、問題レベル、問題文の特徴から校正した暫定値。基礎・標準問題は300超えを目標にせず、発展・模試過去問で300超えを扱う前提です。,基礎：図から性質や公式を直接使う問題中心。標準：補助線、証明、複数の図形性質を組み合わせる問題を入れる。
m-jh1-C-01-13b.txt,1-C-01-13,平面図形－作図の基本（いろいろな作図）,作図の基本（いろいろな作図）,問題4,基礎レベル,80.8,±18.0,0.0152,図形の性質・空間把握,基本図形・作図・長さや角の理解,中1入学時平均を0、中3卒業時平均を300とする運用尺度で、学年内の学習順、問題レベル、問題文の特徴から校正した暫定値。基礎・標準問題は300超えを目標にせず、発展・模試過去問で300超えを扱う前提です。,基礎：図から性質や公式を直接使う問題中心。標準：補助線、証明、複数の図形性質を組み合わせる問題を入れる。
m-jh1-C-01-13b.txt,1-C-01-13,平面図形－作図の基本（いろいろな作図）,作図の基本（いろいろな作図）,問題5,基礎レベル,83.8,±18.0,0.0152,図形の性質・空間把握,基本図形・作図・長さや角の理解,中1入学時平均を0、中3卒業時平均を300とする運用尺度で、学年内の学習順、問題レベル、問題文の特徴から校正した暫定値。基礎・標準問題は300超えを目標にせず、発展・模試過去問で300超えを扱う前提です。,基礎：図から性質や公式を直接使う問題中心。標準：補助線、証明、複数の図形性質を組み合わせる問題を入れる。
m-jh1-C-01-14b.txt,1-C-01-14,平面図形－円（弧・弦・接線・接点）,円（弧・弦・接線・接点）,問題1,基礎レベル,72.4,±18.0,0.0140,図形の性質・空間把握,基本図形・作図・長さや角の理解,中1入学時平均を0、中3卒業時平均を300とする運用尺度で、学年内の学習順、問題レベル、問題文の特徴から校正した暫定値。基礎・標準問題は300超えを目標にせず、発展・模試過去問で300超えを扱う前提です。,基礎：図から性質や公式を直接使う問題中心。標準：補助線、証明、複数の図形性質を組み合わせる問題を入れる。
m-jh1-C-01-14b.txt,1-C-01-14,平面図形－円（弧・弦・接線・接点）,円（弧・弦・接線・接点）,問題2,基礎レベル,75.4,±18.0,0.0144,図形の性質・空間把握,基本図形・作図・長さや角の理解,中1入学時平均を0、中3卒業時平均を300とする運用尺度で、学年内の学習順、問題レベル、問題文の特徴から校正した暫定値。基礎・標準問題は300超えを目標にせず、発展・模試過去問で300超えを扱う前提です。,基礎：図から性質や公式を直接使う問題中心。標準：補助線、証明、複数の図形性質を組み合わせる問題を入れる。
m-jh1-C-01-14b.txt,1-C-01-14,平面図形－円（弧・弦・接線・接点）,円（弧・弦・接線・接点）,問題3,基礎レベル,78.4,±18.0,0.0148,図形の性質・空間把握,基本図形・作図・長さや角の理解,中1入学時平均を0、中3卒業時平均を300とする運用尺度で、学年内の学習順、問題レベル、問題文の特徴から校正した暫定値。基礎・標準問題は300超えを目標にせず、発展・模試過去問で300超えを扱う前提です。,基礎：図から性質や公式を直接使う問題中心。標準：補助線、証明、複数の図形性質を組み合わせる問題を入れる。
m-jh1-C-01-15b.txt,1-C-01-15,平面図形－円とおうぎ形の円周や弧の長さと面積,円とおうぎ形の円周や弧の長さと面積,問題1,基礎レベル,73.0,±18.0,0.0140,図形の性質・空間把握,基本図形・作図・長さや角の理解,中1入学時平均を0、中3卒業時平均を300とする運用尺度で、学年内の学習順、問題レベル、問題文の特徴から校正した暫定値。基礎・標準問題は300超えを目標にせず、発展・模試過去問で300超えを扱う前提です。,基礎：図から性質や公式を直接使う問題中心。標準：補助線、証明、複数の図形性質を組み合わせる問題を入れる。
m-jh1-C-01-15b.txt,1-C-01-15,平面図形－円とおうぎ形の円周や弧の長さと面積,円とおうぎ形の円周や弧の長さと面積,問題2,基礎レベル,76.0,±18.0,0.0144,図形の性質・空間把握,基本図形・作図・長さや角の理解,中1入学時平均を0、中3卒業時平均を300とする運用尺度で、学年内の学習順、問題レベル、問題文の特徴から校正した暫定値。基礎・標準問題は300超えを目標にせず、発展・模試過去問で300超えを扱う前提です。,基礎：図から性質や公式を直接使う問題中心。標準：補助線、証明、複数の図形性質を組み合わせる問題を入れる。
m-jh1-C-01-15b.txt,1-C-01-15,平面図形－円とおうぎ形の円周や弧の長さと面積,円とおうぎ形の円周や弧の長さと面積,問題3,基礎レベル,79.0,±18.0,0.0148,図形の性質・空間把握,基本図形・作図・長さや角の理解,中1入学時平均を0、中3卒業時平均を300とする運用尺度で、学年内の学習順、問題レベル、問題文の特徴から校正した暫定値。基礎・標準問題は300超えを目標にせず、発展・模試過去問で300超えを扱う前提です。,基礎：図から性質や公式を直接使う問題中心。標準：補助線、証明、複数の図形性質を組み合わせる問題を入れる。
m-jh1-C-01-15b.txt,1-C-01-15,平面図形－円とおうぎ形の円周や弧の長さと面積,円とおうぎ形の円周や弧の長さと面積,問題4,基礎レベル,82.0,±18.0,0.0152,図形の性質・空間把握,基本図形・作図・長さや角の理解,中1入学時平均を0、中3卒業時平均を300とする運用尺度で、学年内の学習順、問題レベル、問題文の特徴から校正した暫定値。基礎・標準問題は300超えを目標にせず、発展・模試過去問で300超えを扱う前提です。,基礎：図から性質や公式を直接使う問題中心。標準：補助線、証明、複数の図形性質を組み合わせる問題を入れる。
m-jh1-C-01-15b.txt,1-C-01-15,平面図形－円とおうぎ形の円周や弧の長さと面積,円とおうぎ形の円周や弧の長さと面積,問題5,基礎レベル,85.0,±18.0,0.0152,図形の性質・空間把握,基本図形・作図・長さや角の理解,中1入学時平均を0、中3卒業時平均を300とする運用尺度で、学年内の学習順、問題レベル、問題文の特徴から校正した暫定値。基礎・標準問題は300超えを目標にせず、発展・模試過去問で300超えを扱う前提です。,基礎：図から性質や公式を直接使う問題中心。標準：補助線、証明、複数の図形性質を組み合わせる問題を入れる。
m-jh1-C-01-16b.txt,1-C-01-16,平面図形－おうぎ形の中心角,おうぎ形の中心角,問題1,基礎レベル,73.5,±18.0,0.0140,図形の性質・空間把握,基本図形・作図・長さや角の理解,中1入学時平均を0、中3卒業時平均を300とする運用尺度で、学年内の学習順、問題レベル、問題文の特徴から校正した暫定値。基礎・標準問題は300超えを目標にせず、発展・模試過去問で300超えを扱う前提です。,基礎：図から性質や公式を直接使う問題中心。標準：補助線、証明、複数の図形性質を組み合わせる問題を入れる。
m-jh1-C-01-16b.txt,1-C-01-16,平面図形－おうぎ形の中心角,おうぎ形の中心角,問題2,基礎レベル,76.5,±18.0,0.0144,図形の性質・空間把握,基本図形・作図・長さや角の理解,中1入学時平均を0、中3卒業時平均を300とする運用尺度で、学年内の学習順、問題レベル、問題文の特徴から校正した暫定値。基礎・標準問題は300超えを目標にせず、発展・模試過去問で300超えを扱う前提です。,基礎：図から性質や公式を直接使う問題中心。標準：補助線、証明、複数の図形性質を組み合わせる問題を入れる。
m-jh1-C-01-16b.txt,1-C-01-16,平面図形－おうぎ形の中心角,おうぎ形の中心角,問題3,基礎レベル,79.5,±18.0,0.0148,図形の性質・空間把握,基本図形・作図・長さや角の理解,中1入学時平均を0、中3卒業時平均を300とする運用尺度で、学年内の学習順、問題レベル、問題文の特徴から校正した暫定値。基礎・標準問題は300超えを目標にせず、発展・模試過去問で300超えを扱う前提です。,基礎：図から性質や公式を直接使う問題中心。標準：補助線、証明、複数の図形性質を組み合わせる問題を入れる。
m-jh1-C-02-01b.txt,1-C-02-01,空間図形－いろいろな立体図形,いろいろな立体図形,問題1,基礎レベル,74.1,±18.0,0.0140,図形の性質・空間把握,基本図形・作図・長さや角の理解,中1入学時平均を0、中3卒業時平均を300とする運用尺度で、学年内の学習順、問題レベル、問題文の特徴から校正した暫定値。基礎・標準問題は300超えを目標にせず、発展・模試過去問で300超えを扱う前提です。,基礎：図から性質や公式を直接使う問題中心。標準：補助線、証明、複数の図形性質を組み合わせる問題を入れる。
m-jh1-C-02-01b.txt,1-C-02-01,空間図形－いろいろな立体図形,いろいろな立体図形,問題2,基礎レベル,77.1,±18.0,0.0144,図形の性質・空間把握,基本図形・作図・長さや角の理解,中1入学時平均を0、中3卒業時平均を300とする運用尺度で、学年内の学習順、問題レベル、問題文の特徴から校正した暫定値。基礎・標準問題は300超えを目標にせず、発展・模試過去問で300超えを扱う前提です。,基礎：図から性質や公式を直接使う問題中心。標準：補助線、証明、複数の図形性質を組み合わせる問題を入れる。
m-jh1-C-02-01b.txt,1-C-02-01,空間図形－いろいろな立体図形,いろいろな立体図形,問題3,基礎レベル,80.1,±18.0,0.0148,図形の性質・空間把握,基本図形・作図・長さや角の理解,中1入学時平均を0、中3卒業時平均を300とする運用尺度で、学年内の学習順、問題レベル、問題文の特徴から校正した暫定値。基礎・標準問題は300超えを目標にせず、発展・模試過去問で300超えを扱う前提です。,基礎：図から性質や公式を直接使う問題中心。標準：補助線、証明、複数の図形性質を組み合わせる問題を入れる。
m-jh1-C-02-01b.txt,1-C-02-01,空間図形－いろいろな立体図形,いろいろな立体図形,問題4,基礎レベル,83.1,±18.0,0.0152,図形の性質・空間把握,基本図形・作図・長さや角の理解,中1入学時平均を0、中3卒業時平均を300とする運用尺度で、学年内の学習順、問題レベル、問題文の特徴から校正した暫定値。基礎・標準問題は300超えを目標にせず、発展・模試過去問で300超えを扱う前提です。,基礎：図から性質や公式を直接使う問題中心。標準：補助線、証明、複数の図形性質を組み合わせる問題を入れる。
m-jh1-C-02-02b.txt,1-C-02-02,空間図形－2直線の位置関係,2直線の位置関係,問題1,基礎レベル,74.7,±18.0,0.0140,図形の性質・空間把握,基本図形・作図・長さや角の理解,中1入学時平均を0、中3卒業時平均を300とする運用尺度で、学年内の学習順、問題レベル、問題文の特徴から校正した暫定値。基礎・標準問題は300超えを目標にせず、発展・模試過去問で300超えを扱う前提です。,基礎：図から性質や公式を直接使う問題中心。標準：補助線、証明、複数の図形性質を組み合わせる問題を入れる。
m-jh1-C-02-02b.txt,1-C-02-02,空間図形－2直線の位置関係,2直線の位置関係,問題2,基礎レベル,77.7,±18.0,0.0144,図形の性質・空間把握,基本図形・作図・長さや角の理解,中1入学時平均を0、中3卒業時平均を300とする運用尺度で、学年内の学習順、問題レベル、問題文の特徴から校正した暫定値。基礎・標準問題は300超えを目標にせず、発展・模試過去問で300超えを扱う前提です。,基礎：図から性質や公式を直接使う問題中心。標準：補助線、証明、複数の図形性質を組み合わせる問題を入れる。
m-jh1-C-02-02b.txt,1-C-02-02,空間図形－2直線の位置関係,2直線の位置関係,問題3,基礎レベル,80.7,±18.0,0.0148,図形の性質・空間把握,基本図形・作図・長さや角の理解,中1入学時平均を0、中3卒業時平均を300とする運用尺度で、学年内の学習順、問題レベル、問題文の特徴から校正した暫定値。基礎・標準問題は300超えを目標にせず、発展・模試過去問で300超えを扱う前提です。,基礎：図から性質や公式を直接使う問題中心。標準：補助線、証明、複数の図形性質を組み合わせる問題を入れる。
m-jh1-C-02-03b.txt,1-C-02-03,空間図形－直線と平面の位置関係と垂直,直線と平面の位置関係と垂直,問題1,基礎レベル,75.2,±18.0,0.0140,図形の性質・空間把握,基本図形・作図・長さや角の理解,中1入学時平均を0、中3卒業時平均を300とする運用尺度で、学年内の学習順、問題レベル、問題文の特徴から校正した暫定値。基礎・標準問題は300超えを目標にせず、発展・模試過去問で300超えを扱う前提です。,基礎：図から性質や公式を直接使う問題中心。標準：補助線、証明、複数の図形性質を組み合わせる問題を入れる。
m-jh1-C-02-03b.txt,1-C-02-03,空間図形－直線と平面の位置関係と垂直,直線と平面の位置関係と垂直,問題2,基礎レベル,78.2,±18.0,0.0144,図形の性質・空間把握,基本図形・作図・長さや角の理解,中1入学時平均を0、中3卒業時平均を300とする運用尺度で、学年内の学習順、問題レベル、問題文の特徴から校正した暫定値。基礎・標準問題は300超えを目標にせず、発展・模試過去問で300超えを扱う前提です。,基礎：図から性質や公式を直接使う問題中心。標準：補助線、証明、複数の図形性質を組み合わせる問題を入れる。
m-jh1-C-02-03b.txt,1-C-02-03,空間図形－直線と平面の位置関係と垂直,直線と平面の位置関係と垂直,問題3,基礎レベル,81.2,±18.0,0.0148,図形の性質・空間把握,基本図形・作図・長さや角の理解,中1入学時平均を0、中3卒業時平均を300とする運用尺度で、学年内の学習順、問題レベル、問題文の特徴から校正した暫定値。基礎・標準問題は300超えを目標にせず、発展・模試過去問で300超えを扱う前提です。,基礎：図から性質や公式を直接使う問題中心。標準：補助線、証明、複数の図形性質を組み合わせる問題を入れる。
m-jh1-C-02-03b.txt,1-C-02-03,空間図形－直線と平面の位置関係と垂直,直線と平面の位置関係と垂直,問題4,基礎レベル,84.2,±18.0,0.0152,図形の性質・空間把握,基本図形・作図・長さや角の理解,中1入学時平均を0、中3卒業時平均を300とする運用尺度で、学年内の学習順、問題レベル、問題文の特徴から校正した暫定値。基礎・標準問題は300超えを目標にせず、発展・模試過去問で300超えを扱う前提です。,基礎：図から性質や公式を直接使う問題中心。標準：補助線、証明、複数の図形性質を組み合わせる問題を入れる。
m-jh1-C-02-04b.txt,1-C-02-04,空間図形－2平面の位置関係,2平面の位置関係,問題1,基礎レベル,75.8,±18.0,0.0140,図形の性質・空間把握,基本図形・作図・長さや角の理解,中1入学時平均を0、中3卒業時平均を300とする運用尺度で、学年内の学習順、問題レベル、問題文の特徴から校正した暫定値。基礎・標準問題は300超えを目標にせず、発展・模試過去問で300超えを扱う前提です。,基礎：図から性質や公式を直接使う問題中心。標準：補助線、証明、複数の図形性質を組み合わせる問題を入れる。
m-jh1-C-02-04b.txt,1-C-02-04,空間図形－2平面の位置関係,2平面の位置関係,問題2,基礎レベル,78.8,±18.0,0.0144,図形の性質・空間把握,基本図形・作図・長さや角の理解,中1入学時平均を0、中3卒業時平均を300とする運用尺度で、学年内の学習順、問題レベル、問題文の特徴から校正した暫定値。基礎・標準問題は300超えを目標にせず、発展・模試過去問で300超えを扱う前提です。,基礎：図から性質や公式を直接使う問題中心。標準：補助線、証明、複数の図形性質を組み合わせる問題を入れる。
m-jh1-C-02-04b.txt,1-C-02-04,空間図形－2平面の位置関係,2平面の位置関係,問題3,基礎レベル,81.8,±18.0,0.0148,図形の性質・空間把握,基本図形・作図・長さや角の理解,中1入学時平均を0、中3卒業時平均を300とする運用尺度で、学年内の学習順、問題レベル、問題文の特徴から校正した暫定値。基礎・標準問題は300超えを目標にせず、発展・模試過去問で300超えを扱う前提です。,基礎：図から性質や公式を直接使う問題中心。標準：補助線、証明、複数の図形性質を組み合わせる問題を入れる。
m-jh1-C-02-04b.txt,1-C-02-04,空間図形－2平面の位置関係,2平面の位置関係,問題4,基礎レベル,84.8,±18.0,0.0152,図形の性質・空間把握,基本図形・作図・長さや角の理解,中1入学時平均を0、中3卒業時平均を300とする運用尺度で、学年内の学習順、問題レベル、問題文の特徴から校正した暫定値。基礎・標準問題は300超えを目標にせず、発展・模試過去問で300超えを扱う前提です。,基礎：図から性質や公式を直接使う問題中心。標準：補助線、証明、複数の図形性質を組み合わせる問題を入れる。
m-jh1-C-02-05b.txt,1-C-02-05,空間図形－2平面のなす角,2平面のなす角,問題1,基礎レベル,76.3,±18.0,0.0140,図形の性質・空間把握,基本図形・作図・長さや角の理解,中1入学時平均を0、中3卒業時平均を300とする運用尺度で、学年内の学習順、問題レベル、問題文の特徴から校正した暫定値。基礎・標準問題は300超えを目標にせず、発展・模試過去問で300超えを扱う前提です。,基礎：図から性質や公式を直接使う問題中心。標準：補助線、証明、複数の図形性質を組み合わせる問題を入れる。
m-jh1-C-02-05b.txt,1-C-02-05,空間図形－2平面のなす角,2平面のなす角,問題2,基礎レベル,79.3,±18.0,0.0144,図形の性質・空間把握,基本図形・作図・長さや角の理解,中1入学時平均を0、中3卒業時平均を300とする運用尺度で、学年内の学習順、問題レベル、問題文の特徴から校正した暫定値。基礎・標準問題は300超えを目標にせず、発展・模試過去問で300超えを扱う前提です。,基礎：図から性質や公式を直接使う問題中心。標準：補助線、証明、複数の図形性質を組み合わせる問題を入れる。
m-jh1-C-02-05b.txt,1-C-02-05,空間図形－2平面のなす角,2平面のなす角,問題3,基礎レベル,82.3,±18.0,0.0148,図形の性質・空間把握,基本図形・作図・長さや角の理解,中1入学時平均を0、中3卒業時平均を300とする運用尺度で、学年内の学習順、問題レベル、問題文の特徴から校正した暫定値。基礎・標準問題は300超えを目標にせず、発展・模試過去問で300超えを扱う前提です。,基礎：図から性質や公式を直接使う問題中心。標準：補助線、証明、複数の図形性質を組み合わせる問題を入れる。
m-jh1-C-02-08b.txt,1-C-02-08,空間図形－面が動いてできる立体,面が動いてできる立体,問題1,基礎レベル,76.9,±18.0,0.0140,図形の性質・空間把握,基本図形・作図・長さや角の理解,中1入学時平均を0、中3卒業時平均を300とする運用尺度で、学年内の学習順、問題レベル、問題文の特徴から校正した暫定値。基礎・標準問題は300超えを目標にせず、発展・模試過去問で300超えを扱う前提です。,基礎：図から性質や公式を直接使う問題中心。標準：補助線、証明、複数の図形性質を組み合わせる問題を入れる。
m-jh1-C-02-08b.txt,1-C-02-08,空間図形－面が動いてできる立体,面が動いてできる立体,問題2,基礎レベル,79.9,±18.0,0.0144,図形の性質・空間把握,基本図形・作図・長さや角の理解,中1入学時平均を0、中3卒業時平均を300とする運用尺度で、学年内の学習順、問題レベル、問題文の特徴から校正した暫定値。基礎・標準問題は300超えを目標にせず、発展・模試過去問で300超えを扱う前提です。,基礎：図から性質や公式を直接使う問題中心。標準：補助線、証明、複数の図形性質を組み合わせる問題を入れる。
m-jh1-C-02-08b.txt,1-C-02-08,空間図形－面が動いてできる立体,面が動いてできる立体,問題3,基礎レベル,82.9,±18.0,0.0148,図形の性質・空間把握,基本図形・作図・長さや角の理解,中1入学時平均を0、中3卒業時平均を300とする運用尺度で、学年内の学習順、問題レベル、問題文の特徴から校正した暫定値。基礎・標準問題は300超えを目標にせず、発展・模試過去問で300超えを扱う前提です。,基礎：図から性質や公式を直接使う問題中心。標準：補助線、証明、複数の図形性質を組み合わせる問題を入れる。
m-jh1-C-02-09b.txt,1-C-02-09,空間図形－立体の展開図,立体の展開図,問題1,基礎レベル,77.5,±18.0,0.0140,図形の性質・空間把握,基本図形・作図・長さや角の理解,中1入学時平均を0、中3卒業時平均を300とする運用尺度で、学年内の学習順、問題レベル、問題文の特徴から校正した暫定値。基礎・標準問題は300超えを目標にせず、発展・模試過去問で300超えを扱う前提です。,基礎：図から性質や公式を直接使う問題中心。標準：補助線、証明、複数の図形性質を組み合わせる問題を入れる。
m-jh1-C-02-09b.txt,1-C-02-09,空間図形－立体の展開図,立体の展開図,問題2,基礎レベル,80.5,±18.0,0.0144,図形の性質・空間把握,基本図形・作図・長さや角の理解,中1入学時平均を0、中3卒業時平均を300とする運用尺度で、学年内の学習順、問題レベル、問題文の特徴から校正した暫定値。基礎・標準問題は300超えを目標にせず、発展・模試過去問で300超えを扱う前提です。,基礎：図から性質や公式を直接使う問題中心。標準：補助線、証明、複数の図形性質を組み合わせる問題を入れる。
m-jh1-C-02-09b.txt,1-C-02-09,空間図形－立体の展開図,立体の展開図,問題3,基礎レベル,83.5,±18.0,0.0148,図形の性質・空間把握,基本図形・作図・長さや角の理解,中1入学時平均を0、中3卒業時平均を300とする運用尺度で、学年内の学習順、問題レベル、問題文の特徴から校正した暫定値。基礎・標準問題は300超えを目標にせず、発展・模試過去問で300超えを扱う前提です。,基礎：図から性質や公式を直接使う問題中心。標準：補助線、証明、複数の図形性質を組み合わせる問題を入れる。
m-jh1-C-02-10b.txt,1-C-02-10,空間図形－立体の投影図,立体の投影図,問題1,基礎レベル,78.0,±18.0,0.0140,図形の性質・空間把握,基本図形・作図・長さや角の理解,中1入学時平均を0、中3卒業時平均を300とする運用尺度で、学年内の学習順、問題レベル、問題文の特徴から校正した暫定値。基礎・標準問題は300超えを目標にせず、発展・模試過去問で300超えを扱う前提です。,基礎：図から性質や公式を直接使う問題中心。標準：補助線、証明、複数の図形性質を組み合わせる問題を入れる。
m-jh1-C-02-10b.txt,1-C-02-10,空間図形－立体の投影図,立体の投影図,問題2,基礎レベル,81.0,±18.0,0.0144,図形の性質・空間把握,基本図形・作図・長さや角の理解,中1入学時平均を0、中3卒業時平均を300とする運用尺度で、学年内の学習順、問題レベル、問題文の特徴から校正した暫定値。基礎・標準問題は300超えを目標にせず、発展・模試過去問で300超えを扱う前提です。,基礎：図から性質や公式を直接使う問題中心。標準：補助線、証明、複数の図形性質を組み合わせる問題を入れる。
m-jh1-C-02-10b.txt,1-C-02-10,空間図形－立体の投影図,立体の投影図,問題3,基礎レベル,84.0,±18.0,0.0148,図形の性質・空間把握,基本図形・作図・長さや角の理解,中1入学時平均を0、中3卒業時平均を300とする運用尺度で、学年内の学習順、問題レベル、問題文の特徴から校正した暫定値。基礎・標準問題は300超えを目標にせず、発展・模試過去問で300超えを扱う前提です。,基礎：図から性質や公式を直接使う問題中心。標準：補助線、証明、複数の図形性質を組み合わせる問題を入れる。
m-jh1-C-02-10b.txt,1-C-02-10,空間図形－立体の投影図,立体の投影図,問題4,基礎レベル,87.0,±18.0,0.0152,図形の性質・空間把握,基本図形・作図・長さや角の理解,中1入学時平均を0、中3卒業時平均を300とする運用尺度で、学年内の学習順、問題レベル、問題文の特徴から校正した暫定値。基礎・標準問題は300超えを目標にせず、発展・模試過去問で300超えを扱う前提です。,基礎：図から性質や公式を直接使う問題中心。標準：補助線、証明、複数の図形性質を組み合わせる問題を入れる。
m-jh1-C-02-11b.txt,1-C-02-11,空間図形－角柱や円柱の体積,角柱や円柱の体積,問題1,基礎レベル,78.6,±18.0,0.0140,図形の性質・空間把握,基本図形・作図・長さや角の理解,中1入学時平均を0、中3卒業時平均を300とする運用尺度で、学年内の学習順、問題レベル、問題文の特徴から校正した暫定値。基礎・標準問題は300超えを目標にせず、発展・模試過去問で300超えを扱う前提です。,基礎：図から性質や公式を直接使う問題中心。標準：補助線、証明、複数の図形性質を組み合わせる問題を入れる。
m-jh1-C-02-11b.txt,1-C-02-11,空間図形－角柱や円柱の体積,角柱や円柱の体積,問題2,基礎レベル,81.6,±18.0,0.0144,図形の性質・空間把握,基本図形・作図・長さや角の理解,中1入学時平均を0、中3卒業時平均を300とする運用尺度で、学年内の学習順、問題レベル、問題文の特徴から校正した暫定値。基礎・標準問題は300超えを目標にせず、発展・模試過去問で300超えを扱う前提です。,基礎：図から性質や公式を直接使う問題中心。標準：補助線、証明、複数の図形性質を組み合わせる問題を入れる。
m-jh1-C-02-12b.txt,1-C-02-12,空間図形－角錐や円錐の体積,角錐や円錐の体積,問題1,基礎レベル,79.2,±18.0,0.0140,図形の性質・空間把握,基本図形・作図・長さや角の理解,中1入学時平均を0、中3卒業時平均を300とする運用尺度で、学年内の学習順、問題レベル、問題文の特徴から校正した暫定値。基礎・標準問題は300超えを目標にせず、発展・模試過去問で300超えを扱う前提です。,基礎：図から性質や公式を直接使う問題中心。標準：補助線、証明、複数の図形性質を組み合わせる問題を入れる。
m-jh1-C-02-12b.txt,1-C-02-12,空間図形－角錐や円錐の体積,角錐や円錐の体積,問題2,基礎レベル,82.2,±18.0,0.0144,図形の性質・空間把握,基本図形・作図・長さや角の理解,中1入学時平均を0、中3卒業時平均を300とする運用尺度で、学年内の学習順、問題レベル、問題文の特徴から校正した暫定値。基礎・標準問題は300超えを目標にせず、発展・模試過去問で300超えを扱う前提です。,基礎：図から性質や公式を直接使う問題中心。標準：補助線、証明、複数の図形性質を組み合わせる問題を入れる。
m-jh1-C-02-13b.txt,1-C-02-13,空間図形－角柱や円柱の表面積,角柱や円柱の表面積,問題1,基礎レベル,79.7,±18.0,0.0140,図形の性質・空間把握,基本図形・作図・長さや角の理解,中1入学時平均を0、中3卒業時平均を300とする運用尺度で、学年内の学習順、問題レベル、問題文の特徴から校正した暫定値。基礎・標準問題は300超えを目標にせず、発展・模試過去問で300超えを扱う前提です。,基礎：図から性質や公式を直接使う問題中心。標準：補助線、証明、複数の図形性質を組み合わせる問題を入れる。
m-jh1-C-02-13b.txt,1-C-02-13,空間図形－角柱や円柱の表面積,角柱や円柱の表面積,問題2,基礎レベル,82.7,±18.0,0.0144,図形の性質・空間把握,基本図形・作図・長さや角の理解,中1入学時平均を0、中3卒業時平均を300とする運用尺度で、学年内の学習順、問題レベル、問題文の特徴から校正した暫定値。基礎・標準問題は300超えを目標にせず、発展・模試過去問で300超えを扱う前提です。,基礎：図から性質や公式を直接使う問題中心。標準：補助線、証明、複数の図形性質を組み合わせる問題を入れる。
m-jh1-C-02-14b.txt,1-C-02-14,空間図形－角錐や円錐の表面積,角錐や円錐の表面積,問題1,基礎レベル,80.3,±18.0,0.0140,図形の性質・空間把握,基本図形・作図・長さや角の理解,中1入学時平均を0、中3卒業時平均を300とする運用尺度で、学年内の学習順、問題レベル、問題文の特徴から校正した暫定値。基礎・標準問題は300超えを目標にせず、発展・模試過去問で300超えを扱う前提です。,基礎：図から性質や公式を直接使う問題中心。標準：補助線、証明、複数の図形性質を組み合わせる問題を入れる。
m-jh1-C-02-14b.txt,1-C-02-14,空間図形－角錐や円錐の表面積,角錐や円錐の表面積,問題2,基礎レベル,83.3,±18.0,0.0144,図形の性質・空間把握,基本図形・作図・長さや角の理解,中1入学時平均を0、中3卒業時平均を300とする運用尺度で、学年内の学習順、問題レベル、問題文の特徴から校正した暫定値。基礎・標準問題は300超えを目標にせず、発展・模試過去問で300超えを扱う前提です。,基礎：図から性質や公式を直接使う問題中心。標準：補助線、証明、複数の図形性質を組み合わせる問題を入れる。
m-jh1-C-02-15b.txt,1-C-02-15,空間図形－球の体積,球の体積,問題1,基礎レベル,80.9,±18.0,0.0140,図形の性質・空間把握,基本図形・作図・長さや角の理解,中1入学時平均を0、中3卒業時平均を300とする運用尺度で、学年内の学習順、問題レベル、問題文の特徴から校正した暫定値。基礎・標準問題は300超えを目標にせず、発展・模試過去問で300超えを扱う前提です。,基礎：図から性質や公式を直接使う問題中心。標準：補助線、証明、複数の図形性質を組み合わせる問題を入れる。
m-jh1-C-02-15b.txt,1-C-02-15,空間図形－球の体積,球の体積,問題2,基礎レベル,83.9,±18.0,0.0144,図形の性質・空間把握,基本図形・作図・長さや角の理解,中1入学時平均を0、中3卒業時平均を300とする運用尺度で、学年内の学習順、問題レベル、問題文の特徴から校正した暫定値。基礎・標準問題は300超えを目標にせず、発展・模試過去問で300超えを扱う前提です。,基礎：図から性質や公式を直接使う問題中心。標準：補助線、証明、複数の図形性質を組み合わせる問題を入れる。
m-jh1-C-02-15b.txt,1-C-02-15,空間図形－球の体積,球の体積,問題3,基礎レベル,86.9,±18.0,0.0148,図形の性質・空間把握,基本図形・作図・長さや角の理解,中1入学時平均を0、中3卒業時平均を300とする運用尺度で、学年内の学習順、問題レベル、問題文の特徴から校正した暫定値。基礎・標準問題は300超えを目標にせず、発展・模試過去問で300超えを扱う前提です。,基礎：図から性質や公式を直接使う問題中心。標準：補助線、証明、複数の図形性質を組み合わせる問題を入れる。
m-jh1-C-02-16b.txt,1-C-02-16,空間図形－球の表面積,球の表面積,問題1,基礎レベル,81.4,±18.0,0.0140,図形の性質・空間把握,基本図形・作図・長さや角の理解,中1入学時平均を0、中3卒業時平均を300とする運用尺度で、学年内の学習順、問題レベル、問題文の特徴から校正した暫定値。基礎・標準問題は300超えを目標にせず、発展・模試過去問で300超えを扱う前提です。,基礎：図から性質や公式を直接使う問題中心。標準：補助線、証明、複数の図形性質を組み合わせる問題を入れる。
m-jh1-C-02-16b.txt,1-C-02-16,空間図形－球の表面積,球の表面積,問題2,基礎レベル,84.4,±18.0,0.0144,図形の性質・空間把握,基本図形・作図・長さや角の理解,中1入学時平均を0、中3卒業時平均を300とする運用尺度で、学年内の学習順、問題レベル、問題文の特徴から校正した暫定値。基礎・標準問題は300超えを目標にせず、発展・模試過去問で300超えを扱う前提です。,基礎：図から性質や公式を直接使う問題中心。標準：補助線、証明、複数の図形性質を組み合わせる問題を入れる。
m-jh1-C-02-16b.txt,1-C-02-16,空間図形－球の表面積,球の表面積,問題3,基礎レベル,87.4,±18.0,0.0148,図形の性質・空間把握,基本図形・作図・長さや角の理解,中1入学時平均を0、中3卒業時平均を300とする運用尺度で、学年内の学習順、問題レベル、問題文の特徴から校正した暫定値。基礎・標準問題は300超えを目標にせず、発展・模試過去問で300超えを扱う前提です。,基礎：図から性質や公式を直接使う問題中心。標準：補助線、証明、複数の図形性質を組み合わせる問題を入れる。
m-jh1-D-01-12b.txt,1-D-01-12,データの活用－ことがらの起こりやすさ,ことがらの起こりやすさ,問題1,基礎レベル,82.0,±18.0,0.0140,データの整理・統計的判断,表やグラフの読み取り・平均や割合,中1入学時平均を0、中3卒業時平均を300とする運用尺度で、学年内の学習順、問題レベル、問題文の特徴から校正した暫定値。基礎・標準問題は300超えを目標にせず、発展・模試過去問で300超えを扱う前提です。,基礎：用語・代表値・図表の読み取りを確認する問題中心。標準：複数データの比較や推測を含む問題を入れる。
m-jh2-A-01-01b.txt,2-A-01-01,多項式の計算－多項式と項,多項式と項,問題1,基礎レベル,105.0,±18.0,0.0140,数式処理・数量関係の理解,小学校算数の四則計算・数量関係,中1入学時平均を0、中3卒業時平均を300とする運用尺度で、学年内の学習順、問題レベル、問題文の特徴から校正した暫定値。基礎・標準問題は300超えを目標にせず、発展・模試過去問で300超えを扱う前提です。,基礎：用語・公式・計算手順を1つずつ確認する単問中心。標準：複数条件や式変形を組み合わせ、見通しをもって処理する問題を入れる。
m-jh2-A-01-01b.txt,2-A-01-01,多項式の計算－多項式と項,多項式と項,問題2,基礎レベル,108.0,±18.0,0.0144,数式処理・数量関係の理解,小学校算数の四則計算・数量関係,中1入学時平均を0、中3卒業時平均を300とする運用尺度で、学年内の学習順、問題レベル、問題文の特徴から校正した暫定値。基礎・標準問題は300超えを目標にせず、発展・模試過去問で300超えを扱う前提です。,基礎：用語・公式・計算手順を1つずつ確認する単問中心。標準：複数条件や式変形を組み合わせ、見通しをもって処理する問題を入れる。
m-jh2-A-01-02b.txt,2-A-01-02,多項式の計算－項の次数,項の次数,問題1,基礎レベル,106.0,±18.0,0.0140,数式処理・数量関係の理解,小学校算数の四則計算・数量関係,中1入学時平均を0、中3卒業時平均を300とする運用尺度で、学年内の学習順、問題レベル、問題文の特徴から校正した暫定値。基礎・標準問題は300超えを目標にせず、発展・模試過去問で300超えを扱う前提です。,基礎：用語・公式・計算手順を1つずつ確認する単問中心。標準：複数条件や式変形を組み合わせ、見通しをもって処理する問題を入れる。
m-jh2-A-01-02b.txt,2-A-01-02,多項式の計算－項の次数,項の次数,問題2,基礎レベル,109.0,±18.0,0.0144,数式処理・数量関係の理解,小学校算数の四則計算・数量関係,中1入学時平均を0、中3卒業時平均を300とする運用尺度で、学年内の学習順、問題レベル、問題文の特徴から校正した暫定値。基礎・標準問題は300超えを目標にせず、発展・模試過去問で300超えを扱う前提です。,基礎：用語・公式・計算手順を1つずつ確認する単問中心。標準：複数条件や式変形を組み合わせ、見通しをもって処理する問題を入れる。
m-jh2-A-01-03b.txt,2-A-01-03,多項式の計算－式の次数,式の次数,問題1,基礎レベル,107.0,±18.0,0.0140,数式処理・数量関係の理解,小学校算数の四則計算・数量関係,中1入学時平均を0、中3卒業時平均を300とする運用尺度で、学年内の学習順、問題レベル、問題文の特徴から校正した暫定値。基礎・標準問題は300超えを目標にせず、発展・模試過去問で300超えを扱う前提です。,基礎：用語・公式・計算手順を1つずつ確認する単問中心。標準：複数条件や式変形を組み合わせ、見通しをもって処理する問題を入れる。
m-jh2-A-01-03b.txt,2-A-01-03,多項式の計算－式の次数,式の次数,問題2,基礎レベル,110.0,±18.0,0.0144,数式処理・数量関係の理解,小学校算数の四則計算・数量関係,中1入学時平均を0、中3卒業時平均を300とする運用尺度で、学年内の学習順、問題レベル、問題文の特徴から校正した暫定値。基礎・標準問題は300超えを目標にせず、発展・模試過去問で300超えを扱う前提です。,基礎：用語・公式・計算手順を1つずつ確認する単問中心。標準：複数条件や式変形を組み合わせ、見通しをもって処理する問題を入れる。
m-jh2-A-01-04b.txt,2-A-01-04,多項式の計算－同類項,同類項,問題1,基礎レベル,108.0,±18.0,0.0140,数式処理・数量関係の理解,小学校算数の四則計算・数量関係,中1入学時平均を0、中3卒業時平均を300とする運用尺度で、学年内の学習順、問題レベル、問題文の特徴から校正した暫定値。基礎・標準問題は300超えを目標にせず、発展・模試過去問で300超えを扱う前提です。,基礎：用語・公式・計算手順を1つずつ確認する単問中心。標準：複数条件や式変形を組み合わせ、見通しをもって処理する問題を入れる。
m-jh2-A-01-04b.txt,2-A-01-04,多項式の計算－同類項,同類項,問題2,基礎レベル,111.0,±18.0,0.0144,数式処理・数量関係の理解,小学校算数の四則計算・数量関係,中1入学時平均を0、中3卒業時平均を300とする運用尺度で、学年内の学習順、問題レベル、問題文の特徴から校正した暫定値。基礎・標準問題は300超えを目標にせず、発展・模試過去問で300超えを扱う前提です。,基礎：用語・公式・計算手順を1つずつ確認する単問中心。標準：複数条件や式変形を組み合わせ、見通しをもって処理する問題を入れる。
m-jh2-A-01-04b.txt,2-A-01-04,多項式の計算－同類項,同類項,問題3,基礎レベル,114.0,±18.0,0.0148,数式処理・数量関係の理解,小学校算数の四則計算・数量関係,中1入学時平均を0、中3卒業時平均を300とする運用尺度で、学年内の学習順、問題レベル、問題文の特徴から校正した暫定値。基礎・標準問題は300超えを目標にせず、発展・模試過去問で300超えを扱う前提です。,基礎：用語・公式・計算手順を1つずつ確認する単問中心。標準：複数条件や式変形を組み合わせ、見通しをもって処理する問題を入れる。
m-jh2-A-01-04s.txt,2-A-01-04,多項式の計算－同類項,同類項,問題1,標準レベル,124.9,±20.0,0.0158,数式処理・数量関係の理解,小学校算数の四則計算・数量関係,中1入学時平均を0、中3卒業時平均を300とする運用尺度で、学年内の学習順、問題レベル、問題文の特徴から校正した暫定値。基礎・標準問題は300超えを目標にせず、発展・模試過去問で300超えを扱う前提です。,基礎：用語・公式・計算手順を1つずつ確認する単問中心。標準：複数条件や式変形を組み合わせ、見通しをもって処理する問題を入れる。
m-jh2-A-01-04s.txt,2-A-01-04,多項式の計算－同類項,同類項,問題2,標準レベル,127.9,±20.0,0.0162,数式処理・数量関係の理解,小学校算数の四則計算・数量関係,中1入学時平均を0、中3卒業時平均を300とする運用尺度で、学年内の学習順、問題レベル、問題文の特徴から校正した暫定値。基礎・標準問題は300超えを目標にせず、発展・模試過去問で300超えを扱う前提です。,基礎：用語・公式・計算手順を1つずつ確認する単問中心。標準：複数条件や式変形を組み合わせ、見通しをもって処理する問題を入れる。
m-jh2-A-01-05b.txt,2-A-01-05,多項式の計算－多項式の加法と減法,多項式の加法と減法,問題1,基礎レベル,109.9,±18.0,0.0140,数式処理・数量関係の理解,小学校算数の四則計算・数量関係,中1入学時平均を0、中3卒業時平均を300とする運用尺度で、学年内の学習順、問題レベル、問題文の特徴から校正した暫定値。基礎・標準問題は300超えを目標にせず、発展・模試過去問で300超えを扱う前提です。,基礎：用語・公式・計算手順を1つずつ確認する単問中心。標準：複数条件や式変形を組み合わせ、見通しをもって処理する問題を入れる。
m-jh2-A-01-05b.txt,2-A-01-05,多項式の計算－多項式の加法と減法,多項式の加法と減法,問題2,基礎レベル,112.9,±18.0,0.0144,数式処理・数量関係の理解,小学校算数の四則計算・数量関係,中1入学時平均を0、中3卒業時平均を300とする運用尺度で、学年内の学習順、問題レベル、問題文の特徴から校正した暫定値。基礎・標準問題は300超えを目標にせず、発展・模試過去問で300超えを扱う前提です。,基礎：用語・公式・計算手順を1つずつ確認する単問中心。標準：複数条件や式変形を組み合わせ、見通しをもって処理する問題を入れる。
m-jh2-A-01-05s.txt,2-A-01-05,多項式の計算－多項式の加法と減法,多項式の加法と減法,問題1,標準レベル,126.9,±20.0,0.0158,数式処理・数量関係の理解,小学校算数の四則計算・数量関係,中1入学時平均を0、中3卒業時平均を300とする運用尺度で、学年内の学習順、問題レベル、問題文の特徴から校正した暫定値。基礎・標準問題は300超えを目標にせず、発展・模試過去問で300超えを扱う前提です。,基礎：用語・公式・計算手順を1つずつ確認する単問中心。標準：複数条件や式変形を組み合わせ、見通しをもって処理する問題を入れる。
m-jh2-A-01-05s.txt,2-A-01-05,多項式の計算－多項式の加法と減法,多項式の加法と減法,問題2,標準レベル,129.9,±20.0,0.0162,数式処理・数量関係の理解,小学校算数の四則計算・数量関係,中1入学時平均を0、中3卒業時平均を300とする運用尺度で、学年内の学習順、問題レベル、問題文の特徴から校正した暫定値。基礎・標準問題は300超えを目標にせず、発展・模試過去問で300超えを扱う前提です。,基礎：用語・公式・計算手順を1つずつ確認する単問中心。標準：複数条件や式変形を組み合わせ、見通しをもって処理する問題を入れる。
m-jh2-A-01-06b.txt,2-A-01-06,多項式の計算－数と多項式の乗法,数と多項式の乗法,問題1,基礎レベル,111.9,±18.0,0.0140,数式処理・数量関係の理解,小学校算数の四則計算・数量関係,中1入学時平均を0、中3卒業時平均を300とする運用尺度で、学年内の学習順、問題レベル、問題文の特徴から校正した暫定値。基礎・標準問題は300超えを目標にせず、発展・模試過去問で300超えを扱う前提です。,基礎：用語・公式・計算手順を1つずつ確認する単問中心。標準：複数条件や式変形を組み合わせ、見通しをもって処理する問題を入れる。
m-jh2-A-01-06b.txt,2-A-01-06,多項式の計算－数と多項式の乗法,数と多項式の乗法,問題2,基礎レベル,114.9,±18.0,0.0144,数式処理・数量関係の理解,小学校算数の四則計算・数量関係,中1入学時平均を0、中3卒業時平均を300とする運用尺度で、学年内の学習順、問題レベル、問題文の特徴から校正した暫定値。基礎・標準問題は300超えを目標にせず、発展・模試過去問で300超えを扱う前提です。,基礎：用語・公式・計算手順を1つずつ確認する単問中心。標準：複数条件や式変形を組み合わせ、見通しをもって処理する問題を入れる。
m-jh2-A-01-06s.txt,2-A-01-06,多項式の計算－数と多項式の乗法,数と多項式の乗法,問題1,標準レベル,128.9,±20.0,0.0158,数式処理・数量関係の理解,小学校算数の四則計算・数量関係,中1入学時平均を0、中3卒業時平均を300とする運用尺度で、学年内の学習順、問題レベル、問題文の特徴から校正した暫定値。基礎・標準問題は300超えを目標にせず、発展・模試過去問で300超えを扱う前提です。,基礎：用語・公式・計算手順を1つずつ確認する単問中心。標準：複数条件や式変形を組み合わせ、見通しをもって処理する問題を入れる。
m-jh2-A-01-06s.txt,2-A-01-06,多項式の計算－数と多項式の乗法,数と多項式の乗法,問題2,標準レベル,131.9,±20.0,0.0162,数式処理・数量関係の理解,小学校算数の四則計算・数量関係,中1入学時平均を0、中3卒業時平均を300とする運用尺度で、学年内の学習順、問題レベル、問題文の特徴から校正した暫定値。基礎・標準問題は300超えを目標にせず、発展・模試過去問で300超えを扱う前提です。,基礎：用語・公式・計算手順を1つずつ確認する単問中心。標準：複数条件や式変形を組み合わせ、見通しをもって処理する問題を入れる。
m-jh2-A-01-07b.txt,2-A-01-07,多項式の計算－多項式と数の除法,多項式と数の除法,問題1,基礎レベル,113.9,±18.0,0.0140,数式処理・数量関係の理解,小学校算数の四則計算・数量関係,中1入学時平均を0、中3卒業時平均を300とする運用尺度で、学年内の学習順、問題レベル、問題文の特徴から校正した暫定値。基礎・標準問題は300超えを目標にせず、発展・模試過去問で300超えを扱う前提です。,基礎：用語・公式・計算手順を1つずつ確認する単問中心。標準：複数条件や式変形を組み合わせ、見通しをもって処理する問題を入れる。
m-jh2-A-01-07b.txt,2-A-01-07,多項式の計算－多項式と数の除法,多項式と数の除法,問題2,基礎レベル,116.9,±18.0,0.0144,数式処理・数量関係の理解,小学校算数の四則計算・数量関係,中1入学時平均を0、中3卒業時平均を300とする運用尺度で、学年内の学習順、問題レベル、問題文の特徴から校正した暫定値。基礎・標準問題は300超えを目標にせず、発展・模試過去問で300超えを扱う前提です。,基礎：用語・公式・計算手順を1つずつ確認する単問中心。標準：複数条件や式変形を組み合わせ、見通しをもって処理する問題を入れる。
m-jh2-A-01-07s.txt,2-A-01-07,多項式の計算－多項式と数の除法,多項式と数の除法,問題1,標準レベル,130.9,±20.0,0.0158,数式処理・数量関係の理解,小学校算数の四則計算・数量関係,中1入学時平均を0、中3卒業時平均を300とする運用尺度で、学年内の学習順、問題レベル、問題文の特徴から校正した暫定値。基礎・標準問題は300超えを目標にせず、発展・模試過去問で300超えを扱う前提です。,基礎：用語・公式・計算手順を1つずつ確認する単問中心。標準：複数条件や式変形を組み合わせ、見通しをもって処理する問題を入れる。
m-jh2-A-01-07s.txt,2-A-01-07,多項式の計算－多項式と数の除法,多項式と数の除法,問題2,標準レベル,133.9,±20.0,0.0162,数式処理・数量関係の理解,小学校算数の四則計算・数量関係,中1入学時平均を0、中3卒業時平均を300とする運用尺度で、学年内の学習順、問題レベル、問題文の特徴から校正した暫定値。基礎・標準問題は300超えを目標にせず、発展・模試過去問で300超えを扱う前提です。,基礎：用語・公式・計算手順を1つずつ確認する単問中心。標準：複数条件や式変形を組み合わせ、見通しをもって処理する問題を入れる。
m-jh2-A-01-08b.txt,2-A-01-08,多項式の計算－分配法則を利用する加法と減法（分数を含まない）,分配法則を利用する加法と減法（分数を含まない）,問題1,基礎レベル,115.9,±18.0,0.0140,数式処理・数量関係の理解,小学校算数の四則計算・数量関係,中1入学時平均を0、中3卒業時平均を300とする運用尺度で、学年内の学習順、問題レベル、問題文の特徴から校正した暫定値。基礎・標準問題は300超えを目標にせず、発展・模試過去問で300超えを扱う前提です。,基礎：用語・公式・計算手順を1つずつ確認する単問中心。標準：複数条件や式変形を組み合わせ、見通しをもって処理する問題を入れる。
m-jh2-A-01-08b.txt,2-A-01-08,多項式の計算－分配法則を利用する加法と減法（分数を含まない）,分配法則を利用する加法と減法（分数を含まない）,問題2,基礎レベル,118.9,±18.0,0.0144,数式処理・数量関係の理解,小学校算数の四則計算・数量関係,中1入学時平均を0、中3卒業時平均を300とする運用尺度で、学年内の学習順、問題レベル、問題文の特徴から校正した暫定値。基礎・標準問題は300超えを目標にせず、発展・模試過去問で300超えを扱う前提です。,基礎：用語・公式・計算手順を1つずつ確認する単問中心。標準：複数条件や式変形を組み合わせ、見通しをもって処理する問題を入れる。
m-jh2-A-01-08s.txt,2-A-01-08,多項式の計算－分配法則を利用する加法と減法（分数を含まない）,分配法則を利用する加法と減法（分数を含まない）,問題1,標準レベル,132.8,±20.0,0.0158,数式処理・数量関係の理解,小学校算数の四則計算・数量関係,中1入学時平均を0、中3卒業時平均を300とする運用尺度で、学年内の学習順、問題レベル、問題文の特徴から校正した暫定値。基礎・標準問題は300超えを目標にせず、発展・模試過去問で300超えを扱う前提です。,基礎：用語・公式・計算手順を1つずつ確認する単問中心。標準：複数条件や式変形を組み合わせ、見通しをもって処理する問題を入れる。
m-jh2-A-01-08s.txt,2-A-01-08,多項式の計算－分配法則を利用する加法と減法（分数を含まない）,分配法則を利用する加法と減法（分数を含まない）,問題2,標準レベル,135.8,±20.0,0.0162,数式処理・数量関係の理解,小学校算数の四則計算・数量関係,中1入学時平均を0、中3卒業時平均を300とする運用尺度で、学年内の学習順、問題レベル、問題文の特徴から校正した暫定値。基礎・標準問題は300超えを目標にせず、発展・模試過去問で300超えを扱う前提です。,基礎：用語・公式・計算手順を1つずつ確認する単問中心。標準：複数条件や式変形を組み合わせ、見通しをもって処理する問題を入れる。
m-jh2-A-01-09b.txt,2-A-01-09,多項式の計算－分配法則を利用する加法と減法（分数を含む）,分配法則を利用する加法と減法（分数を含む）,問題1,基礎レベル,117.8,±18.0,0.0140,数式処理・数量関係の理解,小学校算数の四則計算・数量関係,中1入学時平均を0、中3卒業時平均を300とする運用尺度で、学年内の学習順、問題レベル、問題文の特徴から校正した暫定値。基礎・標準問題は300超えを目標にせず、発展・模試過去問で300超えを扱う前提です。,基礎：用語・公式・計算手順を1つずつ確認する単問中心。標準：複数条件や式変形を組み合わせ、見通しをもって処理する問題を入れる。
m-jh2-A-01-09b.txt,2-A-01-09,多項式の計算－分配法則を利用する加法と減法（分数を含む）,分配法則を利用する加法と減法（分数を含む）,問題2,基礎レベル,120.8,±18.0,0.0144,数式処理・数量関係の理解,小学校算数の四則計算・数量関係,中1入学時平均を0、中3卒業時平均を300とする運用尺度で、学年内の学習順、問題レベル、問題文の特徴から校正した暫定値。基礎・標準問題は300超えを目標にせず、発展・模試過去問で300超えを扱う前提です。,基礎：用語・公式・計算手順を1つずつ確認する単問中心。標準：複数条件や式変形を組み合わせ、見通しをもって処理する問題を入れる。
m-jh2-A-01-09s.txt,2-A-01-09,多項式の計算－分配法則を利用する加法と減法（分数を含む）,分配法則を利用する加法と減法（分数を含む）,問題1,標準レベル,134.8,±20.0,0.0158,数式処理・数量関係の理解,小学校算数の四則計算・数量関係,中1入学時平均を0、中3卒業時平均を300とする運用尺度で、学年内の学習順、問題レベル、問題文の特徴から校正した暫定値。基礎・標準問題は300超えを目標にせず、発展・模試過去問で300超えを扱う前提です。,基礎：用語・公式・計算手順を1つずつ確認する単問中心。標準：複数条件や式変形を組み合わせ、見通しをもって処理する問題を入れる。
m-jh2-A-01-09s.txt,2-A-01-09,多項式の計算－分配法則を利用する加法と減法（分数を含む）,分配法則を利用する加法と減法（分数を含む）,問題2,標準レベル,137.8,±20.0,0.0162,数式処理・数量関係の理解,小学校算数の四則計算・数量関係,中1入学時平均を0、中3卒業時平均を300とする運用尺度で、学年内の学習順、問題レベル、問題文の特徴から校正した暫定値。基礎・標準問題は300超えを目標にせず、発展・模試過去問で300超えを扱う前提です。,基礎：用語・公式・計算手順を1つずつ確認する単問中心。標準：複数条件や式変形を組み合わせ、見通しをもって処理する問題を入れる。
m-jh2-A-01-10b.txt,2-A-01-10,多項式の計算－単項式の乗法,単項式の乗法,問題1,基礎レベル,119.8,±18.0,0.0140,数式処理・数量関係の理解,小学校算数の四則計算・数量関係,中1入学時平均を0、中3卒業時平均を300とする運用尺度で、学年内の学習順、問題レベル、問題文の特徴から校正した暫定値。基礎・標準問題は300超えを目標にせず、発展・模試過去問で300超えを扱う前提です。,基礎：用語・公式・計算手順を1つずつ確認する単問中心。標準：複数条件や式変形を組み合わせ、見通しをもって処理する問題を入れる。
m-jh2-A-01-10b.txt,2-A-01-10,多項式の計算－単項式の乗法,単項式の乗法,問題2,基礎レベル,122.8,±18.0,0.0144,数式処理・数量関係の理解,小学校算数の四則計算・数量関係,中1入学時平均を0、中3卒業時平均を300とする運用尺度で、学年内の学習順、問題レベル、問題文の特徴から校正した暫定値。基礎・標準問題は300超えを目標にせず、発展・模試過去問で300超えを扱う前提です。,基礎：用語・公式・計算手順を1つずつ確認する単問中心。標準：複数条件や式変形を組み合わせ、見通しをもって処理する問題を入れる。
m-jh2-A-01-10b.txt,2-A-01-10,多項式の計算－単項式の乗法,単項式の乗法,問題3,基礎レベル,125.8,±18.0,0.0148,数式処理・数量関係の理解,小学校算数の四則計算・数量関係,中1入学時平均を0、中3卒業時平均を300とする運用尺度で、学年内の学習順、問題レベル、問題文の特徴から校正した暫定値。基礎・標準問題は300超えを目標にせず、発展・模試過去問で300超えを扱う前提です。,基礎：用語・公式・計算手順を1つずつ確認する単問中心。標準：複数条件や式変形を組み合わせ、見通しをもって処理する問題を入れる。
m-jh2-A-01-10s.txt,2-A-01-10,多項式の計算－単項式の乗法,単項式の乗法,問題1,標準レベル,136.8,±20.0,0.0158,数式処理・数量関係の理解,小学校算数の四則計算・数量関係,中1入学時平均を0、中3卒業時平均を300とする運用尺度で、学年内の学習順、問題レベル、問題文の特徴から校正した暫定値。基礎・標準問題は300超えを目標にせず、発展・模試過去問で300超えを扱う前提です。,基礎：用語・公式・計算手順を1つずつ確認する単問中心。標準：複数条件や式変形を組み合わせ、見通しをもって処理する問題を入れる。
m-jh2-A-01-10s.txt,2-A-01-10,多項式の計算－単項式の乗法,単項式の乗法,問題2,標準レベル,139.8,±20.0,0.0162,数式処理・数量関係の理解,小学校算数の四則計算・数量関係,中1入学時平均を0、中3卒業時平均を300とする運用尺度で、学年内の学習順、問題レベル、問題文の特徴から校正した暫定値。基礎・標準問題は300超えを目標にせず、発展・模試過去問で300超えを扱う前提です。,基礎：用語・公式・計算手順を1つずつ確認する単問中心。標準：複数条件や式変形を組み合わせ、見通しをもって処理する問題を入れる。
m-jh2-A-01-11b.txt,2-A-01-11,多項式の計算－単項式の除法,単項式の除法,問題1,基礎レベル,121.8,±18.0,0.0140,数式処理・数量関係の理解,小学校算数の四則計算・数量関係,中1入学時平均を0、中3卒業時平均を300とする運用尺度で、学年内の学習順、問題レベル、問題文の特徴から校正した暫定値。基礎・標準問題は300超えを目標にせず、発展・模試過去問で300超えを扱う前提です。,基礎：用語・公式・計算手順を1つずつ確認する単問中心。標準：複数条件や式変形を組み合わせ、見通しをもって処理する問題を入れる。
m-jh2-A-01-11b.txt,2-A-01-11,多項式の計算－単項式の除法,単項式の除法,問題2,基礎レベル,124.8,±18.0,0.0144,数式処理・数量関係の理解,小学校算数の四則計算・数量関係,中1入学時平均を0、中3卒業時平均を300とする運用尺度で、学年内の学習順、問題レベル、問題文の特徴から校正した暫定値。基礎・標準問題は300超えを目標にせず、発展・模試過去問で300超えを扱う前提です。,基礎：用語・公式・計算手順を1つずつ確認する単問中心。標準：複数条件や式変形を組み合わせ、見通しをもって処理する問題を入れる。
m-jh2-A-01-11s.txt,2-A-01-11,多項式の計算－単項式の除法,単項式の除法,問題1,標準レベル,138.8,±20.0,0.0158,数式処理・数量関係の理解,小学校算数の四則計算・数量関係,中1入学時平均を0、中3卒業時平均を300とする運用尺度で、学年内の学習順、問題レベル、問題文の特徴から校正した暫定値。基礎・標準問題は300超えを目標にせず、発展・模試過去問で300超えを扱う前提です。,基礎：用語・公式・計算手順を1つずつ確認する単問中心。標準：複数条件や式変形を組み合わせ、見通しをもって処理する問題を入れる。
m-jh2-A-01-11s.txt,2-A-01-11,多項式の計算－単項式の除法,単項式の除法,問題2,標準レベル,141.8,±20.0,0.0162,数式処理・数量関係の理解,小学校算数の四則計算・数量関係,中1入学時平均を0、中3卒業時平均を300とする運用尺度で、学年内の学習順、問題レベル、問題文の特徴から校正した暫定値。基礎・標準問題は300超えを目標にせず、発展・模試過去問で300超えを扱う前提です。,基礎：用語・公式・計算手順を1つずつ確認する単問中心。標準：複数条件や式変形を組み合わせ、見通しをもって処理する問題を入れる。
m-jh2-A-01-12b.txt,2-A-01-12,多項式の計算－単項式の乗法・除法混合,単項式の乗法・除法混合,問題1,基礎レベル,123.8,±18.0,0.0140,数式処理・数量関係の理解,小学校算数の四則計算・数量関係,中1入学時平均を0、中3卒業時平均を300とする運用尺度で、学年内の学習順、問題レベル、問題文の特徴から校正した暫定値。基礎・標準問題は300超えを目標にせず、発展・模試過去問で300超えを扱う前提です。,基礎：用語・公式・計算手順を1つずつ確認する単問中心。標準：複数条件や式変形を組み合わせ、見通しをもって処理する問題を入れる。
m-jh2-A-01-12b.txt,2-A-01-12,多項式の計算－単項式の乗法・除法混合,単項式の乗法・除法混合,問題2,基礎レベル,126.8,±18.0,0.0144,数式処理・数量関係の理解,小学校算数の四則計算・数量関係,中1入学時平均を0、中3卒業時平均を300とする運用尺度で、学年内の学習順、問題レベル、問題文の特徴から校正した暫定値。基礎・標準問題は300超えを目標にせず、発展・模試過去問で300超えを扱う前提です。,基礎：用語・公式・計算手順を1つずつ確認する単問中心。標準：複数条件や式変形を組み合わせ、見通しをもって処理する問題を入れる。
m-jh2-A-01-12s.txt,2-A-01-12,多項式の計算－単項式の乗法・除法混合,単項式の乗法・除法混合,問題1,標準レベル,140.7,±20.0,0.0158,数式処理・数量関係の理解,小学校算数の四則計算・数量関係,中1入学時平均を0、中3卒業時平均を300とする運用尺度で、学年内の学習順、問題レベル、問題文の特徴から校正した暫定値。基礎・標準問題は300超えを目標にせず、発展・模試過去問で300超えを扱う前提です。,基礎：用語・公式・計算手順を1つずつ確認する単問中心。標準：複数条件や式変形を組み合わせ、見通しをもって処理する問題を入れる。
m-jh2-A-01-12s.txt,2-A-01-12,多項式の計算－単項式の乗法・除法混合,単項式の乗法・除法混合,問題2,標準レベル,143.7,±20.0,0.0162,数式処理・数量関係の理解,小学校算数の四則計算・数量関係,中1入学時平均を0、中3卒業時平均を300とする運用尺度で、学年内の学習順、問題レベル、問題文の特徴から校正した暫定値。基礎・標準問題は300超えを目標にせず、発展・模試過去問で300超えを扱う前提です。,基礎：用語・公式・計算手順を1つずつ確認する単問中心。標準：複数条件や式変形を組み合わせ、見通しをもって処理する問題を入れる。
m-jh2-A-01-13b.txt,2-A-01-13,多項式の計算－式の値,式の値,問題1,基礎レベル,125.7,±18.0,0.0140,数式処理・数量関係の理解,小学校算数の四則計算・数量関係,中1入学時平均を0、中3卒業時平均を300とする運用尺度で、学年内の学習順、問題レベル、問題文の特徴から校正した暫定値。基礎・標準問題は300超えを目標にせず、発展・模試過去問で300超えを扱う前提です。,基礎：用語・公式・計算手順を1つずつ確認する単問中心。標準：複数条件や式変形を組み合わせ、見通しをもって処理する問題を入れる。
m-jh2-A-01-13b.txt,2-A-01-13,多項式の計算－式の値,式の値,問題2,基礎レベル,128.7,±18.0,0.0144,数式処理・数量関係の理解,小学校算数の四則計算・数量関係,中1入学時平均を0、中3卒業時平均を300とする運用尺度で、学年内の学習順、問題レベル、問題文の特徴から校正した暫定値。基礎・標準問題は300超えを目標にせず、発展・模試過去問で300超えを扱う前提です。,基礎：用語・公式・計算手順を1つずつ確認する単問中心。標準：複数条件や式変形を組み合わせ、見通しをもって処理する問題を入れる。
m-jh2-A-01-13s.txt,2-A-01-13,多項式の計算－式の値,式の値,問題1,標準レベル,142.7,±20.0,0.0158,数式処理・数量関係の理解,小学校算数の四則計算・数量関係,中1入学時平均を0、中3卒業時平均を300とする運用尺度で、学年内の学習順、問題レベル、問題文の特徴から校正した暫定値。基礎・標準問題は300超えを目標にせず、発展・模試過去問で300超えを扱う前提です。,基礎：用語・公式・計算手順を1つずつ確認する単問中心。標準：複数条件や式変形を組み合わせ、見通しをもって処理する問題を入れる。
m-jh2-A-01-13s.txt,2-A-01-13,多項式の計算－式の値,式の値,問題2,標準レベル,145.7,±20.0,0.0162,数式処理・数量関係の理解,小学校算数の四則計算・数量関係,中1入学時平均を0、中3卒業時平均を300とする運用尺度で、学年内の学習順、問題レベル、問題文の特徴から校正した暫定値。基礎・標準問題は300超えを目標にせず、発展・模試過去問で300超えを扱う前提です。,基礎：用語・公式・計算手順を1つずつ確認する単問中心。標準：複数条件や式変形を組み合わせ、見通しをもって処理する問題を入れる。
m-jh2-A-02-01b.txt,2-A-02-01,文字式の利用－整数に関するいろいろな性質,整数に関するいろいろな性質,問題1,基礎レベル,127.7,±18.0,0.0140,数式処理・数量関係の理解,小学校算数の四則計算・数量関係,中1入学時平均を0、中3卒業時平均を300とする運用尺度で、学年内の学習順、問題レベル、問題文の特徴から校正した暫定値。基礎・標準問題は300超えを目標にせず、発展・模試過去問で300超えを扱う前提です。,基礎：用語・公式・計算手順を1つずつ確認する単問中心。標準：複数条件や式変形を組み合わせ、見通しをもって処理する問題を入れる。
m-jh2-A-02-01b.txt,2-A-02-01,文字式の利用－整数に関するいろいろな性質,整数に関するいろいろな性質,問題2,基礎レベル,130.7,±18.0,0.0144,数式処理・数量関係の理解,小学校算数の四則計算・数量関係,中1入学時平均を0、中3卒業時平均を300とする運用尺度で、学年内の学習順、問題レベル、問題文の特徴から校正した暫定値。基礎・標準問題は300超えを目標にせず、発展・模試過去問で300超えを扱う前提です。,基礎：用語・公式・計算手順を1つずつ確認する単問中心。標準：複数条件や式変形を組み合わせ、見通しをもって処理する問題を入れる。
m-jh2-A-02-01s.txt,2-A-02-01,文字式の利用－整数に関するいろいろな性質,整数に関するいろいろな性質,問題1,標準レベル,144.7,±20.0,0.0158,数式処理・数量関係の理解,小学校算数の四則計算・数量関係,中1入学時平均を0、中3卒業時平均を300とする運用尺度で、学年内の学習順、問題レベル、問題文の特徴から校正した暫定値。基礎・標準問題は300超えを目標にせず、発展・模試過去問で300超えを扱う前提です。,基礎：用語・公式・計算手順を1つずつ確認する単問中心。標準：複数条件や式変形を組み合わせ、見通しをもって処理する問題を入れる。
m-jh2-A-02-01s.txt,2-A-02-01,文字式の利用－整数に関するいろいろな性質,整数に関するいろいろな性質,問題2,標準レベル,147.7,±20.0,0.0162,数式処理・数量関係の理解,小学校算数の四則計算・数量関係,中1入学時平均を0、中3卒業時平均を300とする運用尺度で、学年内の学習順、問題レベル、問題文の特徴から校正した暫定値。基礎・標準問題は300超えを目標にせず、発展・模試過去問で300超えを扱う前提です。,基礎：用語・公式・計算手順を1つずつ確認する単問中心。標準：複数条件や式変形を組み合わせ、見通しをもって処理する問題を入れる。
m-jh2-A-02-02b.txt,2-A-02-02,文字式の利用－図形と文字式,図形と文字式,問題1,基礎レベル,129.7,±18.0,0.0140,数式処理・数量関係の理解,小学校算数の四則計算・数量関係,中1入学時平均を0、中3卒業時平均を300とする運用尺度で、学年内の学習順、問題レベル、問題文の特徴から校正した暫定値。基礎・標準問題は300超えを目標にせず、発展・模試過去問で300超えを扱う前提です。,基礎：用語・公式・計算手順を1つずつ確認する単問中心。標準：複数条件や式変形を組み合わせ、見通しをもって処理する問題を入れる。
m-jh2-A-02-02b.txt,2-A-02-02,文字式の利用－図形と文字式,図形と文字式,問題2,基礎レベル,132.7,±18.0,0.0144,数式処理・数量関係の理解,小学校算数の四則計算・数量関係,中1入学時平均を0、中3卒業時平均を300とする運用尺度で、学年内の学習順、問題レベル、問題文の特徴から校正した暫定値。基礎・標準問題は300超えを目標にせず、発展・模試過去問で300超えを扱う前提です。,基礎：用語・公式・計算手順を1つずつ確認する単問中心。標準：複数条件や式変形を組み合わせ、見通しをもって処理する問題を入れる。
m-jh2-A-02-02s.txt,2-A-02-02,文字式の利用－図形と文字式,図形と文字式,問題1,標準レベル,146.7,±20.0,0.0158,数式処理・数量関係の理解,小学校算数の四則計算・数量関係,中1入学時平均を0、中3卒業時平均を300とする運用尺度で、学年内の学習順、問題レベル、問題文の特徴から校正した暫定値。基礎・標準問題は300超えを目標にせず、発展・模試過去問で300超えを扱う前提です。,基礎：用語・公式・計算手順を1つずつ確認する単問中心。標準：複数条件や式変形を組み合わせ、見通しをもって処理する問題を入れる。
m-jh2-A-02-02s.txt,2-A-02-02,文字式の利用－図形と文字式,図形と文字式,問題2,標準レベル,149.7,±20.0,0.0162,数式処理・数量関係の理解,小学校算数の四則計算・数量関係,中1入学時平均を0、中3卒業時平均を300とする運用尺度で、学年内の学習順、問題レベル、問題文の特徴から校正した暫定値。基礎・標準問題は300超えを目標にせず、発展・模試過去問で300超えを扱う前提です。,基礎：用語・公式・計算手順を1つずつ確認する単問中心。標準：複数条件や式変形を組み合わせ、見通しをもって処理する問題を入れる。
m-jh2-A-02-03b.txt,2-A-02-03,文字式の利用－等式の変形,等式の変形,問題1,基礎レベル,131.7,±18.0,0.0140,数式処理・数量関係の理解,小学校算数の四則計算・数量関係,中1入学時平均を0、中3卒業時平均を300とする運用尺度で、学年内の学習順、問題レベル、問題文の特徴から校正した暫定値。基礎・標準問題は300超えを目標にせず、発展・模試過去問で300超えを扱う前提です。,基礎：用語・公式・計算手順を1つずつ確認する単問中心。標準：複数条件や式変形を組み合わせ、見通しをもって処理する問題を入れる。
m-jh2-A-02-03b.txt,2-A-02-03,文字式の利用－等式の変形,等式の変形,問題2,基礎レベル,134.7,±18.0,0.0144,数式処理・数量関係の理解,小学校算数の四則計算・数量関係,中1入学時平均を0、中3卒業時平均を300とする運用尺度で、学年内の学習順、問題レベル、問題文の特徴から校正した暫定値。基礎・標準問題は300超えを目標にせず、発展・模試過去問で300超えを扱う前提です。,基礎：用語・公式・計算手順を1つずつ確認する単問中心。標準：複数条件や式変形を組み合わせ、見通しをもって処理する問題を入れる。
m-jh2-A-02-03b.txt,2-A-02-03,文字式の利用－等式の変形,等式の変形,問題3,基礎レベル,137.7,±18.0,0.0148,数式処理・数量関係の理解,小学校算数の四則計算・数量関係,中1入学時平均を0、中3卒業時平均を300とする運用尺度で、学年内の学習順、問題レベル、問題文の特徴から校正した暫定値。基礎・標準問題は300超えを目標にせず、発展・模試過去問で300超えを扱う前提です。,基礎：用語・公式・計算手順を1つずつ確認する単問中心。標準：複数条件や式変形を組み合わせ、見通しをもって処理する問題を入れる。
m-jh2-A-02-03s.txt,2-A-02-03,文字式の利用－等式の変形,等式の変形,問題1,標準レベル,148.6,±20.0,0.0158,数式処理・数量関係の理解,小学校算数の四則計算・数量関係,中1入学時平均を0、中3卒業時平均を300とする運用尺度で、学年内の学習順、問題レベル、問題文の特徴から校正した暫定値。基礎・標準問題は300超えを目標にせず、発展・模試過去問で300超えを扱う前提です。,基礎：用語・公式・計算手順を1つずつ確認する単問中心。標準：複数条件や式変形を組み合わせ、見通しをもって処理する問題を入れる。
m-jh2-A-02-03s.txt,2-A-02-03,文字式の利用－等式の変形,等式の変形,問題2,標準レベル,151.6,±20.0,0.0162,数式処理・数量関係の理解,小学校算数の四則計算・数量関係,中1入学時平均を0、中3卒業時平均を300とする運用尺度で、学年内の学習順、問題レベル、問題文の特徴から校正した暫定値。基礎・標準問題は300超えを目標にせず、発展・模試過去問で300超えを扱う前提です。,基礎：用語・公式・計算手順を1つずつ確認する単問中心。標準：複数条件や式変形を組み合わせ、見通しをもって処理する問題を入れる。
m-jh2-A-03-01b.txt,2-A-03-01,連立方程式－連立方程式とその解,連立方程式とその解,問題1,基礎レベル,133.6,±18.0,0.0140,数式処理・数量関係の理解,小学校算数の四則計算・数量関係,中1入学時平均を0、中3卒業時平均を300とする運用尺度で、学年内の学習順、問題レベル、問題文の特徴から校正した暫定値。基礎・標準問題は300超えを目標にせず、発展・模試過去問で300超えを扱う前提です。,基礎：用語・公式・計算手順を1つずつ確認する単問中心。標準：複数条件や式変形を組み合わせ、見通しをもって処理する問題を入れる。
m-jh2-A-03-01b.txt,2-A-03-01,連立方程式－連立方程式とその解,連立方程式とその解,問題2,基礎レベル,136.6,±18.0,0.0144,数式処理・数量関係の理解,小学校算数の四則計算・数量関係,中1入学時平均を0、中3卒業時平均を300とする運用尺度で、学年内の学習順、問題レベル、問題文の特徴から校正した暫定値。基礎・標準問題は300超えを目標にせず、発展・模試過去問で300超えを扱う前提です。,基礎：用語・公式・計算手順を1つずつ確認する単問中心。標準：複数条件や式変形を組み合わせ、見通しをもって処理する問題を入れる。
m-jh2-A-03-01b.txt,2-A-03-01,連立方程式－連立方程式とその解,連立方程式とその解,問題3,基礎レベル,139.6,±18.0,0.0148,数式処理・数量関係の理解,小学校算数の四則計算・数量関係,中1入学時平均を0、中3卒業時平均を300とする運用尺度で、学年内の学習順、問題レベル、問題文の特徴から校正した暫定値。基礎・標準問題は300超えを目標にせず、発展・模試過去問で300超えを扱う前提です。,基礎：用語・公式・計算手順を1つずつ確認する単問中心。標準：複数条件や式変形を組み合わせ、見通しをもって処理する問題を入れる。
m-jh2-A-03-01b.txt,2-A-03-01,連立方程式－連立方程式とその解,連立方程式とその解,問題4,基礎レベル,142.6,±18.0,0.0152,数式処理・数量関係の理解,小学校算数の四則計算・数量関係,中1入学時平均を0、中3卒業時平均を300とする運用尺度で、学年内の学習順、問題レベル、問題文の特徴から校正した暫定値。基礎・標準問題は300超えを目標にせず、発展・模試過去問で300超えを扱う前提です。,基礎：用語・公式・計算手順を1つずつ確認する単問中心。標準：複数条件や式変形を組み合わせ、見通しをもって処理する問題を入れる。
m-jh2-A-03-01s.txt,2-A-03-01,連立方程式－連立方程式とその解,連立方程式とその解,問題1,標準レベル,150.6,±20.0,0.0158,数式処理・数量関係の理解,小学校算数の四則計算・数量関係,中1入学時平均を0、中3卒業時平均を300とする運用尺度で、学年内の学習順、問題レベル、問題文の特徴から校正した暫定値。基礎・標準問題は300超えを目標にせず、発展・模試過去問で300超えを扱う前提です。,基礎：用語・公式・計算手順を1つずつ確認する単問中心。標準：複数条件や式変形を組み合わせ、見通しをもって処理する問題を入れる。
m-jh2-A-03-01s.txt,2-A-03-01,連立方程式－連立方程式とその解,連立方程式とその解,問題2,標準レベル,153.6,±20.0,0.0162,数式処理・数量関係の理解,小学校算数の四則計算・数量関係,中1入学時平均を0、中3卒業時平均を300とする運用尺度で、学年内の学習順、問題レベル、問題文の特徴から校正した暫定値。基礎・標準問題は300超えを目標にせず、発展・模試過去問で300超えを扱う前提です。,基礎：用語・公式・計算手順を1つずつ確認する単問中心。標準：複数条件や式変形を組み合わせ、見通しをもって処理する問題を入れる。
m-jh2-A-03-02b.txt,2-A-03-02,連立方程式－加減法①2つの式をそのまま加減する,加減法①2つの式をそのまま加減する,問題1,基礎レベル,135.6,±18.0,0.0140,数式処理・数量関係の理解,小学校算数の四則計算・数量関係,中1入学時平均を0、中3卒業時平均を300とする運用尺度で、学年内の学習順、問題レベル、問題文の特徴から校正した暫定値。基礎・標準問題は300超えを目標にせず、発展・模試過去問で300超えを扱う前提です。,基礎：用語・公式・計算手順を1つずつ確認する単問中心。標準：複数条件や式変形を組み合わせ、見通しをもって処理する問題を入れる。
m-jh2-A-03-02b.txt,2-A-03-02,連立方程式－加減法①2つの式をそのまま加減する,加減法①2つの式をそのまま加減する,問題2,基礎レベル,138.6,±18.0,0.0144,数式処理・数量関係の理解,小学校算数の四則計算・数量関係,中1入学時平均を0、中3卒業時平均を300とする運用尺度で、学年内の学習順、問題レベル、問題文の特徴から校正した暫定値。基礎・標準問題は300超えを目標にせず、発展・模試過去問で300超えを扱う前提です。,基礎：用語・公式・計算手順を1つずつ確認する単問中心。標準：複数条件や式変形を組み合わせ、見通しをもって処理する問題を入れる。
m-jh2-A-03-02s.txt,2-A-03-02,連立方程式－加減法①2つの式をそのまま加減する,加減法①2つの式をそのまま加減する,問題1,標準レベル,152.6,±20.0,0.0158,数式処理・数量関係の理解,小学校算数の四則計算・数量関係,中1入学時平均を0、中3卒業時平均を300とする運用尺度で、学年内の学習順、問題レベル、問題文の特徴から校正した暫定値。基礎・標準問題は300超えを目標にせず、発展・模試過去問で300超えを扱う前提です。,基礎：用語・公式・計算手順を1つずつ確認する単問中心。標準：複数条件や式変形を組み合わせ、見通しをもって処理する問題を入れる。
m-jh2-A-03-02s.txt,2-A-03-02,連立方程式－加減法①2つの式をそのまま加減する,加減法①2つの式をそのまま加減する,問題2,標準レベル,155.6,±20.0,0.0162,数式処理・数量関係の理解,小学校算数の四則計算・数量関係,中1入学時平均を0、中3卒業時平均を300とする運用尺度で、学年内の学習順、問題レベル、問題文の特徴から校正した暫定値。基礎・標準問題は300超えを目標にせず、発展・模試過去問で300超えを扱う前提です。,基礎：用語・公式・計算手順を1つずつ確認する単問中心。標準：複数条件や式変形を組み合わせ、見通しをもって処理する問題を入れる。
m-jh2-A-03-03b.txt,2-A-03-03,連立方程式－加減法②1つの式の両辺を何倍かして加減する,加減法②1つの式の両辺を何倍かして加減する,問題1,基礎レベル,137.6,±18.0,0.0140,数式処理・数量関係の理解,小学校算数の四則計算・数量関係,中1入学時平均を0、中3卒業時平均を300とする運用尺度で、学年内の学習順、問題レベル、問題文の特徴から校正した暫定値。基礎・標準問題は300超えを目標にせず、発展・模試過去問で300超えを扱う前提です。,基礎：用語・公式・計算手順を1つずつ確認する単問中心。標準：複数条件や式変形を組み合わせ、見通しをもって処理する問題を入れる。
m-jh2-A-03-03b.txt,2-A-03-03,連立方程式－加減法②1つの式の両辺を何倍かして加減する,加減法②1つの式の両辺を何倍かして加減する,問題2,基礎レベル,140.6,±18.0,0.0144,数式処理・数量関係の理解,小学校算数の四則計算・数量関係,中1入学時平均を0、中3卒業時平均を300とする運用尺度で、学年内の学習順、問題レベル、問題文の特徴から校正した暫定値。基礎・標準問題は300超えを目標にせず、発展・模試過去問で300超えを扱う前提です。,基礎：用語・公式・計算手順を1つずつ確認する単問中心。標準：複数条件や式変形を組み合わせ、見通しをもって処理する問題を入れる。
m-jh2-A-03-03s.txt,2-A-03-03,連立方程式－加減法②1つの式の両辺を何倍かして加減する,加減法②1つの式の両辺を何倍かして加減する,問題1,標準レベル,154.6,±20.0,0.0158,数式処理・数量関係の理解,小学校算数の四則計算・数量関係,中1入学時平均を0、中3卒業時平均を300とする運用尺度で、学年内の学習順、問題レベル、問題文の特徴から校正した暫定値。基礎・標準問題は300超えを目標にせず、発展・模試過去問で300超えを扱う前提です。,基礎：用語・公式・計算手順を1つずつ確認する単問中心。標準：複数条件や式変形を組み合わせ、見通しをもって処理する問題を入れる。
m-jh2-A-03-03s.txt,2-A-03-03,連立方程式－加減法②1つの式の両辺を何倍かして加減する,加減法②1つの式の両辺を何倍かして加減する,問題2,標準レベル,157.6,±20.0,0.0162,数式処理・数量関係の理解,小学校算数の四則計算・数量関係,中1入学時平均を0、中3卒業時平均を300とする運用尺度で、学年内の学習順、問題レベル、問題文の特徴から校正した暫定値。基礎・標準問題は300超えを目標にせず、発展・模試過去問で300超えを扱う前提です。,基礎：用語・公式・計算手順を1つずつ確認する単問中心。標準：複数条件や式変形を組み合わせ、見通しをもって処理する問題を入れる。
m-jh2-A-03-04b.txt,2-A-03-04,連立方程式－加減法③それぞれの式の両辺を何倍かして加減する,加減法③それぞれの式の両辺を何倍かして加減する,問題1,基礎レベル,139.6,±18.0,0.0140,数式処理・数量関係の理解,小学校算数の四則計算・数量関係,中1入学時平均を0、中3卒業時平均を300とする運用尺度で、学年内の学習順、問題レベル、問題文の特徴から校正した暫定値。基礎・標準問題は300超えを目標にせず、発展・模試過去問で300超えを扱う前提です。,基礎：用語・公式・計算手順を1つずつ確認する単問中心。標準：複数条件や式変形を組み合わせ、見通しをもって処理する問題を入れる。
m-jh2-A-03-04b.txt,2-A-03-04,連立方程式－加減法③それぞれの式の両辺を何倍かして加減する,加減法③それぞれの式の両辺を何倍かして加減する,問題2,基礎レベル,142.6,±18.0,0.0144,数式処理・数量関係の理解,小学校算数の四則計算・数量関係,中1入学時平均を0、中3卒業時平均を300とする運用尺度で、学年内の学習順、問題レベル、問題文の特徴から校正した暫定値。基礎・標準問題は300超えを目標にせず、発展・模試過去問で300超えを扱う前提です。,基礎：用語・公式・計算手順を1つずつ確認する単問中心。標準：複数条件や式変形を組み合わせ、見通しをもって処理する問題を入れる。
m-jh2-A-03-04s.txt,2-A-03-04,連立方程式－加減法③それぞれの式の両辺を何倍かして加減する,加減法③それぞれの式の両辺を何倍かして加減する,問題1,標準レベル,156.5,±20.0,0.0158,数式処理・数量関係の理解,小学校算数の四則計算・数量関係,中1入学時平均を0、中3卒業時平均を300とする運用尺度で、学年内の学習順、問題レベル、問題文の特徴から校正した暫定値。基礎・標準問題は300超えを目標にせず、発展・模試過去問で300超えを扱う前提です。,基礎：用語・公式・計算手順を1つずつ確認する単問中心。標準：複数条件や式変形を組み合わせ、見通しをもって処理する問題を入れる。
m-jh2-A-03-04s.txt,2-A-03-04,連立方程式－加減法③それぞれの式の両辺を何倍かして加減する,加減法③それぞれの式の両辺を何倍かして加減する,問題2,標準レベル,159.5,±20.0,0.0162,数式処理・数量関係の理解,小学校算数の四則計算・数量関係,中1入学時平均を0、中3卒業時平均を300とする運用尺度で、学年内の学習順、問題レベル、問題文の特徴から校正した暫定値。基礎・標準問題は300超えを目標にせず、発展・模試過去問で300超えを扱う前提です。,基礎：用語・公式・計算手順を1つずつ確認する単問中心。標準：複数条件や式変形を組み合わせ、見通しをもって処理する問題を入れる。
m-jh2-A-03-05b.txt,2-A-03-05,連立方程式－代入法　1つの式から、x= 〜もしくは、y=〜という形を作り、もう一方の式に代入して解く,代入法　1つの式から、x= 〜もしくは、y=〜という形を作り、もう一方の式に代入して解く,問題1,基礎レベル,141.5,±18.0,0.0140,数式処理・数量関係の理解,小学校算数の四則計算・数量関係,中1入学時平均を0、中3卒業時平均を300とする運用尺度で、学年内の学習順、問題レベル、問題文の特徴から校正した暫定値。基礎・標準問題は300超えを目標にせず、発展・模試過去問で300超えを扱う前提です。,基礎：用語・公式・計算手順を1つずつ確認する単問中心。標準：複数条件や式変形を組み合わせ、見通しをもって処理する問題を入れる。
m-jh2-A-03-05b.txt,2-A-03-05,連立方程式－代入法　1つの式から、x= 〜もしくは、y=〜という形を作り、もう一方の式に代入して解く,代入法　1つの式から、x= 〜もしくは、y=〜という形を作り、もう一方の式に代入して解く,問題2,基礎レベル,144.5,±18.0,0.0144,数式処理・数量関係の理解,小学校算数の四則計算・数量関係,中1入学時平均を0、中3卒業時平均を300とする運用尺度で、学年内の学習順、問題レベル、問題文の特徴から校正した暫定値。基礎・標準問題は300超えを目標にせず、発展・模試過去問で300超えを扱う前提です。,基礎：用語・公式・計算手順を1つずつ確認する単問中心。標準：複数条件や式変形を組み合わせ、見通しをもって処理する問題を入れる。
m-jh2-A-03-05s.txt,2-A-03-05,連立方程式－代入法　1つの式から、x= 〜もしくは、y=〜という形を作り、もう一方の式に代入して解く,代入法　1つの式から、x= 〜もしくは、y=〜という形を作り、もう一方の式に代入して解く,問題1,標準レベル,158.5,±20.0,0.0158,数式処理・数量関係の理解,小学校算数の四則計算・数量関係,中1入学時平均を0、中3卒業時平均を300とする運用尺度で、学年内の学習順、問題レベル、問題文の特徴から校正した暫定値。基礎・標準問題は300超えを目標にせず、発展・模試過去問で300超えを扱う前提です。,基礎：用語・公式・計算手順を1つずつ確認する単問中心。標準：複数条件や式変形を組み合わせ、見通しをもって処理する問題を入れる。
m-jh2-A-03-05s.txt,2-A-03-05,連立方程式－代入法　1つの式から、x= 〜もしくは、y=〜という形を作り、もう一方の式に代入して解く,代入法　1つの式から、x= 〜もしくは、y=〜という形を作り、もう一方の式に代入して解く,問題2,標準レベル,161.5,±20.0,0.0162,数式処理・数量関係の理解,小学校算数の四則計算・数量関係,中1入学時平均を0、中3卒業時平均を300とする運用尺度で、学年内の学習順、問題レベル、問題文の特徴から校正した暫定値。基礎・標準問題は300超えを目標にせず、発展・模試過去問で300超えを扱う前提です。,基礎：用語・公式・計算手順を1つずつ確認する単問中心。標準：複数条件や式変形を組み合わせ、見通しをもって処理する問題を入れる。
m-jh2-A-03-05s.txt,2-A-03-05,連立方程式－代入法　1つの式から、x= 〜もしくは、y=〜という形を作り、もう一方の式に代入して解く,代入法　1つの式から、x= 〜もしくは、y=〜という形を作り、もう一方の式に代入して解く,問題3,標準レベル,164.5,±20.0,0.0166,数式処理・数量関係の理解,小学校算数の四則計算・数量関係,中1入学時平均を0、中3卒業時平均を300とする運用尺度で、学年内の学習順、問題レベル、問題文の特徴から校正した暫定値。基礎・標準問題は300超えを目標にせず、発展・模試過去問で300超えを扱う前提です。,基礎：用語・公式・計算手順を1つずつ確認する単問中心。標準：複数条件や式変形を組み合わせ、見通しをもって処理する問題を入れる。
m-jh2-A-03-06b.txt,2-A-03-06,連立方程式－加減法か代入法を選んで解く,加減法か代入法を選んで解く,問題1,基礎レベル,143.5,±18.0,0.0140,数式処理・数量関係の理解,小学校算数の四則計算・数量関係,中1入学時平均を0、中3卒業時平均を300とする運用尺度で、学年内の学習順、問題レベル、問題文の特徴から校正した暫定値。基礎・標準問題は300超えを目標にせず、発展・模試過去問で300超えを扱う前提です。,基礎：用語・公式・計算手順を1つずつ確認する単問中心。標準：複数条件や式変形を組み合わせ、見通しをもって処理する問題を入れる。
m-jh2-A-03-06b.txt,2-A-03-06,連立方程式－加減法か代入法を選んで解く,加減法か代入法を選んで解く,問題2,基礎レベル,146.5,±18.0,0.0144,数式処理・数量関係の理解,小学校算数の四則計算・数量関係,中1入学時平均を0、中3卒業時平均を300とする運用尺度で、学年内の学習順、問題レベル、問題文の特徴から校正した暫定値。基礎・標準問題は300超えを目標にせず、発展・模試過去問で300超えを扱う前提です。,基礎：用語・公式・計算手順を1つずつ確認する単問中心。標準：複数条件や式変形を組み合わせ、見通しをもって処理する問題を入れる。
m-jh2-A-03-06s.txt,2-A-03-06,連立方程式－加減法か代入法を選んで解く,加減法か代入法を選んで解く,問題1,標準レベル,160.5,±20.0,0.0158,数式処理・数量関係の理解,小学校算数の四則計算・数量関係,中1入学時平均を0、中3卒業時平均を300とする運用尺度で、学年内の学習順、問題レベル、問題文の特徴から校正した暫定値。基礎・標準問題は300超えを目標にせず、発展・模試過去問で300超えを扱う前提です。,基礎：用語・公式・計算手順を1つずつ確認する単問中心。標準：複数条件や式変形を組み合わせ、見通しをもって処理する問題を入れる。
m-jh2-A-03-06s.txt,2-A-03-06,連立方程式－加減法か代入法を選んで解く,加減法か代入法を選んで解く,問題2,標準レベル,163.5,±20.0,0.0162,数式処理・数量関係の理解,小学校算数の四則計算・数量関係,中1入学時平均を0、中3卒業時平均を300とする運用尺度で、学年内の学習順、問題レベル、問題文の特徴から校正した暫定値。基礎・標準問題は300超えを目標にせず、発展・模試過去問で300超えを扱う前提です。,基礎：用語・公式・計算手順を1つずつ確認する単問中心。標準：複数条件や式変形を組み合わせ、見通しをもって処理する問題を入れる。
m-jh2-A-03-07b.txt,2-A-03-07,連立方程式－かっこのある連立方程式,かっこのある連立方程式,問題1,基礎レベル,145.5,±18.0,0.0140,数式処理・数量関係の理解,小学校算数の四則計算・数量関係,中1入学時平均を0、中3卒業時平均を300とする運用尺度で、学年内の学習順、問題レベル、問題文の特徴から校正した暫定値。基礎・標準問題は300超えを目標にせず、発展・模試過去問で300超えを扱う前提です。,基礎：用語・公式・計算手順を1つずつ確認する単問中心。標準：複数条件や式変形を組み合わせ、見通しをもって処理する問題を入れる。
m-jh2-A-03-07b.txt,2-A-03-07,連立方程式－かっこのある連立方程式,かっこのある連立方程式,問題2,基礎レベル,148.5,±18.0,0.0144,数式処理・数量関係の理解,小学校算数の四則計算・数量関係,中1入学時平均を0、中3卒業時平均を300とする運用尺度で、学年内の学習順、問題レベル、問題文の特徴から校正した暫定値。基礎・標準問題は300超えを目標にせず、発展・模試過去問で300超えを扱う前提です。,基礎：用語・公式・計算手順を1つずつ確認する単問中心。標準：複数条件や式変形を組み合わせ、見通しをもって処理する問題を入れる。
m-jh2-A-03-07s.txt,2-A-03-07,連立方程式－かっこのある連立方程式,かっこのある連立方程式,問題1,標準レベル,162.5,±20.0,0.0158,数式処理・数量関係の理解,小学校算数の四則計算・数量関係,中1入学時平均を0、中3卒業時平均を300とする運用尺度で、学年内の学習順、問題レベル、問題文の特徴から校正した暫定値。基礎・標準問題は300超えを目標にせず、発展・模試過去問で300超えを扱う前提です。,基礎：用語・公式・計算手順を1つずつ確認する単問中心。標準：複数条件や式変形を組み合わせ、見通しをもって処理する問題を入れる。
m-jh2-A-03-07s.txt,2-A-03-07,連立方程式－かっこのある連立方程式,かっこのある連立方程式,問題2,標準レベル,165.5,±20.0,0.0162,数式処理・数量関係の理解,小学校算数の四則計算・数量関係,中1入学時平均を0、中3卒業時平均を300とする運用尺度で、学年内の学習順、問題レベル、問題文の特徴から校正した暫定値。基礎・標準問題は300超えを目標にせず、発展・模試過去問で300超えを扱う前提です。,基礎：用語・公式・計算手順を1つずつ確認する単問中心。標準：複数条件や式変形を組み合わせ、見通しをもって処理する問題を入れる。
m-jh2-A-03-08b.txt,2-A-03-08,連立方程式－係数に分数を含む連立方程式,係数に分数を含む連立方程式,問題1,基礎レベル,147.5,±18.0,0.0140,数式処理・数量関係の理解,小学校算数の四則計算・数量関係,中1入学時平均を0、中3卒業時平均を300とする運用尺度で、学年内の学習順、問題レベル、問題文の特徴から校正した暫定値。基礎・標準問題は300超えを目標にせず、発展・模試過去問で300超えを扱う前提です。,基礎：用語・公式・計算手順を1つずつ確認する単問中心。標準：複数条件や式変形を組み合わせ、見通しをもって処理する問題を入れる。
m-jh2-A-03-08b.txt,2-A-03-08,連立方程式－係数に分数を含む連立方程式,係数に分数を含む連立方程式,問題2,基礎レベル,150.5,±18.0,0.0144,数式処理・数量関係の理解,小学校算数の四則計算・数量関係,中1入学時平均を0、中3卒業時平均を300とする運用尺度で、学年内の学習順、問題レベル、問題文の特徴から校正した暫定値。基礎・標準問題は300超えを目標にせず、発展・模試過去問で300超えを扱う前提です。,基礎：用語・公式・計算手順を1つずつ確認する単問中心。標準：複数条件や式変形を組み合わせ、見通しをもって処理する問題を入れる。
m-jh2-A-03-08s.txt,2-A-03-08,連立方程式－係数に分数を含む連立方程式,係数に分数を含む連立方程式,問題1,標準レベル,164.4,±20.0,0.0158,数式処理・数量関係の理解,小学校算数の四則計算・数量関係,中1入学時平均を0、中3卒業時平均を300とする運用尺度で、学年内の学習順、問題レベル、問題文の特徴から校正した暫定値。基礎・標準問題は300超えを目標にせず、発展・模試過去問で300超えを扱う前提です。,基礎：用語・公式・計算手順を1つずつ確認する単問中心。標準：複数条件や式変形を組み合わせ、見通しをもって処理する問題を入れる。
m-jh2-A-03-08s.txt,2-A-03-08,連立方程式－係数に分数を含む連立方程式,係数に分数を含む連立方程式,問題2,標準レベル,167.4,±20.0,0.0162,数式処理・数量関係の理解,小学校算数の四則計算・数量関係,中1入学時平均を0、中3卒業時平均を300とする運用尺度で、学年内の学習順、問題レベル、問題文の特徴から校正した暫定値。基礎・標準問題は300超えを目標にせず、発展・模試過去問で300超えを扱う前提です。,基礎：用語・公式・計算手順を1つずつ確認する単問中心。標準：複数条件や式変形を組み合わせ、見通しをもって処理する問題を入れる。
m-jh2-A-03-09b.txt,2-A-03-09,連立方程式－係数に小数を含む連立方程式,係数に小数を含む連立方程式,問題1,基礎レベル,149.4,±18.0,0.0140,数式処理・数量関係の理解,小学校算数の四則計算・数量関係,中1入学時平均を0、中3卒業時平均を300とする運用尺度で、学年内の学習順、問題レベル、問題文の特徴から校正した暫定値。基礎・標準問題は300超えを目標にせず、発展・模試過去問で300超えを扱う前提です。,基礎：用語・公式・計算手順を1つずつ確認する単問中心。標準：複数条件や式変形を組み合わせ、見通しをもって処理する問題を入れる。
m-jh2-A-03-09b.txt,2-A-03-09,連立方程式－係数に小数を含む連立方程式,係数に小数を含む連立方程式,問題2,基礎レベル,152.4,±18.0,0.0144,数式処理・数量関係の理解,小学校算数の四則計算・数量関係,中1入学時平均を0、中3卒業時平均を300とする運用尺度で、学年内の学習順、問題レベル、問題文の特徴から校正した暫定値。基礎・標準問題は300超えを目標にせず、発展・模試過去問で300超えを扱う前提です。,基礎：用語・公式・計算手順を1つずつ確認する単問中心。標準：複数条件や式変形を組み合わせ、見通しをもって処理する問題を入れる。
m-jh2-A-03-09s.txt,2-A-03-09,連立方程式－係数に小数を含む連立方程式,係数に小数を含む連立方程式,問題1,標準レベル,166.4,±20.0,0.0158,数式処理・数量関係の理解,小学校算数の四則計算・数量関係,中1入学時平均を0、中3卒業時平均を300とする運用尺度で、学年内の学習順、問題レベル、問題文の特徴から校正した暫定値。基礎・標準問題は300超えを目標にせず、発展・模試過去問で300超えを扱う前提です。,基礎：用語・公式・計算手順を1つずつ確認する単問中心。標準：複数条件や式変形を組み合わせ、見通しをもって処理する問題を入れる。
m-jh2-A-03-09s.txt,2-A-03-09,連立方程式－係数に小数を含む連立方程式,係数に小数を含む連立方程式,問題2,標準レベル,169.4,±20.0,0.0162,数式処理・数量関係の理解,小学校算数の四則計算・数量関係,中1入学時平均を0、中3卒業時平均を300とする運用尺度で、学年内の学習順、問題レベル、問題文の特徴から校正した暫定値。基礎・標準問題は300超えを目標にせず、発展・模試過去問で300超えを扱う前提です。,基礎：用語・公式・計算手順を1つずつ確認する単問中心。標準：複数条件や式変形を組み合わせ、見通しをもって処理する問題を入れる。
m-jh2-A-03-10b.txt,2-A-03-10,連立方程式－A＝B=Cの形をした連立方程式,A＝B=Cの形をした連立方程式,問題1,基礎レベル,151.4,±18.0,0.0140,数式処理・数量関係の理解,小学校算数の四則計算・数量関係,中1入学時平均を0、中3卒業時平均を300とする運用尺度で、学年内の学習順、問題レベル、問題文の特徴から校正した暫定値。基礎・標準問題は300超えを目標にせず、発展・模試過去問で300超えを扱う前提です。,基礎：用語・公式・計算手順を1つずつ確認する単問中心。標準：複数条件や式変形を組み合わせ、見通しをもって処理する問題を入れる。
m-jh2-A-03-10b.txt,2-A-03-10,連立方程式－A＝B=Cの形をした連立方程式,A＝B=Cの形をした連立方程式,問題2,基礎レベル,154.4,±18.0,0.0144,数式処理・数量関係の理解,小学校算数の四則計算・数量関係,中1入学時平均を0、中3卒業時平均を300とする運用尺度で、学年内の学習順、問題レベル、問題文の特徴から校正した暫定値。基礎・標準問題は300超えを目標にせず、発展・模試過去問で300超えを扱う前提です。,基礎：用語・公式・計算手順を1つずつ確認する単問中心。標準：複数条件や式変形を組み合わせ、見通しをもって処理する問題を入れる。
m-jh2-A-03-10s.txt,2-A-03-10,連立方程式－A＝B=Cの形をした連立方程式,A＝B=Cの形をした連立方程式,問題1,標準レベル,168.4,±20.0,0.0158,数式処理・数量関係の理解,小学校算数の四則計算・数量関係,中1入学時平均を0、中3卒業時平均を300とする運用尺度で、学年内の学習順、問題レベル、問題文の特徴から校正した暫定値。基礎・標準問題は300超えを目標にせず、発展・模試過去問で300超えを扱う前提です。,基礎：用語・公式・計算手順を1つずつ確認する単問中心。標準：複数条件や式変形を組み合わせ、見通しをもって処理する問題を入れる。
m-jh2-A-03-10s.txt,2-A-03-10,連立方程式－A＝B=Cの形をした連立方程式,A＝B=Cの形をした連立方程式,問題2,標準レベル,171.4,±20.0,0.0162,数式処理・数量関係の理解,小学校算数の四則計算・数量関係,中1入学時平均を0、中3卒業時平均を300とする運用尺度で、学年内の学習順、問題レベル、問題文の特徴から校正した暫定値。基礎・標準問題は300超えを目標にせず、発展・模試過去問で300超えを扱う前提です。,基礎：用語・公式・計算手順を1つずつ確認する単問中心。標準：複数条件や式変形を組み合わせ、見通しをもって処理する問題を入れる。
m-jh2-A-03-11b.txt,2-A-03-11,連立方程式－連立方程式の文章題（数、量、代金の問題）,連立方程式の文章題（数、量、代金の問題）,問題1,基礎レベル,153.4,±18.0,0.0140,数式処理・数量関係の理解,小学校算数の四則計算・数量関係,中1入学時平均を0、中3卒業時平均を300とする運用尺度で、学年内の学習順、問題レベル、問題文の特徴から校正した暫定値。基礎・標準問題は300超えを目標にせず、発展・模試過去問で300超えを扱う前提です。,基礎：用語・公式・計算手順を1つずつ確認する単問中心。標準：複数条件や式変形を組み合わせ、見通しをもって処理する問題を入れる。
m-jh2-A-03-11s.txt,2-A-03-11,連立方程式－連立方程式の文章題（数、量、代金の問題）,連立方程式の文章題（数、量、代金の問題）,問題1,標準レベル,170.4,±20.0,0.0158,数式処理・数量関係の理解,小学校算数の四則計算・数量関係,中1入学時平均を0、中3卒業時平均を300とする運用尺度で、学年内の学習順、問題レベル、問題文の特徴から校正した暫定値。基礎・標準問題は300超えを目標にせず、発展・模試過去問で300超えを扱う前提です。,基礎：用語・公式・計算手順を1つずつ確認する単問中心。標準：複数条件や式変形を組み合わせ、見通しをもって処理する問題を入れる。
m-jh2-A-03-12b.txt,2-A-03-12,連立方程式－連立方程式の文章題（数字の問題）,連立方程式の文章題（数字の問題）,問題1,基礎レベル,155.4,±18.0,0.0140,数式処理・数量関係の理解,小学校算数の四則計算・数量関係,中1入学時平均を0、中3卒業時平均を300とする運用尺度で、学年内の学習順、問題レベル、問題文の特徴から校正した暫定値。基礎・標準問題は300超えを目標にせず、発展・模試過去問で300超えを扱う前提です。,基礎：用語・公式・計算手順を1つずつ確認する単問中心。標準：複数条件や式変形を組み合わせ、見通しをもって処理する問題を入れる。
m-jh2-A-03-12b.txt,2-A-03-12,連立方程式－連立方程式の文章題（数字の問題）,連立方程式の文章題（数字の問題）,問題2,基礎レベル,158.4,±18.0,0.0144,数式処理・数量関係の理解,小学校算数の四則計算・数量関係,中1入学時平均を0、中3卒業時平均を300とする運用尺度で、学年内の学習順、問題レベル、問題文の特徴から校正した暫定値。基礎・標準問題は300超えを目標にせず、発展・模試過去問で300超えを扱う前提です。,基礎：用語・公式・計算手順を1つずつ確認する単問中心。標準：複数条件や式変形を組み合わせ、見通しをもって処理する問題を入れる。
m-jh2-A-03-12s.txt,2-A-03-12,連立方程式－連立方程式の文章題（数字の問題）,連立方程式の文章題（数字の問題）,問題1,標準レベル,172.3,±20.0,0.0158,数式処理・数量関係の理解,小学校算数の四則計算・数量関係,中1入学時平均を0、中3卒業時平均を300とする運用尺度で、学年内の学習順、問題レベル、問題文の特徴から校正した暫定値。基礎・標準問題は300超えを目標にせず、発展・模試過去問で300超えを扱う前提です。,基礎：用語・公式・計算手順を1つずつ確認する単問中心。標準：複数条件や式変形を組み合わせ、見通しをもって処理する問題を入れる。
m-jh2-A-03-12s.txt,2-A-03-12,連立方程式－連立方程式の文章題（数字の問題）,連立方程式の文章題（数字の問題）,問題2,標準レベル,175.3,±20.0,0.0162,数式処理・数量関係の理解,小学校算数の四則計算・数量関係,中1入学時平均を0、中3卒業時平均を300とする運用尺度で、学年内の学習順、問題レベル、問題文の特徴から校正した暫定値。基礎・標準問題は300超えを目標にせず、発展・模試過去問で300超えを扱う前提です。,基礎：用語・公式・計算手順を1つずつ確認する単問中心。標準：複数条件や式変形を組み合わせ、見通しをもって処理する問題を入れる。
m-jh2-A-03-13b.txt,2-A-03-13,連立方程式－連立方程式の文章題（速さ、距離、時間に関する問題）,連立方程式の文章題（速さ、距離、時間に関する問題）,問題1,基礎レベル,157.3,±18.0,0.0140,数式処理・数量関係の理解,小学校算数の四則計算・数量関係,中1入学時平均を0、中3卒業時平均を300とする運用尺度で、学年内の学習順、問題レベル、問題文の特徴から校正した暫定値。基礎・標準問題は300超えを目標にせず、発展・模試過去問で300超えを扱う前提です。,基礎：用語・公式・計算手順を1つずつ確認する単問中心。標準：複数条件や式変形を組み合わせ、見通しをもって処理する問題を入れる。
m-jh2-A-03-13s.txt,2-A-03-13,連立方程式－連立方程式の文章題（速さ、距離、時間に関する問題）,連立方程式の文章題（速さ、距離、時間に関する問題）,問題1,標準レベル,174.3,±20.0,0.0158,数式処理・数量関係の理解,小学校算数の四則計算・数量関係,中1入学時平均を0、中3卒業時平均を300とする運用尺度で、学年内の学習順、問題レベル、問題文の特徴から校正した暫定値。基礎・標準問題は300超えを目標にせず、発展・模試過去問で300超えを扱う前提です。,基礎：用語・公式・計算手順を1つずつ確認する単問中心。標準：複数条件や式変形を組み合わせ、見通しをもって処理する問題を入れる。
m-jh2-A-03-14b.txt,2-A-03-14,連立方程式－連立方程式の文章題（割合に関する問題）,連立方程式の文章題（割合に関する問題）,問題1,基礎レベル,159.3,±18.0,0.0140,数式処理・数量関係の理解,小学校算数の四則計算・数量関係,中1入学時平均を0、中3卒業時平均を300とする運用尺度で、学年内の学習順、問題レベル、問題文の特徴から校正した暫定値。基礎・標準問題は300超えを目標にせず、発展・模試過去問で300超えを扱う前提です。,基礎：用語・公式・計算手順を1つずつ確認する単問中心。標準：複数条件や式変形を組み合わせ、見通しをもって処理する問題を入れる。
m-jh2-A-03-14b.txt,2-A-03-14,連立方程式－連立方程式の文章題（割合に関する問題）,連立方程式の文章題（割合に関する問題）,問題2,基礎レベル,162.3,±18.0,0.0144,数式処理・数量関係の理解,小学校算数の四則計算・数量関係,中1入学時平均を0、中3卒業時平均を300とする運用尺度で、学年内の学習順、問題レベル、問題文の特徴から校正した暫定値。基礎・標準問題は300超えを目標にせず、発展・模試過去問で300超えを扱う前提です。,基礎：用語・公式・計算手順を1つずつ確認する単問中心。標準：複数条件や式変形を組み合わせ、見通しをもって処理する問題を入れる。
m-jh2-A-03-14s.txt,2-A-03-14,連立方程式－連立方程式の文章題（割合に関する問題）,連立方程式の文章題（割合に関する問題）,問題1,標準レベル,176.3,±20.0,0.0158,数式処理・数量関係の理解,小学校算数の四則計算・数量関係,中1入学時平均を0、中3卒業時平均を300とする運用尺度で、学年内の学習順、問題レベル、問題文の特徴から校正した暫定値。基礎・標準問題は300超えを目標にせず、発展・模試過去問で300超えを扱う前提です。,基礎：用語・公式・計算手順を1つずつ確認する単問中心。標準：複数条件や式変形を組み合わせ、見通しをもって処理する問題を入れる。
m-jh2-A-03-14s.txt,2-A-03-14,連立方程式－連立方程式の文章題（割合に関する問題）,連立方程式の文章題（割合に関する問題）,問題2,標準レベル,179.3,±20.0,0.0162,数式処理・数量関係の理解,小学校算数の四則計算・数量関係,中1入学時平均を0、中3卒業時平均を300とする運用尺度で、学年内の学習順、問題レベル、問題文の特徴から校正した暫定値。基礎・標準問題は300超えを目標にせず、発展・模試過去問で300超えを扱う前提です。,基礎：用語・公式・計算手順を1つずつ確認する単問中心。標準：複数条件や式変形を組み合わせ、見通しをもって処理する問題を入れる。
m-jh2-A-03-15b.txt,2-A-03-15,連立方程式－連立方程式の文章題（濃度に関する問題）,連立方程式の文章題（濃度に関する問題）,問題1,基礎レベル,161.3,±18.0,0.0140,数式処理・数量関係の理解,小学校算数の四則計算・数量関係,中1入学時平均を0、中3卒業時平均を300とする運用尺度で、学年内の学習順、問題レベル、問題文の特徴から校正した暫定値。基礎・標準問題は300超えを目標にせず、発展・模試過去問で300超えを扱う前提です。,基礎：用語・公式・計算手順を1つずつ確認する単問中心。標準：複数条件や式変形を組み合わせ、見通しをもって処理する問題を入れる。
m-jh2-A-03-15b.txt,2-A-03-15,連立方程式－連立方程式の文章題（濃度に関する問題）,連立方程式の文章題（濃度に関する問題）,問題2,基礎レベル,164.3,±18.0,0.0144,数式処理・数量関係の理解,小学校算数の四則計算・数量関係,中1入学時平均を0、中3卒業時平均を300とする運用尺度で、学年内の学習順、問題レベル、問題文の特徴から校正した暫定値。基礎・標準問題は300超えを目標にせず、発展・模試過去問で300超えを扱う前提です。,基礎：用語・公式・計算手順を1つずつ確認する単問中心。標準：複数条件や式変形を組み合わせ、見通しをもって処理する問題を入れる。
m-jh2-A-03-15s.txt,2-A-03-15,連立方程式－連立方程式の文章題（濃度に関する問題）,連立方程式の文章題（濃度に関する問題）,問題1,標準レベル,178.3,±20.0,0.0158,数式処理・数量関係の理解,小学校算数の四則計算・数量関係,中1入学時平均を0、中3卒業時平均を300とする運用尺度で、学年内の学習順、問題レベル、問題文の特徴から校正した暫定値。基礎・標準問題は300超えを目標にせず、発展・模試過去問で300超えを扱う前提です。,基礎：用語・公式・計算手順を1つずつ確認する単問中心。標準：複数条件や式変形を組み合わせ、見通しをもって処理する問題を入れる。
m-jh2-A-03-15s.txt,2-A-03-15,連立方程式－連立方程式の文章題（濃度に関する問題）,連立方程式の文章題（濃度に関する問題）,問題2,標準レベル,181.3,±20.0,0.0162,数式処理・数量関係の理解,小学校算数の四則計算・数量関係,中1入学時平均を0、中3卒業時平均を300とする運用尺度で、学年内の学習順、問題レベル、問題文の特徴から校正した暫定値。基礎・標準問題は300超えを目標にせず、発展・模試過去問で300超えを扱う前提です。,基礎：用語・公式・計算手順を1つずつ確認する単問中心。標準：複数条件や式変形を組み合わせ、見通しをもって処理する問題を入れる。
m-jh2-B-01-01b.txt,2-B-01-01,１次関数－増加量,増加量,問題1,基礎レベル,163.3,±18.0,0.0140,関数関係・グラフの読み取り,座標・比例反比例の基礎・数の計算,中1入学時平均を0、中3卒業時平均を300とする運用尺度で、学年内の学習順、問題レベル、問題文の特徴から校正した暫定値。基礎・標準問題は300超えを目標にせず、発展・模試過去問で300超えを扱う前提です。,基礎：表・式・グラフの対応を直接確認する問題中心。標準：読み取り、式化、グラフ利用を組み合わせる問題を入れる。
m-jh2-B-01-01b.txt,2-B-01-01,１次関数－増加量,増加量,問題2,基礎レベル,166.3,±18.0,0.0144,関数関係・グラフの読み取り,座標・比例反比例の基礎・数の計算,中1入学時平均を0、中3卒業時平均を300とする運用尺度で、学年内の学習順、問題レベル、問題文の特徴から校正した暫定値。基礎・標準問題は300超えを目標にせず、発展・模試過去問で300超えを扱う前提です。,基礎：表・式・グラフの対応を直接確認する問題中心。標準：読み取り、式化、グラフ利用を組み合わせる問題を入れる。
m-jh2-B-01-01b.txt,2-B-01-01,１次関数－増加量,増加量,問題3,基礎レベル,169.3,±18.0,0.0148,関数関係・グラフの読み取り,座標・比例反比例の基礎・数の計算,中1入学時平均を0、中3卒業時平均を300とする運用尺度で、学年内の学習順、問題レベル、問題文の特徴から校正した暫定値。基礎・標準問題は300超えを目標にせず、発展・模試過去問で300超えを扱う前提です。,基礎：表・式・グラフの対応を直接確認する問題中心。標準：読み取り、式化、グラフ利用を組み合わせる問題を入れる。
m-jh2-B-01-02b.txt,2-B-01-02,１次関数－変化の割合,変化の割合,問題1,基礎レベル,164.2,±18.0,0.0140,関数関係・グラフの読み取り,座標・比例反比例の基礎・数の計算,中1入学時平均を0、中3卒業時平均を300とする運用尺度で、学年内の学習順、問題レベル、問題文の特徴から校正した暫定値。基礎・標準問題は300超えを目標にせず、発展・模試過去問で300超えを扱う前提です。,基礎：表・式・グラフの対応を直接確認する問題中心。標準：読み取り、式化、グラフ利用を組み合わせる問題を入れる。
m-jh2-B-01-02b.txt,2-B-01-02,１次関数－変化の割合,変化の割合,問題2,基礎レベル,167.2,±18.0,0.0144,関数関係・グラフの読み取り,座標・比例反比例の基礎・数の計算,中1入学時平均を0、中3卒業時平均を300とする運用尺度で、学年内の学習順、問題レベル、問題文の特徴から校正した暫定値。基礎・標準問題は300超えを目標にせず、発展・模試過去問で300超えを扱う前提です。,基礎：表・式・グラフの対応を直接確認する問題中心。標準：読み取り、式化、グラフ利用を組み合わせる問題を入れる。
m-jh2-B-01-02b.txt,2-B-01-02,１次関数－変化の割合,変化の割合,問題3,基礎レベル,170.2,±18.0,0.0148,関数関係・グラフの読み取り,座標・比例反比例の基礎・数の計算,中1入学時平均を0、中3卒業時平均を300とする運用尺度で、学年内の学習順、問題レベル、問題文の特徴から校正した暫定値。基礎・標準問題は300超えを目標にせず、発展・模試過去問で300超えを扱う前提です。,基礎：表・式・グラフの対応を直接確認する問題中心。標準：読み取り、式化、グラフ利用を組み合わせる問題を入れる。
m-jh2-B-01-04b.txt,2-B-01-04,１次関数－傾きが同じ1次関数のグラフを描く,傾きが同じ1次関数のグラフを描く,問題1,基礎レベル,165.2,±18.0,0.0140,関数関係・グラフの読み取り,座標・比例反比例の基礎・数の計算,中1入学時平均を0、中3卒業時平均を300とする運用尺度で、学年内の学習順、問題レベル、問題文の特徴から校正した暫定値。基礎・標準問題は300超えを目標にせず、発展・模試過去問で300超えを扱う前提です。,基礎：表・式・グラフの対応を直接確認する問題中心。標準：読み取り、式化、グラフ利用を組み合わせる問題を入れる。
m-jh2-B-01-04b.txt,2-B-01-04,１次関数－傾きが同じ1次関数のグラフを描く,傾きが同じ1次関数のグラフを描く,問題2,基礎レベル,168.2,±18.0,0.0144,関数関係・グラフの読み取り,座標・比例反比例の基礎・数の計算,中1入学時平均を0、中3卒業時平均を300とする運用尺度で、学年内の学習順、問題レベル、問題文の特徴から校正した暫定値。基礎・標準問題は300超えを目標にせず、発展・模試過去問で300超えを扱う前提です。,基礎：表・式・グラフの対応を直接確認する問題中心。標準：読み取り、式化、グラフ利用を組み合わせる問題を入れる。
m-jh2-B-01-04b.txt,2-B-01-04,１次関数－傾きが同じ1次関数のグラフを描く,傾きが同じ1次関数のグラフを描く,問題3,基礎レベル,171.2,±18.0,0.0148,関数関係・グラフの読み取り,座標・比例反比例の基礎・数の計算,中1入学時平均を0、中3卒業時平均を300とする運用尺度で、学年内の学習順、問題レベル、問題文の特徴から校正した暫定値。基礎・標準問題は300超えを目標にせず、発展・模試過去問で300超えを扱う前提です。,基礎：表・式・グラフの対応を直接確認する問題中心。標準：読み取り、式化、グラフ利用を組み合わせる問題を入れる。
m-jh2-B-01-09b.txt,2-B-01-09,１次関数－グラフを書く,グラフを書く,問題1,基礎レベル,166.2,±18.0,0.0140,関数関係・グラフの読み取り,座標・比例反比例の基礎・数の計算,中1入学時平均を0、中3卒業時平均を300とする運用尺度で、学年内の学習順、問題レベル、問題文の特徴から校正した暫定値。基礎・標準問題は300超えを目標にせず、発展・模試過去問で300超えを扱う前提です。,基礎：表・式・グラフの対応を直接確認する問題中心。標準：読み取り、式化、グラフ利用を組み合わせる問題を入れる。
m-jh2-B-01-12b.txt,2-B-01-12,１次関数－傾きと切片から１次関数の式を求める,傾きと切片から１次関数の式を求める,問題1,基礎レベル,167.2,±18.0,0.0140,関数関係・グラフの読み取り,座標・比例反比例の基礎・数の計算,中1入学時平均を0、中3卒業時平均を300とする運用尺度で、学年内の学習順、問題レベル、問題文の特徴から校正した暫定値。基礎・標準問題は300超えを目標にせず、発展・模試過去問で300超えを扱う前提です。,基礎：表・式・グラフの対応を直接確認する問題中心。標準：読み取り、式化、グラフ利用を組み合わせる問題を入れる。
m-jh2-B-01-12b.txt,2-B-01-12,１次関数－傾きと切片から１次関数の式を求める,傾きと切片から１次関数の式を求める,問題2,基礎レベル,170.2,±18.0,0.0144,関数関係・グラフの読み取り,座標・比例反比例の基礎・数の計算,中1入学時平均を0、中3卒業時平均を300とする運用尺度で、学年内の学習順、問題レベル、問題文の特徴から校正した暫定値。基礎・標準問題は300超えを目標にせず、発展・模試過去問で300超えを扱う前提です。,基礎：表・式・グラフの対応を直接確認する問題中心。標準：読み取り、式化、グラフ利用を組み合わせる問題を入れる。
m-jh2-B-01-12b.txt,2-B-01-12,１次関数－傾きと切片から１次関数の式を求める,傾きと切片から１次関数の式を求める,問題3,基礎レベル,173.2,±18.0,0.0148,関数関係・グラフの読み取り,座標・比例反比例の基礎・数の計算,中1入学時平均を0、中3卒業時平均を300とする運用尺度で、学年内の学習順、問題レベル、問題文の特徴から校正した暫定値。基礎・標準問題は300超えを目標にせず、発展・模試過去問で300超えを扱う前提です。,基礎：表・式・グラフの対応を直接確認する問題中心。標準：読み取り、式化、グラフ利用を組み合わせる問題を入れる。
m-jh2-B-01-13b.txt,2-B-01-13,１次関数－２点の座標から１次関数の式を求める,２点の座標から１次関数の式を求める,問題1,基礎レベル,168.2,±18.0,0.0140,関数関係・グラフの読み取り,座標・比例反比例の基礎・数の計算,中1入学時平均を0、中3卒業時平均を300とする運用尺度で、学年内の学習順、問題レベル、問題文の特徴から校正した暫定値。基礎・標準問題は300超えを目標にせず、発展・模試過去問で300超えを扱う前提です。,基礎：表・式・グラフの対応を直接確認する問題中心。標準：読み取り、式化、グラフ利用を組み合わせる問題を入れる。
m-jh2-B-01-13b.txt,2-B-01-13,１次関数－２点の座標から１次関数の式を求める,２点の座標から１次関数の式を求める,問題2,基礎レベル,171.2,±18.0,0.0144,関数関係・グラフの読み取り,座標・比例反比例の基礎・数の計算,中1入学時平均を0、中3卒業時平均を300とする運用尺度で、学年内の学習順、問題レベル、問題文の特徴から校正した暫定値。基礎・標準問題は300超えを目標にせず、発展・模試過去問で300超えを扱う前提です。,基礎：表・式・グラフの対応を直接確認する問題中心。標準：読み取り、式化、グラフ利用を組み合わせる問題を入れる。
m-jh2-B-01-13b.txt,2-B-01-13,１次関数－２点の座標から１次関数の式を求める,２点の座標から１次関数の式を求める,問題3,基礎レベル,174.2,±18.0,0.0148,関数関係・グラフの読み取り,座標・比例反比例の基礎・数の計算,中1入学時平均を0、中3卒業時平均を300とする運用尺度で、学年内の学習順、問題レベル、問題文の特徴から校正した暫定値。基礎・標準問題は300超えを目標にせず、発展・模試過去問で300超えを扱う前提です。,基礎：表・式・グラフの対応を直接確認する問題中心。標準：読み取り、式化、グラフ利用を組み合わせる問題を入れる。
m-jh2-B-01-14b.txt,2-B-01-14,１次関数－２元１次方程式のグラフのかき方,２元１次方程式のグラフのかき方,問題1,基礎レベル,169.2,±18.0,0.0140,関数関係・グラフの読み取り,座標・比例反比例の基礎・数の計算,中1入学時平均を0、中3卒業時平均を300とする運用尺度で、学年内の学習順、問題レベル、問題文の特徴から校正した暫定値。基礎・標準問題は300超えを目標にせず、発展・模試過去問で300超えを扱う前提です。,基礎：表・式・グラフの対応を直接確認する問題中心。標準：読み取り、式化、グラフ利用を組み合わせる問題を入れる。
m-jh2-B-01-14b.txt,2-B-01-14,１次関数－２元１次方程式のグラフのかき方,２元１次方程式のグラフのかき方,問題2,基礎レベル,172.2,±18.0,0.0144,関数関係・グラフの読み取り,座標・比例反比例の基礎・数の計算,中1入学時平均を0、中3卒業時平均を300とする運用尺度で、学年内の学習順、問題レベル、問題文の特徴から校正した暫定値。基礎・標準問題は300超えを目標にせず、発展・模試過去問で300超えを扱う前提です。,基礎：表・式・グラフの対応を直接確認する問題中心。標準：読み取り、式化、グラフ利用を組み合わせる問題を入れる。
m-jh2-B-01-14b.txt,2-B-01-14,１次関数－２元１次方程式のグラフのかき方,２元１次方程式のグラフのかき方,問題3,基礎レベル,175.2,±18.0,0.0148,関数関係・グラフの読み取り,座標・比例反比例の基礎・数の計算,中1入学時平均を0、中3卒業時平均を300とする運用尺度で、学年内の学習順、問題レベル、問題文の特徴から校正した暫定値。基礎・標準問題は300超えを目標にせず、発展・模試過去問で300超えを扱う前提です。,基礎：表・式・グラフの対応を直接確認する問題中心。標準：読み取り、式化、グラフ利用を組み合わせる問題を入れる。
m-jh2-B-01-18b.txt,2-B-01-18,１次関数－動点の問題,動点の問題,問題1,基礎レベル,170.2,±18.0,0.0140,関数関係・グラフの読み取り,座標・比例反比例の基礎・数の計算,中1入学時平均を0、中3卒業時平均を300とする運用尺度で、学年内の学習順、問題レベル、問題文の特徴から校正した暫定値。基礎・標準問題は300超えを目標にせず、発展・模試過去問で300超えを扱う前提です。,基礎：表・式・グラフの対応を直接確認する問題中心。標準：読み取り、式化、グラフ利用を組み合わせる問題を入れる。
m-jh2-B-01-18b.txt,2-B-01-18,１次関数－動点の問題,動点の問題,問題2,基礎レベル,173.2,±18.0,0.0144,関数関係・グラフの読み取り,座標・比例反比例の基礎・数の計算,中1入学時平均を0、中3卒業時平均を300とする運用尺度で、学年内の学習順、問題レベル、問題文の特徴から校正した暫定値。基礎・標準問題は300超えを目標にせず、発展・模試過去問で300超えを扱う前提です。,基礎：表・式・グラフの対応を直接確認する問題中心。標準：読み取り、式化、グラフ利用を組み合わせる問題を入れる。
m-jh2-B-01-18b.txt,2-B-01-18,１次関数－動点の問題,動点の問題,問題3,基礎レベル,176.2,±18.0,0.0148,関数関係・グラフの読み取り,座標・比例反比例の基礎・数の計算,中1入学時平均を0、中3卒業時平均を300とする運用尺度で、学年内の学習順、問題レベル、問題文の特徴から校正した暫定値。基礎・標準問題は300超えを目標にせず、発展・模試過去問で300超えを扱う前提です。,基礎：表・式・グラフの対応を直接確認する問題中心。標準：読み取り、式化、グラフ利用を組み合わせる問題を入れる。
m-jh2-B-01-19b.txt,2-B-01-19,１次関数－いろいろな関数,いろいろな関数,問題1,基礎レベル,171.2,±18.0,0.0140,関数関係・グラフの読み取り,座標・比例反比例の基礎・数の計算,中1入学時平均を0、中3卒業時平均を300とする運用尺度で、学年内の学習順、問題レベル、問題文の特徴から校正した暫定値。基礎・標準問題は300超えを目標にせず、発展・模試過去問で300超えを扱う前提です。,基礎：表・式・グラフの対応を直接確認する問題中心。標準：読み取り、式化、グラフ利用を組み合わせる問題を入れる。
m-jh2-B-01-19b.txt,2-B-01-19,１次関数－いろいろな関数,いろいろな関数,問題2,基礎レベル,174.2,±18.0,0.0144,関数関係・グラフの読み取り,座標・比例反比例の基礎・数の計算,中1入学時平均を0、中3卒業時平均を300とする運用尺度で、学年内の学習順、問題レベル、問題文の特徴から校正した暫定値。基礎・標準問題は300超えを目標にせず、発展・模試過去問で300超えを扱う前提です。,基礎：表・式・グラフの対応を直接確認する問題中心。標準：読み取り、式化、グラフ利用を組み合わせる問題を入れる。
m-jh2-B-01-19b.txt,2-B-01-19,１次関数－いろいろな関数,いろいろな関数,問題3,基礎レベル,177.2,±18.0,0.0148,関数関係・グラフの読み取り,座標・比例反比例の基礎・数の計算,中1入学時平均を0、中3卒業時平均を300とする運用尺度で、学年内の学習順、問題レベル、問題文の特徴から校正した暫定値。基礎・標準問題は300超えを目標にせず、発展・模試過去問で300超えを扱う前提です。,基礎：表・式・グラフの対応を直接確認する問題中心。標準：読み取り、式化、グラフ利用を組み合わせる問題を入れる。
m-jh2-C-01-01b.txt,2-C-01-01,合同－平行線と角（同位角と錯角）,平行線と角（同位角と錯角）,問題1,基礎レベル,172.1,±18.0,0.0140,図形の性質・空間把握,基本図形・作図・長さや角の理解,中1入学時平均を0、中3卒業時平均を300とする運用尺度で、学年内の学習順、問題レベル、問題文の特徴から校正した暫定値。基礎・標準問題は300超えを目標にせず、発展・模試過去問で300超えを扱う前提です。,基礎：図から性質や公式を直接使う問題中心。標準：補助線、証明、複数の図形性質を組み合わせる問題を入れる。
m-jh2-C-01-01b.txt,2-C-01-01,合同－平行線と角（同位角と錯角）,平行線と角（同位角と錯角）,問題2,基礎レベル,175.1,±18.0,0.0144,図形の性質・空間把握,基本図形・作図・長さや角の理解,中1入学時平均を0、中3卒業時平均を300とする運用尺度で、学年内の学習順、問題レベル、問題文の特徴から校正した暫定値。基礎・標準問題は300超えを目標にせず、発展・模試過去問で300超えを扱う前提です。,基礎：図から性質や公式を直接使う問題中心。標準：補助線、証明、複数の図形性質を組み合わせる問題を入れる。
m-jh2-C-01-01b.txt,2-C-01-01,合同－平行線と角（同位角と錯角）,平行線と角（同位角と錯角）,問題3,基礎レベル,178.1,±18.0,0.0148,図形の性質・空間把握,基本図形・作図・長さや角の理解,中1入学時平均を0、中3卒業時平均を300とする運用尺度で、学年内の学習順、問題レベル、問題文の特徴から校正した暫定値。基礎・標準問題は300超えを目標にせず、発展・模試過去問で300超えを扱う前提です。,基礎：図から性質や公式を直接使う問題中心。標準：補助線、証明、複数の図形性質を組み合わせる問題を入れる。
m-jh2-C-01-02b.txt,2-C-01-02,合同－三角形の角（内角と外角）,三角形の角（内角と外角）,問題1,基礎レベル,173.1,±18.0,0.0140,図形の性質・空間把握,基本図形・作図・長さや角の理解,中1入学時平均を0、中3卒業時平均を300とする運用尺度で、学年内の学習順、問題レベル、問題文の特徴から校正した暫定値。基礎・標準問題は300超えを目標にせず、発展・模試過去問で300超えを扱う前提です。,基礎：図から性質や公式を直接使う問題中心。標準：補助線、証明、複数の図形性質を組み合わせる問題を入れる。
m-jh2-C-01-02b.txt,2-C-01-02,合同－三角形の角（内角と外角）,三角形の角（内角と外角）,問題2,基礎レベル,176.1,±18.0,0.0144,図形の性質・空間把握,基本図形・作図・長さや角の理解,中1入学時平均を0、中3卒業時平均を300とする運用尺度で、学年内の学習順、問題レベル、問題文の特徴から校正した暫定値。基礎・標準問題は300超えを目標にせず、発展・模試過去問で300超えを扱う前提です。,基礎：図から性質や公式を直接使う問題中心。標準：補助線、証明、複数の図形性質を組み合わせる問題を入れる。
m-jh2-C-01-02b.txt,2-C-01-02,合同－三角形の角（内角と外角）,三角形の角（内角と外角）,問題3,基礎レベル,179.1,±18.0,0.0148,図形の性質・空間把握,基本図形・作図・長さや角の理解,中1入学時平均を0、中3卒業時平均を300とする運用尺度で、学年内の学習順、問題レベル、問題文の特徴から校正した暫定値。基礎・標準問題は300超えを目標にせず、発展・模試過去問で300超えを扱う前提です。,基礎：図から性質や公式を直接使う問題中心。標準：補助線、証明、複数の図形性質を組み合わせる問題を入れる。
m-jh2-C-01-02b.txt,2-C-01-02,合同－三角形の角（内角と外角）,三角形の角（内角と外角）,問題4,基礎レベル,182.1,±18.0,0.0152,図形の性質・空間把握,基本図形・作図・長さや角の理解,中1入学時平均を0、中3卒業時平均を300とする運用尺度で、学年内の学習順、問題レベル、問題文の特徴から校正した暫定値。基礎・標準問題は300超えを目標にせず、発展・模試過去問で300超えを扱う前提です。,基礎：図から性質や公式を直接使う問題中心。標準：補助線、証明、複数の図形性質を組み合わせる問題を入れる。
m-jh2-C-01-03b.txt,2-C-01-03,合同－いろいろな角の大きさ（多角形等）,いろいろな角の大きさ（多角形等）,問題1,基礎レベル,174.1,±18.0,0.0140,図形の性質・空間把握,基本図形・作図・長さや角の理解,中1入学時平均を0、中3卒業時平均を300とする運用尺度で、学年内の学習順、問題レベル、問題文の特徴から校正した暫定値。基礎・標準問題は300超えを目標にせず、発展・模試過去問で300超えを扱う前提です。,基礎：図から性質や公式を直接使う問題中心。標準：補助線、証明、複数の図形性質を組み合わせる問題を入れる。
m-jh2-C-01-03b.txt,2-C-01-03,合同－いろいろな角の大きさ（多角形等）,いろいろな角の大きさ（多角形等）,問題2,基礎レベル,177.1,±18.0,0.0144,図形の性質・空間把握,基本図形・作図・長さや角の理解,中1入学時平均を0、中3卒業時平均を300とする運用尺度で、学年内の学習順、問題レベル、問題文の特徴から校正した暫定値。基礎・標準問題は300超えを目標にせず、発展・模試過去問で300超えを扱う前提です。,基礎：図から性質や公式を直接使う問題中心。標準：補助線、証明、複数の図形性質を組み合わせる問題を入れる。
m-jh2-C-01-03b.txt,2-C-01-03,合同－いろいろな角の大きさ（多角形等）,いろいろな角の大きさ（多角形等）,問題3,基礎レベル,180.1,±18.0,0.0148,図形の性質・空間把握,基本図形・作図・長さや角の理解,中1入学時平均を0、中3卒業時平均を300とする運用尺度で、学年内の学習順、問題レベル、問題文の特徴から校正した暫定値。基礎・標準問題は300超えを目標にせず、発展・模試過去問で300超えを扱う前提です。,基礎：図から性質や公式を直接使う問題中心。標準：補助線、証明、複数の図形性質を組み合わせる問題を入れる。
m-jh2-C-01-03b.txt,2-C-01-03,合同－いろいろな角の大きさ（多角形等）,いろいろな角の大きさ（多角形等）,問題4,基礎レベル,183.1,±18.0,0.0152,図形の性質・空間把握,基本図形・作図・長さや角の理解,中1入学時平均を0、中3卒業時平均を300とする運用尺度で、学年内の学習順、問題レベル、問題文の特徴から校正した暫定値。基礎・標準問題は300超えを目標にせず、発展・模試過去問で300超えを扱う前提です。,基礎：図から性質や公式を直接使う問題中心。標準：補助線、証明、複数の図形性質を組み合わせる問題を入れる。
m-jh2-C-01-06b.txt,2-C-01-06,合同－三角形の合同条件,三角形の合同条件,問題1,基礎レベル,175.1,±18.0,0.0140,図形の性質・空間把握,基本図形・作図・長さや角の理解,中1入学時平均を0、中3卒業時平均を300とする運用尺度で、学年内の学習順、問題レベル、問題文の特徴から校正した暫定値。基礎・標準問題は300超えを目標にせず、発展・模試過去問で300超えを扱う前提です。,基礎：図から性質や公式を直接使う問題中心。標準：補助線、証明、複数の図形性質を組み合わせる問題を入れる。
m-jh2-C-01-06b.txt,2-C-01-06,合同－三角形の合同条件,三角形の合同条件,問題2,基礎レベル,178.1,±18.0,0.0144,図形の性質・空間把握,基本図形・作図・長さや角の理解,中1入学時平均を0、中3卒業時平均を300とする運用尺度で、学年内の学習順、問題レベル、問題文の特徴から校正した暫定値。基礎・標準問題は300超えを目標にせず、発展・模試過去問で300超えを扱う前提です。,基礎：図から性質や公式を直接使う問題中心。標準：補助線、証明、複数の図形性質を組み合わせる問題を入れる。
m-jh2-C-01-06b.txt,2-C-01-06,合同－三角形の合同条件,三角形の合同条件,問題3,基礎レベル,181.1,±18.0,0.0148,図形の性質・空間把握,基本図形・作図・長さや角の理解,中1入学時平均を0、中3卒業時平均を300とする運用尺度で、学年内の学習順、問題レベル、問題文の特徴から校正した暫定値。基礎・標準問題は300超えを目標にせず、発展・模試過去問で300超えを扱う前提です。,基礎：図から性質や公式を直接使う問題中心。標準：補助線、証明、複数の図形性質を組み合わせる問題を入れる。
m-jh2-C-01-06b.txt,2-C-01-06,合同－三角形の合同条件,三角形の合同条件,問題4,基礎レベル,184.1,±18.0,0.0152,図形の性質・空間把握,基本図形・作図・長さや角の理解,中1入学時平均を0、中3卒業時平均を300とする運用尺度で、学年内の学習順、問題レベル、問題文の特徴から校正した暫定値。基礎・標準問題は300超えを目標にせず、発展・模試過去問で300超えを扱う前提です。,基礎：図から性質や公式を直接使う問題中心。標準：補助線、証明、複数の図形性質を組み合わせる問題を入れる。
m-jh2-C-02-01b.txt,2-C-02-01,三角形と四角形－二等辺三角形の性質,二等辺三角形の性質,問題1,基礎レベル,176.1,±18.0,0.0140,図形の性質・空間把握,基本図形・作図・長さや角の理解,中1入学時平均を0、中3卒業時平均を300とする運用尺度で、学年内の学習順、問題レベル、問題文の特徴から校正した暫定値。基礎・標準問題は300超えを目標にせず、発展・模試過去問で300超えを扱う前提です。,基礎：図から性質や公式を直接使う問題中心。標準：補助線、証明、複数の図形性質を組み合わせる問題を入れる。
m-jh2-C-02-01b.txt,2-C-02-01,三角形と四角形－二等辺三角形の性質,二等辺三角形の性質,問題2,基礎レベル,179.1,±18.0,0.0144,図形の性質・空間把握,基本図形・作図・長さや角の理解,中1入学時平均を0、中3卒業時平均を300とする運用尺度で、学年内の学習順、問題レベル、問題文の特徴から校正した暫定値。基礎・標準問題は300超えを目標にせず、発展・模試過去問で300超えを扱う前提です。,基礎：図から性質や公式を直接使う問題中心。標準：補助線、証明、複数の図形性質を組み合わせる問題を入れる。
m-jh2-C-02-03b.txt,2-C-02-03,三角形と四角形－二等辺三角形の成立条件,二等辺三角形の成立条件,問題1,基礎レベル,177.1,±18.0,0.0140,図形の性質・空間把握,基本図形・作図・長さや角の理解,中1入学時平均を0、中3卒業時平均を300とする運用尺度で、学年内の学習順、問題レベル、問題文の特徴から校正した暫定値。基礎・標準問題は300超えを目標にせず、発展・模試過去問で300超えを扱う前提です。,基礎：図から性質や公式を直接使う問題中心。標準：補助線、証明、複数の図形性質を組み合わせる問題を入れる。
m-jh2-C-02-03b.txt,2-C-02-03,三角形と四角形－二等辺三角形の成立条件,二等辺三角形の成立条件,問題2,基礎レベル,180.1,±18.0,0.0144,図形の性質・空間把握,基本図形・作図・長さや角の理解,中1入学時平均を0、中3卒業時平均を300とする運用尺度で、学年内の学習順、問題レベル、問題文の特徴から校正した暫定値。基礎・標準問題は300超えを目標にせず、発展・模試過去問で300超えを扱う前提です。,基礎：図から性質や公式を直接使う問題中心。標準：補助線、証明、複数の図形性質を組み合わせる問題を入れる。
m-jh2-C-02-04b.txt,2-C-02-04,三角形と四角形－正三角形の性質と利用,正三角形の性質と利用,問題1,基礎レベル,178.1,±18.0,0.0140,図形の性質・空間把握,基本図形・作図・長さや角の理解,中1入学時平均を0、中3卒業時平均を300とする運用尺度で、学年内の学習順、問題レベル、問題文の特徴から校正した暫定値。基礎・標準問題は300超えを目標にせず、発展・模試過去問で300超えを扱う前提です。,基礎：図から性質や公式を直接使う問題中心。標準：補助線、証明、複数の図形性質を組み合わせる問題を入れる。
m-jh2-C-02-04b.txt,2-C-02-04,三角形と四角形－正三角形の性質と利用,正三角形の性質と利用,問題2,基礎レベル,181.1,±18.0,0.0144,図形の性質・空間把握,基本図形・作図・長さや角の理解,中1入学時平均を0、中3卒業時平均を300とする運用尺度で、学年内の学習順、問題レベル、問題文の特徴から校正した暫定値。基礎・標準問題は300超えを目標にせず、発展・模試過去問で300超えを扱う前提です。,基礎：図から性質や公式を直接使う問題中心。標準：補助線、証明、複数の図形性質を組み合わせる問題を入れる。
m-jh2-C-02-05b.txt,2-C-02-05,三角形と四角形－直角三角形の合同条件,直角三角形の合同条件,問題1,基礎レベル,179.1,±18.0,0.0140,図形の性質・空間把握,基本図形・作図・長さや角の理解,中1入学時平均を0、中3卒業時平均を300とする運用尺度で、学年内の学習順、問題レベル、問題文の特徴から校正した暫定値。基礎・標準問題は300超えを目標にせず、発展・模試過去問で300超えを扱う前提です。,基礎：図から性質や公式を直接使う問題中心。標準：補助線、証明、複数の図形性質を組み合わせる問題を入れる。
m-jh2-C-02-05b.txt,2-C-02-05,三角形と四角形－直角三角形の合同条件,直角三角形の合同条件,問題2,基礎レベル,182.1,±18.0,0.0144,図形の性質・空間把握,基本図形・作図・長さや角の理解,中1入学時平均を0、中3卒業時平均を300とする運用尺度で、学年内の学習順、問題レベル、問題文の特徴から校正した暫定値。基礎・標準問題は300超えを目標にせず、発展・模試過去問で300超えを扱う前提です。,基礎：図から性質や公式を直接使う問題中心。標準：補助線、証明、複数の図形性質を組み合わせる問題を入れる。
m-jh2-C-02-06b.txt,2-C-02-06,三角形と四角形－直角三角形の合同条件の利用,直角三角形の合同条件の利用,問題1,基礎レベル,180.0,±18.0,0.0140,図形の性質・空間把握,基本図形・作図・長さや角の理解,中1入学時平均を0、中3卒業時平均を300とする運用尺度で、学年内の学習順、問題レベル、問題文の特徴から校正した暫定値。基礎・標準問題は300超えを目標にせず、発展・模試過去問で300超えを扱う前提です。,基礎：図から性質や公式を直接使う問題中心。標準：補助線、証明、複数の図形性質を組み合わせる問題を入れる。
m-jh2-C-02-06b.txt,2-C-02-06,三角形と四角形－直角三角形の合同条件の利用,直角三角形の合同条件の利用,問題2,基礎レベル,183.0,±18.0,0.0144,図形の性質・空間把握,基本図形・作図・長さや角の理解,中1入学時平均を0、中3卒業時平均を300とする運用尺度で、学年内の学習順、問題レベル、問題文の特徴から校正した暫定値。基礎・標準問題は300超えを目標にせず、発展・模試過去問で300超えを扱う前提です。,基礎：図から性質や公式を直接使う問題中心。標準：補助線、証明、複数の図形性質を組み合わせる問題を入れる。
m-jh2-C-02-07b.txt,2-C-02-07,三角形と四角形－平行四辺形と三角形の合同,平行四辺形と三角形の合同,問題1,基礎レベル,181.0,±18.0,0.0140,図形の性質・空間把握,基本図形・作図・長さや角の理解,中1入学時平均を0、中3卒業時平均を300とする運用尺度で、学年内の学習順、問題レベル、問題文の特徴から校正した暫定値。基礎・標準問題は300超えを目標にせず、発展・模試過去問で300超えを扱う前提です。,基礎：図から性質や公式を直接使う問題中心。標準：補助線、証明、複数の図形性質を組み合わせる問題を入れる。
m-jh2-C-02-07b.txt,2-C-02-07,三角形と四角形－平行四辺形と三角形の合同,平行四辺形と三角形の合同,問題2,基礎レベル,184.0,±18.0,0.0144,図形の性質・空間把握,基本図形・作図・長さや角の理解,中1入学時平均を0、中3卒業時平均を300とする運用尺度で、学年内の学習順、問題レベル、問題文の特徴から校正した暫定値。基礎・標準問題は300超えを目標にせず、発展・模試過去問で300超えを扱う前提です。,基礎：図から性質や公式を直接使う問題中心。標準：補助線、証明、複数の図形性質を組み合わせる問題を入れる。
m-jh2-D-02-02b.txt,2-D-02-02,データの比較－四分位数,四分位数,問題1,基礎レベル,182.0,±18.0,0.0140,データの整理・統計的判断,表やグラフの読み取り・平均や割合,中1入学時平均を0、中3卒業時平均を300とする運用尺度で、学年内の学習順、問題レベル、問題文の特徴から校正した暫定値。基礎・標準問題は300超えを目標にせず、発展・模試過去問で300超えを扱う前提です。,基礎：用語・代表値・図表の読み取りを確認する問題中心。標準：複数データの比較や推測を含む問題を入れる。
m-jh2-D-02-02b.txt,2-D-02-02,データの比較－四分位数,四分位数,問題2,基礎レベル,185.0,±18.0,0.0144,データの整理・統計的判断,表やグラフの読み取り・平均や割合,中1入学時平均を0、中3卒業時平均を300とする運用尺度で、学年内の学習順、問題レベル、問題文の特徴から校正した暫定値。基礎・標準問題は300超えを目標にせず、発展・模試過去問で300超えを扱う前提です。,基礎：用語・代表値・図表の読み取りを確認する問題中心。標準：複数データの比較や推測を含む問題を入れる。
m-jh2-D-02-02b.txt,2-D-02-02,データの比較－四分位数,四分位数,問題3,基礎レベル,188.0,±18.0,0.0148,データの整理・統計的判断,表やグラフの読み取り・平均や割合,中1入学時平均を0、中3卒業時平均を300とする運用尺度で、学年内の学習順、問題レベル、問題文の特徴から校正した暫定値。基礎・標準問題は300超えを目標にせず、発展・模試過去問で300超えを扱う前提です。,基礎：用語・代表値・図表の読み取りを確認する問題中心。標準：複数データの比較や推測を含む問題を入れる。
m-jh2-D-02-04b.txt,2-D-02-04,データの比較－箱ひげ図,箱ひげ図,問題1,基礎レベル,183.0,±18.0,0.0140,データの整理・統計的判断,表やグラフの読み取り・平均や割合,中1入学時平均を0、中3卒業時平均を300とする運用尺度で、学年内の学習順、問題レベル、問題文の特徴から校正した暫定値。基礎・標準問題は300超えを目標にせず、発展・模試過去問で300超えを扱う前提です。,基礎：用語・代表値・図表の読み取りを確認する問題中心。標準：複数データの比較や推測を含む問題を入れる。
m-jh2-D-02-04b.txt,2-D-02-04,データの比較－箱ひげ図,箱ひげ図,問題2,基礎レベル,186.0,±18.0,0.0144,データの整理・統計的判断,表やグラフの読み取り・平均や割合,中1入学時平均を0、中3卒業時平均を300とする運用尺度で、学年内の学習順、問題レベル、問題文の特徴から校正した暫定値。基礎・標準問題は300超えを目標にせず、発展・模試過去問で300超えを扱う前提です。,基礎：用語・代表値・図表の読み取りを確認する問題中心。標準：複数データの比較や推測を含む問題を入れる。
m-jh2-D-02-04b.txt,2-D-02-04,データの比較－箱ひげ図,箱ひげ図,問題3,基礎レベル,189.0,±18.0,0.0148,データの整理・統計的判断,表やグラフの読み取り・平均や割合,中1入学時平均を0、中3卒業時平均を300とする運用尺度で、学年内の学習順、問題レベル、問題文の特徴から校正した暫定値。基礎・標準問題は300超えを目標にせず、発展・模試過去問で300超えを扱う前提です。,基礎：用語・代表値・図表の読み取りを確認する問題中心。標準：複数データの比較や推測を含む問題を入れる。
m-jh3-A-01-01b.txt,3-A-01-01,多項式の計算－単項式と多項式の乗法,単項式と多項式の乗法,問題1,基礎レベル,208.0,±18.0,0.0140,数式処理・数量関係の理解,小学校算数の四則計算・数量関係,中1入学時平均を0、中3卒業時平均を300とする運用尺度で、学年内の学習順、問題レベル、問題文の特徴から校正した暫定値。基礎・標準問題は300超えを目標にせず、発展・模試過去問で300超えを扱う前提です。,基礎：用語・公式・計算手順を1つずつ確認する単問中心。標準：複数条件や式変形を組み合わせ、見通しをもって処理する問題を入れる。
m-jh3-A-01-01b.txt,3-A-01-01,多項式の計算－単項式と多項式の乗法,単項式と多項式の乗法,問題2,基礎レベル,211.0,±18.0,0.0144,数式処理・数量関係の理解,小学校算数の四則計算・数量関係,中1入学時平均を0、中3卒業時平均を300とする運用尺度で、学年内の学習順、問題レベル、問題文の特徴から校正した暫定値。基礎・標準問題は300超えを目標にせず、発展・模試過去問で300超えを扱う前提です。,基礎：用語・公式・計算手順を1つずつ確認する単問中心。標準：複数条件や式変形を組み合わせ、見通しをもって処理する問題を入れる。
m-jh3-A-01-01s.txt,3-A-01-01,多項式の計算－単項式と多項式の乗法,単項式と多項式の乗法,問題1,標準レベル,224.5,±20.0,0.0158,数式処理・数量関係の理解,小学校算数の四則計算・数量関係,中1入学時平均を0、中3卒業時平均を300とする運用尺度で、学年内の学習順、問題レベル、問題文の特徴から校正した暫定値。基礎・標準問題は300超えを目標にせず、発展・模試過去問で300超えを扱う前提です。,基礎：用語・公式・計算手順を1つずつ確認する単問中心。標準：複数条件や式変形を組み合わせ、見通しをもって処理する問題を入れる。
m-jh3-A-01-01s.txt,3-A-01-01,多項式の計算－単項式と多項式の乗法,単項式と多項式の乗法,問題2,標準レベル,227.5,±20.0,0.0162,数式処理・数量関係の理解,小学校算数の四則計算・数量関係,中1入学時平均を0、中3卒業時平均を300とする運用尺度で、学年内の学習順、問題レベル、問題文の特徴から校正した暫定値。基礎・標準問題は300超えを目標にせず、発展・模試過去問で300超えを扱う前提です。,基礎：用語・公式・計算手順を1つずつ確認する単問中心。標準：複数条件や式変形を組み合わせ、見通しをもって処理する問題を入れる。
m-jh3-A-01-02b.txt,3-A-01-02,多項式の計算－多項式を単項式でわる除法,多項式を単項式でわる除法,問題1,基礎レベル,209.0,±18.0,0.0140,数式処理・数量関係の理解,小学校算数の四則計算・数量関係,中1入学時平均を0、中3卒業時平均を300とする運用尺度で、学年内の学習順、問題レベル、問題文の特徴から校正した暫定値。基礎・標準問題は300超えを目標にせず、発展・模試過去問で300超えを扱う前提です。,基礎：用語・公式・計算手順を1つずつ確認する単問中心。標準：複数条件や式変形を組み合わせ、見通しをもって処理する問題を入れる。
m-jh3-A-01-02b.txt,3-A-01-02,多項式の計算－多項式を単項式でわる除法,多項式を単項式でわる除法,問題2,基礎レベル,212.0,±18.0,0.0144,数式処理・数量関係の理解,小学校算数の四則計算・数量関係,中1入学時平均を0、中3卒業時平均を300とする運用尺度で、学年内の学習順、問題レベル、問題文の特徴から校正した暫定値。基礎・標準問題は300超えを目標にせず、発展・模試過去問で300超えを扱う前提です。,基礎：用語・公式・計算手順を1つずつ確認する単問中心。標準：複数条件や式変形を組み合わせ、見通しをもって処理する問題を入れる。
m-jh3-A-01-02s.txt,3-A-01-02,多項式の計算－多項式を単項式でわる除法,多項式を単項式でわる除法,問題1,標準レベル,225.6,±20.0,0.0158,数式処理・数量関係の理解,小学校算数の四則計算・数量関係,中1入学時平均を0、中3卒業時平均を300とする運用尺度で、学年内の学習順、問題レベル、問題文の特徴から校正した暫定値。基礎・標準問題は300超えを目標にせず、発展・模試過去問で300超えを扱う前提です。,基礎：用語・公式・計算手順を1つずつ確認する単問中心。標準：複数条件や式変形を組み合わせ、見通しをもって処理する問題を入れる。
m-jh3-A-01-02s.txt,3-A-01-02,多項式の計算－多項式を単項式でわる除法,多項式を単項式でわる除法,問題2,標準レベル,228.6,±20.0,0.0162,数式処理・数量関係の理解,小学校算数の四則計算・数量関係,中1入学時平均を0、中3卒業時平均を300とする運用尺度で、学年内の学習順、問題レベル、問題文の特徴から校正した暫定値。基礎・標準問題は300超えを目標にせず、発展・模試過去問で300超えを扱う前提です。,基礎：用語・公式・計算手順を1つずつ確認する単問中心。標準：複数条件や式変形を組み合わせ、見通しをもって処理する問題を入れる。
m-jh3-A-01-03b.txt,3-A-01-03,多項式の計算－多項式と多項式の乗法（展開）,多項式と多項式の乗法（展開）,問題1,基礎レベル,210.1,±18.0,0.0140,数式処理・数量関係の理解,小学校算数の四則計算・数量関係,中1入学時平均を0、中3卒業時平均を300とする運用尺度で、学年内の学習順、問題レベル、問題文の特徴から校正した暫定値。基礎・標準問題は300超えを目標にせず、発展・模試過去問で300超えを扱う前提です。,基礎：用語・公式・計算手順を1つずつ確認する単問中心。標準：複数条件や式変形を組み合わせ、見通しをもって処理する問題を入れる。
m-jh3-A-01-03b.txt,3-A-01-03,多項式の計算－多項式と多項式の乗法（展開）,多項式と多項式の乗法（展開）,問題2,基礎レベル,213.1,±18.0,0.0144,数式処理・数量関係の理解,小学校算数の四則計算・数量関係,中1入学時平均を0、中3卒業時平均を300とする運用尺度で、学年内の学習順、問題レベル、問題文の特徴から校正した暫定値。基礎・標準問題は300超えを目標にせず、発展・模試過去問で300超えを扱う前提です。,基礎：用語・公式・計算手順を1つずつ確認する単問中心。標準：複数条件や式変形を組み合わせ、見通しをもって処理する問題を入れる。
m-jh3-A-01-03b.txt,3-A-01-03,多項式の計算－多項式と多項式の乗法（展開）,多項式と多項式の乗法（展開）,問題3,基礎レベル,216.1,±18.0,0.0148,数式処理・数量関係の理解,小学校算数の四則計算・数量関係,中1入学時平均を0、中3卒業時平均を300とする運用尺度で、学年内の学習順、問題レベル、問題文の特徴から校正した暫定値。基礎・標準問題は300超えを目標にせず、発展・模試過去問で300超えを扱う前提です。,基礎：用語・公式・計算手順を1つずつ確認する単問中心。標準：複数条件や式変形を組み合わせ、見通しをもって処理する問題を入れる。
m-jh3-A-01-03s.txt,3-A-01-03,多項式の計算－多項式と多項式の乗法（展開）,多項式と多項式の乗法（展開）,問題1,標準レベル,226.6,±20.0,0.0158,数式処理・数量関係の理解,小学校算数の四則計算・数量関係,中1入学時平均を0、中3卒業時平均を300とする運用尺度で、学年内の学習順、問題レベル、問題文の特徴から校正した暫定値。基礎・標準問題は300超えを目標にせず、発展・模試過去問で300超えを扱う前提です。,基礎：用語・公式・計算手順を1つずつ確認する単問中心。標準：複数条件や式変形を組み合わせ、見通しをもって処理する問題を入れる。
m-jh3-A-01-03s.txt,3-A-01-03,多項式の計算－多項式と多項式の乗法（展開）,多項式と多項式の乗法（展開）,問題2,標準レベル,229.6,±20.0,0.0162,数式処理・数量関係の理解,小学校算数の四則計算・数量関係,中1入学時平均を0、中3卒業時平均を300とする運用尺度で、学年内の学習順、問題レベル、問題文の特徴から校正した暫定値。基礎・標準問題は300超えを目標にせず、発展・模試過去問で300超えを扱う前提です。,基礎：用語・公式・計算手順を1つずつ確認する単問中心。標準：複数条件や式変形を組み合わせ、見通しをもって処理する問題を入れる。
m-jh3-A-01-04b.txt,3-A-01-04,多項式の計算－多項式の展開（同類項を含む）,多項式の展開（同類項を含む）,問題1,基礎レベル,211.1,±18.0,0.0140,数式処理・数量関係の理解,小学校算数の四則計算・数量関係,中1入学時平均を0、中3卒業時平均を300とする運用尺度で、学年内の学習順、問題レベル、問題文の特徴から校正した暫定値。基礎・標準問題は300超えを目標にせず、発展・模試過去問で300超えを扱う前提です。,基礎：用語・公式・計算手順を1つずつ確認する単問中心。標準：複数条件や式変形を組み合わせ、見通しをもって処理する問題を入れる。
m-jh3-A-01-04b.txt,3-A-01-04,多項式の計算－多項式の展開（同類項を含む）,多項式の展開（同類項を含む）,問題2,基礎レベル,214.1,±18.0,0.0144,数式処理・数量関係の理解,小学校算数の四則計算・数量関係,中1入学時平均を0、中3卒業時平均を300とする運用尺度で、学年内の学習順、問題レベル、問題文の特徴から校正した暫定値。基礎・標準問題は300超えを目標にせず、発展・模試過去問で300超えを扱う前提です。,基礎：用語・公式・計算手順を1つずつ確認する単問中心。標準：複数条件や式変形を組み合わせ、見通しをもって処理する問題を入れる。
m-jh3-A-01-04s.txt,3-A-01-04,多項式の計算－多項式の展開（同類項を含む）,多項式の展開（同類項を含む）,問題1,標準レベル,227.7,±20.0,0.0158,数式処理・数量関係の理解,小学校算数の四則計算・数量関係,中1入学時平均を0、中3卒業時平均を300とする運用尺度で、学年内の学習順、問題レベル、問題文の特徴から校正した暫定値。基礎・標準問題は300超えを目標にせず、発展・模試過去問で300超えを扱う前提です。,基礎：用語・公式・計算手順を1つずつ確認する単問中心。標準：複数条件や式変形を組み合わせ、見通しをもって処理する問題を入れる。
m-jh3-A-01-04s.txt,3-A-01-04,多項式の計算－多項式の展開（同類項を含む）,多項式の展開（同類項を含む）,問題2,標準レベル,230.7,±20.0,0.0162,数式処理・数量関係の理解,小学校算数の四則計算・数量関係,中1入学時平均を0、中3卒業時平均を300とする運用尺度で、学年内の学習順、問題レベル、問題文の特徴から校正した暫定値。基礎・標準問題は300超えを目標にせず、発展・模試過去問で300超えを扱う前提です。,基礎：用語・公式・計算手順を1つずつ確認する単問中心。標準：複数条件や式変形を組み合わせ、見通しをもって処理する問題を入れる。
m-jh3-A-01-05b.txt,3-A-01-05,多項式の計算－(x + a)(x + b)の展開,(x + a)(x + b)の展開,問題1,基礎レベル,212.2,±18.0,0.0140,数式処理・数量関係の理解,小学校算数の四則計算・数量関係,中1入学時平均を0、中3卒業時平均を300とする運用尺度で、学年内の学習順、問題レベル、問題文の特徴から校正した暫定値。基礎・標準問題は300超えを目標にせず、発展・模試過去問で300超えを扱う前提です。,基礎：用語・公式・計算手順を1つずつ確認する単問中心。標準：複数条件や式変形を組み合わせ、見通しをもって処理する問題を入れる。
m-jh3-A-01-05b.txt,3-A-01-05,多項式の計算－(x + a)(x + b)の展開,(x + a)(x + b)の展開,問題2,基礎レベル,215.2,±18.0,0.0144,数式処理・数量関係の理解,小学校算数の四則計算・数量関係,中1入学時平均を0、中3卒業時平均を300とする運用尺度で、学年内の学習順、問題レベル、問題文の特徴から校正した暫定値。基礎・標準問題は300超えを目標にせず、発展・模試過去問で300超えを扱う前提です。,基礎：用語・公式・計算手順を1つずつ確認する単問中心。標準：複数条件や式変形を組み合わせ、見通しをもって処理する問題を入れる。
m-jh3-A-01-05s.txt,3-A-01-05,多項式の計算－(x + a)(x + b)の展開,(x + a)(x + b)の展開,問題1,標準レベル,228.7,±20.0,0.0158,数式処理・数量関係の理解,小学校算数の四則計算・数量関係,中1入学時平均を0、中3卒業時平均を300とする運用尺度で、学年内の学習順、問題レベル、問題文の特徴から校正した暫定値。基礎・標準問題は300超えを目標にせず、発展・模試過去問で300超えを扱う前提です。,基礎：用語・公式・計算手順を1つずつ確認する単問中心。標準：複数条件や式変形を組み合わせ、見通しをもって処理する問題を入れる。
m-jh3-A-01-05s.txt,3-A-01-05,多項式の計算－(x + a)(x + b)の展開,(x + a)(x + b)の展開,問題2,標準レベル,231.7,±20.0,0.0162,数式処理・数量関係の理解,小学校算数の四則計算・数量関係,中1入学時平均を0、中3卒業時平均を300とする運用尺度で、学年内の学習順、問題レベル、問題文の特徴から校正した暫定値。基礎・標準問題は300超えを目標にせず、発展・模試過去問で300超えを扱う前提です。,基礎：用語・公式・計算手順を1つずつ確認する単問中心。標準：複数条件や式変形を組み合わせ、見通しをもって処理する問題を入れる。
m-jh3-A-01-06b.txt,3-A-01-06,多項式の計算－(x + a)^2の展開,(x + a)^2の展開,問題1,基礎レベル,213.2,±18.0,0.0140,数式処理・数量関係の理解,小学校算数の四則計算・数量関係,中1入学時平均を0、中3卒業時平均を300とする運用尺度で、学年内の学習順、問題レベル、問題文の特徴から校正した暫定値。基礎・標準問題は300超えを目標にせず、発展・模試過去問で300超えを扱う前提です。,基礎：用語・公式・計算手順を1つずつ確認する単問中心。標準：複数条件や式変形を組み合わせ、見通しをもって処理する問題を入れる。
m-jh3-A-01-06b.txt,3-A-01-06,多項式の計算－(x + a)^2の展開,(x + a)^2の展開,問題2,基礎レベル,216.2,±18.0,0.0144,数式処理・数量関係の理解,小学校算数の四則計算・数量関係,中1入学時平均を0、中3卒業時平均を300とする運用尺度で、学年内の学習順、問題レベル、問題文の特徴から校正した暫定値。基礎・標準問題は300超えを目標にせず、発展・模試過去問で300超えを扱う前提です。,基礎：用語・公式・計算手順を1つずつ確認する単問中心。標準：複数条件や式変形を組み合わせ、見通しをもって処理する問題を入れる。
m-jh3-A-01-06s.txt,3-A-01-06,多項式の計算－(x + a)^2の展開,(x + a)^2の展開,問題1,標準レベル,229.7,±20.0,0.0158,数式処理・数量関係の理解,小学校算数の四則計算・数量関係,中1入学時平均を0、中3卒業時平均を300とする運用尺度で、学年内の学習順、問題レベル、問題文の特徴から校正した暫定値。基礎・標準問題は300超えを目標にせず、発展・模試過去問で300超えを扱う前提です。,基礎：用語・公式・計算手順を1つずつ確認する単問中心。標準：複数条件や式変形を組み合わせ、見通しをもって処理する問題を入れる。
m-jh3-A-01-06s.txt,3-A-01-06,多項式の計算－(x + a)^2の展開,(x + a)^2の展開,問題2,標準レベル,232.7,±20.0,0.0162,数式処理・数量関係の理解,小学校算数の四則計算・数量関係,中1入学時平均を0、中3卒業時平均を300とする運用尺度で、学年内の学習順、問題レベル、問題文の特徴から校正した暫定値。基礎・標準問題は300超えを目標にせず、発展・模試過去問で300超えを扱う前提です。,基礎：用語・公式・計算手順を1つずつ確認する単問中心。標準：複数条件や式変形を組み合わせ、見通しをもって処理する問題を入れる。
m-jh3-A-01-07b.txt,3-A-01-07,多項式の計算－(x - a)^2の展開,(x - a)^2の展開,問題1,基礎レベル,214.3,±18.0,0.0140,数式処理・数量関係の理解,小学校算数の四則計算・数量関係,中1入学時平均を0、中3卒業時平均を300とする運用尺度で、学年内の学習順、問題レベル、問題文の特徴から校正した暫定値。基礎・標準問題は300超えを目標にせず、発展・模試過去問で300超えを扱う前提です。,基礎：用語・公式・計算手順を1つずつ確認する単問中心。標準：複数条件や式変形を組み合わせ、見通しをもって処理する問題を入れる。
m-jh3-A-01-07b.txt,3-A-01-07,多項式の計算－(x - a)^2の展開,(x - a)^2の展開,問題2,基礎レベル,217.3,±18.0,0.0144,数式処理・数量関係の理解,小学校算数の四則計算・数量関係,中1入学時平均を0、中3卒業時平均を300とする運用尺度で、学年内の学習順、問題レベル、問題文の特徴から校正した暫定値。基礎・標準問題は300超えを目標にせず、発展・模試過去問で300超えを扱う前提です。,基礎：用語・公式・計算手順を1つずつ確認する単問中心。標準：複数条件や式変形を組み合わせ、見通しをもって処理する問題を入れる。
m-jh3-A-01-07s.txt,3-A-01-07,多項式の計算－(x - a)^2の展開,(x - a)^2の展開,問題1,標準レベル,230.8,±20.0,0.0158,数式処理・数量関係の理解,小学校算数の四則計算・数量関係,中1入学時平均を0、中3卒業時平均を300とする運用尺度で、学年内の学習順、問題レベル、問題文の特徴から校正した暫定値。基礎・標準問題は300超えを目標にせず、発展・模試過去問で300超えを扱う前提です。,基礎：用語・公式・計算手順を1つずつ確認する単問中心。標準：複数条件や式変形を組み合わせ、見通しをもって処理する問題を入れる。
m-jh3-A-01-07s.txt,3-A-01-07,多項式の計算－(x - a)^2の展開,(x - a)^2の展開,問題2,標準レベル,233.8,±20.0,0.0162,数式処理・数量関係の理解,小学校算数の四則計算・数量関係,中1入学時平均を0、中3卒業時平均を300とする運用尺度で、学年内の学習順、問題レベル、問題文の特徴から校正した暫定値。基礎・標準問題は300超えを目標にせず、発展・模試過去問で300超えを扱う前提です。,基礎：用語・公式・計算手順を1つずつ確認する単問中心。標準：複数条件や式変形を組み合わせ、見通しをもって処理する問題を入れる。
m-jh3-A-01-07s.txt,3-A-01-07,多項式の計算－(x - a)^2の展開,(x - a)^2の展開,問題3,標準レベル,236.8,±20.0,0.0166,数式処理・数量関係の理解,小学校算数の四則計算・数量関係,中1入学時平均を0、中3卒業時平均を300とする運用尺度で、学年内の学習順、問題レベル、問題文の特徴から校正した暫定値。基礎・標準問題は300超えを目標にせず、発展・模試過去問で300超えを扱う前提です。,基礎：用語・公式・計算手順を1つずつ確認する単問中心。標準：複数条件や式変形を組み合わせ、見通しをもって処理する問題を入れる。
m-jh3-A-01-08b.txt,3-A-01-08,多項式の計算－(a + b)(a -b)の展開,(a + b)(a -b)の展開,問題1,基礎レベル,215.3,±18.0,0.0140,数式処理・数量関係の理解,小学校算数の四則計算・数量関係,中1入学時平均を0、中3卒業時平均を300とする運用尺度で、学年内の学習順、問題レベル、問題文の特徴から校正した暫定値。基礎・標準問題は300超えを目標にせず、発展・模試過去問で300超えを扱う前提です。,基礎：用語・公式・計算手順を1つずつ確認する単問中心。標準：複数条件や式変形を組み合わせ、見通しをもって処理する問題を入れる。
m-jh3-A-01-08b.txt,3-A-01-08,多項式の計算－(a + b)(a -b)の展開,(a + b)(a -b)の展開,問題2,基礎レベル,218.3,±18.0,0.0144,数式処理・数量関係の理解,小学校算数の四則計算・数量関係,中1入学時平均を0、中3卒業時平均を300とする運用尺度で、学年内の学習順、問題レベル、問題文の特徴から校正した暫定値。基礎・標準問題は300超えを目標にせず、発展・模試過去問で300超えを扱う前提です。,基礎：用語・公式・計算手順を1つずつ確認する単問中心。標準：複数条件や式変形を組み合わせ、見通しをもって処理する問題を入れる。
m-jh3-A-01-08s.txt,3-A-01-08,多項式の計算－(a + b)(a -b)の展開,(a + b)(a -b)の展開,問題1,標準レベル,231.8,±20.0,0.0158,数式処理・数量関係の理解,小学校算数の四則計算・数量関係,中1入学時平均を0、中3卒業時平均を300とする運用尺度で、学年内の学習順、問題レベル、問題文の特徴から校正した暫定値。基礎・標準問題は300超えを目標にせず、発展・模試過去問で300超えを扱う前提です。,基礎：用語・公式・計算手順を1つずつ確認する単問中心。標準：複数条件や式変形を組み合わせ、見通しをもって処理する問題を入れる。
m-jh3-A-01-08s.txt,3-A-01-08,多項式の計算－(a + b)(a -b)の展開,(a + b)(a -b)の展開,問題2,標準レベル,234.8,±20.0,0.0162,数式処理・数量関係の理解,小学校算数の四則計算・数量関係,中1入学時平均を0、中3卒業時平均を300とする運用尺度で、学年内の学習順、問題レベル、問題文の特徴から校正した暫定値。基礎・標準問題は300超えを目標にせず、発展・模試過去問で300超えを扱う前提です。,基礎：用語・公式・計算手順を1つずつ確認する単問中心。標準：複数条件や式変形を組み合わせ、見通しをもって処理する問題を入れる。
m-jh3-A-01-09b.txt,3-A-01-09,多項式の計算－乗法の公式を利用したいろいろな展開,乗法の公式を利用したいろいろな展開,問題1,基礎レベル,216.4,±18.0,0.0140,数式処理・数量関係の理解,小学校算数の四則計算・数量関係,中1入学時平均を0、中3卒業時平均を300とする運用尺度で、学年内の学習順、問題レベル、問題文の特徴から校正した暫定値。基礎・標準問題は300超えを目標にせず、発展・模試過去問で300超えを扱う前提です。,基礎：用語・公式・計算手順を1つずつ確認する単問中心。標準：複数条件や式変形を組み合わせ、見通しをもって処理する問題を入れる。
m-jh3-A-01-09b.txt,3-A-01-09,多項式の計算－乗法の公式を利用したいろいろな展開,乗法の公式を利用したいろいろな展開,問題2,基礎レベル,219.4,±18.0,0.0144,数式処理・数量関係の理解,小学校算数の四則計算・数量関係,中1入学時平均を0、中3卒業時平均を300とする運用尺度で、学年内の学習順、問題レベル、問題文の特徴から校正した暫定値。基礎・標準問題は300超えを目標にせず、発展・模試過去問で300超えを扱う前提です。,基礎：用語・公式・計算手順を1つずつ確認する単問中心。標準：複数条件や式変形を組み合わせ、見通しをもって処理する問題を入れる。
m-jh3-A-01-09s.txt,3-A-01-09,多項式の計算－乗法の公式を利用したいろいろな展開,乗法の公式を利用したいろいろな展開,問題1,標準レベル,232.9,±20.0,0.0158,数式処理・数量関係の理解,小学校算数の四則計算・数量関係,中1入学時平均を0、中3卒業時平均を300とする運用尺度で、学年内の学習順、問題レベル、問題文の特徴から校正した暫定値。基礎・標準問題は300超えを目標にせず、発展・模試過去問で300超えを扱う前提です。,基礎：用語・公式・計算手順を1つずつ確認する単問中心。標準：複数条件や式変形を組み合わせ、見通しをもって処理する問題を入れる。
m-jh3-A-01-09s.txt,3-A-01-09,多項式の計算－乗法の公式を利用したいろいろな展開,乗法の公式を利用したいろいろな展開,問題2,標準レベル,235.9,±20.0,0.0162,数式処理・数量関係の理解,小学校算数の四則計算・数量関係,中1入学時平均を0、中3卒業時平均を300とする運用尺度で、学年内の学習順、問題レベル、問題文の特徴から校正した暫定値。基礎・標準問題は300超えを目標にせず、発展・模試過去問で300超えを扱う前提です。,基礎：用語・公式・計算手順を1つずつ確認する単問中心。標準：複数条件や式変形を組み合わせ、見通しをもって処理する問題を入れる。
m-jh3-A-01-10b.txt,3-A-01-10,多項式の計算－置き換えによる展開,置き換えによる展開,問題1,基礎レベル,217.4,±18.0,0.0140,数式処理・数量関係の理解,小学校算数の四則計算・数量関係,中1入学時平均を0、中3卒業時平均を300とする運用尺度で、学年内の学習順、問題レベル、問題文の特徴から校正した暫定値。基礎・標準問題は300超えを目標にせず、発展・模試過去問で300超えを扱う前提です。,基礎：用語・公式・計算手順を1つずつ確認する単問中心。標準：複数条件や式変形を組み合わせ、見通しをもって処理する問題を入れる。
m-jh3-A-01-10b.txt,3-A-01-10,多項式の計算－置き換えによる展開,置き換えによる展開,問題2,基礎レベル,220.4,±18.0,0.0144,数式処理・数量関係の理解,小学校算数の四則計算・数量関係,中1入学時平均を0、中3卒業時平均を300とする運用尺度で、学年内の学習順、問題レベル、問題文の特徴から校正した暫定値。基礎・標準問題は300超えを目標にせず、発展・模試過去問で300超えを扱う前提です。,基礎：用語・公式・計算手順を1つずつ確認する単問中心。標準：複数条件や式変形を組み合わせ、見通しをもって処理する問題を入れる。
m-jh3-A-01-10s.txt,3-A-01-10,多項式の計算－置き換えによる展開,置き換えによる展開,問題1,標準レベル,233.9,±20.0,0.0158,数式処理・数量関係の理解,小学校算数の四則計算・数量関係,中1入学時平均を0、中3卒業時平均を300とする運用尺度で、学年内の学習順、問題レベル、問題文の特徴から校正した暫定値。基礎・標準問題は300超えを目標にせず、発展・模試過去問で300超えを扱う前提です。,基礎：用語・公式・計算手順を1つずつ確認する単問中心。標準：複数条件や式変形を組み合わせ、見通しをもって処理する問題を入れる。
m-jh3-A-01-10s.txt,3-A-01-10,多項式の計算－置き換えによる展開,置き換えによる展開,問題2,標準レベル,236.9,±20.0,0.0162,数式処理・数量関係の理解,小学校算数の四則計算・数量関係,中1入学時平均を0、中3卒業時平均を300とする運用尺度で、学年内の学習順、問題レベル、問題文の特徴から校正した暫定値。基礎・標準問題は300超えを目標にせず、発展・模試過去問で300超えを扱う前提です。,基礎：用語・公式・計算手順を1つずつ確認する単問中心。標準：複数条件や式変形を組み合わせ、見通しをもって処理する問題を入れる。
m-jh3-A-02-01b.txt,3-A-02-01,因数分解－共通因数のくくりだし,共通因数のくくりだし,問題1,基礎レベル,218.4,±18.0,0.0140,数式処理・数量関係の理解,小学校算数の四則計算・数量関係,中1入学時平均を0、中3卒業時平均を300とする運用尺度で、学年内の学習順、問題レベル、問題文の特徴から校正した暫定値。基礎・標準問題は300超えを目標にせず、発展・模試過去問で300超えを扱う前提です。,基礎：用語・公式・計算手順を1つずつ確認する単問中心。標準：複数条件や式変形を組み合わせ、見通しをもって処理する問題を入れる。
m-jh3-A-02-01b.txt,3-A-02-01,因数分解－共通因数のくくりだし,共通因数のくくりだし,問題2,基礎レベル,221.4,±18.0,0.0144,数式処理・数量関係の理解,小学校算数の四則計算・数量関係,中1入学時平均を0、中3卒業時平均を300とする運用尺度で、学年内の学習順、問題レベル、問題文の特徴から校正した暫定値。基礎・標準問題は300超えを目標にせず、発展・模試過去問で300超えを扱う前提です。,基礎：用語・公式・計算手順を1つずつ確認する単問中心。標準：複数条件や式変形を組み合わせ、見通しをもって処理する問題を入れる。
m-jh3-A-02-01s.txt,3-A-02-01,因数分解－共通因数のくくりだし,共通因数のくくりだし,問題1,標準レベル,235.0,±20.0,0.0158,数式処理・数量関係の理解,小学校算数の四則計算・数量関係,中1入学時平均を0、中3卒業時平均を300とする運用尺度で、学年内の学習順、問題レベル、問題文の特徴から校正した暫定値。基礎・標準問題は300超えを目標にせず、発展・模試過去問で300超えを扱う前提です。,基礎：用語・公式・計算手順を1つずつ確認する単問中心。標準：複数条件や式変形を組み合わせ、見通しをもって処理する問題を入れる。
m-jh3-A-02-01s.txt,3-A-02-01,因数分解－共通因数のくくりだし,共通因数のくくりだし,問題2,標準レベル,238.0,±20.0,0.0162,数式処理・数量関係の理解,小学校算数の四則計算・数量関係,中1入学時平均を0、中3卒業時平均を300とする運用尺度で、学年内の学習順、問題レベル、問題文の特徴から校正した暫定値。基礎・標準問題は300超えを目標にせず、発展・模試過去問で300超えを扱う前提です。,基礎：用語・公式・計算手順を1つずつ確認する単問中心。標準：複数条件や式変形を組み合わせ、見通しをもって処理する問題を入れる。
m-jh3-A-02-02b.txt,3-A-02-02,因数分解－乗法の公式(x + a)(x + b) = x^2 +(a + b)x + abを利用した因数分解,乗法の公式(x + a)(x + b) = x^2 +(a + b)x + abを利用した因数分解,問題1,基礎レベル,219.5,±18.0,0.0140,数式処理・数量関係の理解,小学校算数の四則計算・数量関係,中1入学時平均を0、中3卒業時平均を300とする運用尺度で、学年内の学習順、問題レベル、問題文の特徴から校正した暫定値。基礎・標準問題は300超えを目標にせず、発展・模試過去問で300超えを扱う前提です。,基礎：用語・公式・計算手順を1つずつ確認する単問中心。標準：複数条件や式変形を組み合わせ、見通しをもって処理する問題を入れる。
m-jh3-A-02-02b.txt,3-A-02-02,因数分解－乗法の公式(x + a)(x + b) = x^2 +(a + b)x + abを利用した因数分解,乗法の公式(x + a)(x + b) = x^2 +(a + b)x + abを利用した因数分解,問題2,基礎レベル,222.5,±18.0,0.0144,数式処理・数量関係の理解,小学校算数の四則計算・数量関係,中1入学時平均を0、中3卒業時平均を300とする運用尺度で、学年内の学習順、問題レベル、問題文の特徴から校正した暫定値。基礎・標準問題は300超えを目標にせず、発展・模試過去問で300超えを扱う前提です。,基礎：用語・公式・計算手順を1つずつ確認する単問中心。標準：複数条件や式変形を組み合わせ、見通しをもって処理する問題を入れる。
m-jh3-A-02-02s.txt,3-A-02-02,因数分解－乗法の公式(x + a)(x + b) = x^2 +(a + b)x + abを利用した因数分解,乗法の公式(x + a)(x + b) = x^2 +(a + b)x + abを利用した因数分解,問題1,標準レベル,236.0,±20.0,0.0158,数式処理・数量関係の理解,小学校算数の四則計算・数量関係,中1入学時平均を0、中3卒業時平均を300とする運用尺度で、学年内の学習順、問題レベル、問題文の特徴から校正した暫定値。基礎・標準問題は300超えを目標にせず、発展・模試過去問で300超えを扱う前提です。,基礎：用語・公式・計算手順を1つずつ確認する単問中心。標準：複数条件や式変形を組み合わせ、見通しをもって処理する問題を入れる。
m-jh3-A-02-02s.txt,3-A-02-02,因数分解－乗法の公式(x + a)(x + b) = x^2 +(a + b)x + abを利用した因数分解,乗法の公式(x + a)(x + b) = x^2 +(a + b)x + abを利用した因数分解,問題2,標準レベル,239.0,±20.0,0.0162,数式処理・数量関係の理解,小学校算数の四則計算・数量関係,中1入学時平均を0、中3卒業時平均を300とする運用尺度で、学年内の学習順、問題レベル、問題文の特徴から校正した暫定値。基礎・標準問題は300超えを目標にせず、発展・模試過去問で300超えを扱う前提です。,基礎：用語・公式・計算手順を1つずつ確認する単問中心。標準：複数条件や式変形を組み合わせ、見通しをもって処理する問題を入れる。
m-jh3-A-02-03b.txt,3-A-02-03,"因数分解－(x + a)^2, (x - a)^2の乗法の公式を利用した因数分解","(x + a)^2, (x - a)^2の乗法の公式を利用した因数分解",問題1,基礎レベル,220.5,±18.0,0.0140,数式処理・数量関係の理解,小学校算数の四則計算・数量関係,中1入学時平均を0、中3卒業時平均を300とする運用尺度で、学年内の学習順、問題レベル、問題文の特徴から校正した暫定値。基礎・標準問題は300超えを目標にせず、発展・模試過去問で300超えを扱う前提です。,基礎：用語・公式・計算手順を1つずつ確認する単問中心。標準：複数条件や式変形を組み合わせ、見通しをもって処理する問題を入れる。
m-jh3-A-02-03b.txt,3-A-02-03,"因数分解－(x + a)^2, (x - a)^2の乗法の公式を利用した因数分解","(x + a)^2, (x - a)^2の乗法の公式を利用した因数分解",問題2,基礎レベル,223.5,±18.0,0.0144,数式処理・数量関係の理解,小学校算数の四則計算・数量関係,中1入学時平均を0、中3卒業時平均を300とする運用尺度で、学年内の学習順、問題レベル、問題文の特徴から校正した暫定値。基礎・標準問題は300超えを目標にせず、発展・模試過去問で300超えを扱う前提です。,基礎：用語・公式・計算手順を1つずつ確認する単問中心。標準：複数条件や式変形を組み合わせ、見通しをもって処理する問題を入れる。
m-jh3-A-02-03s.txt,3-A-02-03,"因数分解－(x + a)^2, (x - a)^2の乗法の公式を利用した因数分解","(x + a)^2, (x - a)^2の乗法の公式を利用した因数分解",問題1,標準レベル,237.1,±20.0,0.0158,数式処理・数量関係の理解,小学校算数の四則計算・数量関係,中1入学時平均を0、中3卒業時平均を300とする運用尺度で、学年内の学習順、問題レベル、問題文の特徴から校正した暫定値。基礎・標準問題は300超えを目標にせず、発展・模試過去問で300超えを扱う前提です。,基礎：用語・公式・計算手順を1つずつ確認する単問中心。標準：複数条件や式変形を組み合わせ、見通しをもって処理する問題を入れる。
m-jh3-A-02-03s.txt,3-A-02-03,"因数分解－(x + a)^2, (x - a)^2の乗法の公式を利用した因数分解","(x + a)^2, (x - a)^2の乗法の公式を利用した因数分解",問題2,標準レベル,240.1,±20.0,0.0162,数式処理・数量関係の理解,小学校算数の四則計算・数量関係,中1入学時平均を0、中3卒業時平均を300とする運用尺度で、学年内の学習順、問題レベル、問題文の特徴から校正した暫定値。基礎・標準問題は300超えを目標にせず、発展・模試過去問で300超えを扱う前提です。,基礎：用語・公式・計算手順を1つずつ確認する単問中心。標準：複数条件や式変形を組み合わせ、見通しをもって処理する問題を入れる。
m-jh3-A-02-04b.txt,3-A-02-04,因数分解－(a + b)(a - b)の乗法の公式を利用した因数分解,(a + b)(a - b)の乗法の公式を利用した因数分解,問題1,基礎レベル,221.6,±18.0,0.0140,数式処理・数量関係の理解,小学校算数の四則計算・数量関係,中1入学時平均を0、中3卒業時平均を300とする運用尺度で、学年内の学習順、問題レベル、問題文の特徴から校正した暫定値。基礎・標準問題は300超えを目標にせず、発展・模試過去問で300超えを扱う前提です。,基礎：用語・公式・計算手順を1つずつ確認する単問中心。標準：複数条件や式変形を組み合わせ、見通しをもって処理する問題を入れる。
m-jh3-A-02-04b.txt,3-A-02-04,因数分解－(a + b)(a - b)の乗法の公式を利用した因数分解,(a + b)(a - b)の乗法の公式を利用した因数分解,問題2,基礎レベル,224.6,±18.0,0.0144,数式処理・数量関係の理解,小学校算数の四則計算・数量関係,中1入学時平均を0、中3卒業時平均を300とする運用尺度で、学年内の学習順、問題レベル、問題文の特徴から校正した暫定値。基礎・標準問題は300超えを目標にせず、発展・模試過去問で300超えを扱う前提です。,基礎：用語・公式・計算手順を1つずつ確認する単問中心。標準：複数条件や式変形を組み合わせ、見通しをもって処理する問題を入れる。
m-jh3-A-02-04s.txt,3-A-02-04,因数分解－(a + b)(a - b)の乗法の公式を利用した因数分解,(a + b)(a - b)の乗法の公式を利用した因数分解,問題1,標準レベル,238.1,±20.0,0.0158,数式処理・数量関係の理解,小学校算数の四則計算・数量関係,中1入学時平均を0、中3卒業時平均を300とする運用尺度で、学年内の学習順、問題レベル、問題文の特徴から校正した暫定値。基礎・標準問題は300超えを目標にせず、発展・模試過去問で300超えを扱う前提です。,基礎：用語・公式・計算手順を1つずつ確認する単問中心。標準：複数条件や式変形を組み合わせ、見通しをもって処理する問題を入れる。
m-jh3-A-02-04s.txt,3-A-02-04,因数分解－(a + b)(a - b)の乗法の公式を利用した因数分解,(a + b)(a - b)の乗法の公式を利用した因数分解,問題2,標準レベル,241.1,±20.0,0.0162,数式処理・数量関係の理解,小学校算数の四則計算・数量関係,中1入学時平均を0、中3卒業時平均を300とする運用尺度で、学年内の学習順、問題レベル、問題文の特徴から校正した暫定値。基礎・標準問題は300超えを目標にせず、発展・模試過去問で300超えを扱う前提です。,基礎：用語・公式・計算手順を1つずつ確認する単問中心。標準：複数条件や式変形を組み合わせ、見通しをもって処理する問題を入れる。
m-jh3-A-02-05b.txt,3-A-02-05,因数分解－共通因数のくくりだしと乗法の公式を組み合わせた因数分解,共通因数のくくりだしと乗法の公式を組み合わせた因数分解,問題1,基礎レベル,222.6,±18.0,0.0140,数式処理・数量関係の理解,小学校算数の四則計算・数量関係,中1入学時平均を0、中3卒業時平均を300とする運用尺度で、学年内の学習順、問題レベル、問題文の特徴から校正した暫定値。基礎・標準問題は300超えを目標にせず、発展・模試過去問で300超えを扱う前提です。,基礎：用語・公式・計算手順を1つずつ確認する単問中心。標準：複数条件や式変形を組み合わせ、見通しをもって処理する問題を入れる。
m-jh3-A-02-05b.txt,3-A-02-05,因数分解－共通因数のくくりだしと乗法の公式を組み合わせた因数分解,共通因数のくくりだしと乗法の公式を組み合わせた因数分解,問題2,基礎レベル,225.6,±18.0,0.0144,数式処理・数量関係の理解,小学校算数の四則計算・数量関係,中1入学時平均を0、中3卒業時平均を300とする運用尺度で、学年内の学習順、問題レベル、問題文の特徴から校正した暫定値。基礎・標準問題は300超えを目標にせず、発展・模試過去問で300超えを扱う前提です。,基礎：用語・公式・計算手順を1つずつ確認する単問中心。標準：複数条件や式変形を組み合わせ、見通しをもって処理する問題を入れる。
m-jh3-A-02-05s.txt,3-A-02-05,因数分解－共通因数のくくりだしと乗法の公式を組み合わせた因数分解,共通因数のくくりだしと乗法の公式を組み合わせた因数分解,問題1,標準レベル,239.1,±20.0,0.0158,数式処理・数量関係の理解,小学校算数の四則計算・数量関係,中1入学時平均を0、中3卒業時平均を300とする運用尺度で、学年内の学習順、問題レベル、問題文の特徴から校正した暫定値。基礎・標準問題は300超えを目標にせず、発展・模試過去問で300超えを扱う前提です。,基礎：用語・公式・計算手順を1つずつ確認する単問中心。標準：複数条件や式変形を組み合わせ、見通しをもって処理する問題を入れる。
m-jh3-A-02-05s.txt,3-A-02-05,因数分解－共通因数のくくりだしと乗法の公式を組み合わせた因数分解,共通因数のくくりだしと乗法の公式を組み合わせた因数分解,問題2,標準レベル,242.1,±20.0,0.0162,数式処理・数量関係の理解,小学校算数の四則計算・数量関係,中1入学時平均を0、中3卒業時平均を300とする運用尺度で、学年内の学習順、問題レベル、問題文の特徴から校正した暫定値。基礎・標準問題は300超えを目標にせず、発展・模試過去問で300超えを扱う前提です。,基礎：用語・公式・計算手順を1つずつ確認する単問中心。標準：複数条件や式変形を組み合わせ、見通しをもって処理する問題を入れる。
m-jh3-A-02-06b.txt,3-A-02-06,因数分解－おきかえによる因数分解,おきかえによる因数分解,問題1,基礎レベル,223.7,±18.0,0.0140,数式処理・数量関係の理解,小学校算数の四則計算・数量関係,中1入学時平均を0、中3卒業時平均を300とする運用尺度で、学年内の学習順、問題レベル、問題文の特徴から校正した暫定値。基礎・標準問題は300超えを目標にせず、発展・模試過去問で300超えを扱う前提です。,基礎：用語・公式・計算手順を1つずつ確認する単問中心。標準：複数条件や式変形を組み合わせ、見通しをもって処理する問題を入れる。
m-jh3-A-02-06b.txt,3-A-02-06,因数分解－おきかえによる因数分解,おきかえによる因数分解,問題2,基礎レベル,226.7,±18.0,0.0144,数式処理・数量関係の理解,小学校算数の四則計算・数量関係,中1入学時平均を0、中3卒業時平均を300とする運用尺度で、学年内の学習順、問題レベル、問題文の特徴から校正した暫定値。基礎・標準問題は300超えを目標にせず、発展・模試過去問で300超えを扱う前提です。,基礎：用語・公式・計算手順を1つずつ確認する単問中心。標準：複数条件や式変形を組み合わせ、見通しをもって処理する問題を入れる。
m-jh3-A-02-06s.txt,3-A-02-06,因数分解－おきかえによる因数分解,おきかえによる因数分解,問題1,標準レベル,240.2,±20.0,0.0158,数式処理・数量関係の理解,小学校算数の四則計算・数量関係,中1入学時平均を0、中3卒業時平均を300とする運用尺度で、学年内の学習順、問題レベル、問題文の特徴から校正した暫定値。基礎・標準問題は300超えを目標にせず、発展・模試過去問で300超えを扱う前提です。,基礎：用語・公式・計算手順を1つずつ確認する単問中心。標準：複数条件や式変形を組み合わせ、見通しをもって処理する問題を入れる。
m-jh3-A-02-06s.txt,3-A-02-06,因数分解－おきかえによる因数分解,おきかえによる因数分解,問題2,標準レベル,243.2,±20.0,0.0162,数式処理・数量関係の理解,小学校算数の四則計算・数量関係,中1入学時平均を0、中3卒業時平均を300とする運用尺度で、学年内の学習順、問題レベル、問題文の特徴から校正した暫定値。基礎・標準問題は300超えを目標にせず、発展・模試過去問で300超えを扱う前提です。,基礎：用語・公式・計算手順を1つずつ確認する単問中心。標準：複数条件や式変形を組み合わせ、見通しをもって処理する問題を入れる。
m-jh3-A-03-01b.txt,3-A-03-01,乗法の公式や因数分解の利用－乗法の公式や因数分解を利用した計算,乗法の公式や因数分解を利用した計算,問題1,基礎レベル,224.7,±18.0,0.0140,数式処理・数量関係の理解,小学校算数の四則計算・数量関係,中1入学時平均を0、中3卒業時平均を300とする運用尺度で、学年内の学習順、問題レベル、問題文の特徴から校正した暫定値。基礎・標準問題は300超えを目標にせず、発展・模試過去問で300超えを扱う前提です。,基礎：用語・公式・計算手順を1つずつ確認する単問中心。標準：複数条件や式変形を組み合わせ、見通しをもって処理する問題を入れる。
m-jh3-A-03-01b.txt,3-A-03-01,乗法の公式や因数分解の利用－乗法の公式や因数分解を利用した計算,乗法の公式や因数分解を利用した計算,問題2,基礎レベル,227.7,±18.0,0.0144,数式処理・数量関係の理解,小学校算数の四則計算・数量関係,中1入学時平均を0、中3卒業時平均を300とする運用尺度で、学年内の学習順、問題レベル、問題文の特徴から校正した暫定値。基礎・標準問題は300超えを目標にせず、発展・模試過去問で300超えを扱う前提です。,基礎：用語・公式・計算手順を1つずつ確認する単問中心。標準：複数条件や式変形を組み合わせ、見通しをもって処理する問題を入れる。
m-jh3-A-03-01b.txt,3-A-03-01,乗法の公式や因数分解の利用－乗法の公式や因数分解を利用した計算,乗法の公式や因数分解を利用した計算,問題3,基礎レベル,230.7,±18.0,0.0148,数式処理・数量関係の理解,小学校算数の四則計算・数量関係,中1入学時平均を0、中3卒業時平均を300とする運用尺度で、学年内の学習順、問題レベル、問題文の特徴から校正した暫定値。基礎・標準問題は300超えを目標にせず、発展・模試過去問で300超えを扱う前提です。,基礎：用語・公式・計算手順を1つずつ確認する単問中心。標準：複数条件や式変形を組み合わせ、見通しをもって処理する問題を入れる。
m-jh3-A-03-01s.txt,3-A-03-01,乗法の公式や因数分解の利用－乗法の公式や因数分解を利用した計算,乗法の公式や因数分解を利用した計算,問題1,標準レベル,241.2,±20.0,0.0158,数式処理・数量関係の理解,小学校算数の四則計算・数量関係,中1入学時平均を0、中3卒業時平均を300とする運用尺度で、学年内の学習順、問題レベル、問題文の特徴から校正した暫定値。基礎・標準問題は300超えを目標にせず、発展・模試過去問で300超えを扱う前提です。,基礎：用語・公式・計算手順を1つずつ確認する単問中心。標準：複数条件や式変形を組み合わせ、見通しをもって処理する問題を入れる。
m-jh3-A-03-01s.txt,3-A-03-01,乗法の公式や因数分解の利用－乗法の公式や因数分解を利用した計算,乗法の公式や因数分解を利用した計算,問題2,標準レベル,244.2,±20.0,0.0162,数式処理・数量関係の理解,小学校算数の四則計算・数量関係,中1入学時平均を0、中3卒業時平均を300とする運用尺度で、学年内の学習順、問題レベル、問題文の特徴から校正した暫定値。基礎・標準問題は300超えを目標にせず、発展・模試過去問で300超えを扱う前提です。,基礎：用語・公式・計算手順を1つずつ確認する単問中心。標準：複数条件や式変形を組み合わせ、見通しをもって処理する問題を入れる。
m-jh3-A-03-01s.txt,3-A-03-01,乗法の公式や因数分解の利用－乗法の公式や因数分解を利用した計算,乗法の公式や因数分解を利用した計算,問題3,標準レベル,247.2,±20.0,0.0166,数式処理・数量関係の理解,小学校算数の四則計算・数量関係,中1入学時平均を0、中3卒業時平均を300とする運用尺度で、学年内の学習順、問題レベル、問題文の特徴から校正した暫定値。基礎・標準問題は300超えを目標にせず、発展・模試過去問で300超えを扱う前提です。,基礎：用語・公式・計算手順を1つずつ確認する単問中心。標準：複数条件や式変形を組み合わせ、見通しをもって処理する問題を入れる。
m-jh3-A-03-02b.txt,3-A-03-02,乗法の公式や因数分解の利用－乗法の公式や因数分解を利用してから式への値の代入,乗法の公式や因数分解を利用してから式への値の代入,問題1,基礎レベル,225.8,±18.0,0.0140,数式処理・数量関係の理解,小学校算数の四則計算・数量関係,中1入学時平均を0、中3卒業時平均を300とする運用尺度で、学年内の学習順、問題レベル、問題文の特徴から校正した暫定値。基礎・標準問題は300超えを目標にせず、発展・模試過去問で300超えを扱う前提です。,基礎：用語・公式・計算手順を1つずつ確認する単問中心。標準：複数条件や式変形を組み合わせ、見通しをもって処理する問題を入れる。
m-jh3-A-03-02b.txt,3-A-03-02,乗法の公式や因数分解の利用－乗法の公式や因数分解を利用してから式への値の代入,乗法の公式や因数分解を利用してから式への値の代入,問題2,基礎レベル,228.8,±18.0,0.0144,数式処理・数量関係の理解,小学校算数の四則計算・数量関係,中1入学時平均を0、中3卒業時平均を300とする運用尺度で、学年内の学習順、問題レベル、問題文の特徴から校正した暫定値。基礎・標準問題は300超えを目標にせず、発展・模試過去問で300超えを扱う前提です。,基礎：用語・公式・計算手順を1つずつ確認する単問中心。標準：複数条件や式変形を組み合わせ、見通しをもって処理する問題を入れる。
m-jh3-A-03-02s.txt,3-A-03-02,乗法の公式や因数分解の利用－乗法の公式や因数分解を利用してから式への値の代入,乗法の公式や因数分解を利用してから式への値の代入,問題1,標準レベル,242.3,±20.0,0.0158,数式処理・数量関係の理解,小学校算数の四則計算・数量関係,中1入学時平均を0、中3卒業時平均を300とする運用尺度で、学年内の学習順、問題レベル、問題文の特徴から校正した暫定値。基礎・標準問題は300超えを目標にせず、発展・模試過去問で300超えを扱う前提です。,基礎：用語・公式・計算手順を1つずつ確認する単問中心。標準：複数条件や式変形を組み合わせ、見通しをもって処理する問題を入れる。
m-jh3-A-03-02s.txt,3-A-03-02,乗法の公式や因数分解の利用－乗法の公式や因数分解を利用してから式への値の代入,乗法の公式や因数分解を利用してから式への値の代入,問題2,標準レベル,245.3,±20.0,0.0162,数式処理・数量関係の理解,小学校算数の四則計算・数量関係,中1入学時平均を0、中3卒業時平均を300とする運用尺度で、学年内の学習順、問題レベル、問題文の特徴から校正した暫定値。基礎・標準問題は300超えを目標にせず、発展・模試過去問で300超えを扱う前提です。,基礎：用語・公式・計算手順を1つずつ確認する単問中心。標準：複数条件や式変形を組み合わせ、見通しをもって処理する問題を入れる。
m-jh3-A-04-01b.txt,3-A-04-01,平方根－2乗するとaになる数（有理数）,2乗するとaになる数（有理数）,問題1,基礎レベル,226.8,±18.0,0.0140,数式処理・数量関係の理解,小学校算数の四則計算・数量関係,中1入学時平均を0、中3卒業時平均を300とする運用尺度で、学年内の学習順、問題レベル、問題文の特徴から校正した暫定値。基礎・標準問題は300超えを目標にせず、発展・模試過去問で300超えを扱う前提です。,基礎：用語・公式・計算手順を1つずつ確認する単問中心。標準：複数条件や式変形を組み合わせ、見通しをもって処理する問題を入れる。
m-jh3-A-04-01b.txt,3-A-04-01,平方根－2乗するとaになる数（有理数）,2乗するとaになる数（有理数）,問題2,基礎レベル,229.8,±18.0,0.0144,数式処理・数量関係の理解,小学校算数の四則計算・数量関係,中1入学時平均を0、中3卒業時平均を300とする運用尺度で、学年内の学習順、問題レベル、問題文の特徴から校正した暫定値。基礎・標準問題は300超えを目標にせず、発展・模試過去問で300超えを扱う前提です。,基礎：用語・公式・計算手順を1つずつ確認する単問中心。標準：複数条件や式変形を組み合わせ、見通しをもって処理する問題を入れる。
m-jh3-A-04-01s.txt,3-A-04-01,平方根－2乗するとaになる数（有理数）,2乗するとaになる数（有理数）,問題1,標準レベル,243.3,±20.0,0.0158,数式処理・数量関係の理解,小学校算数の四則計算・数量関係,中1入学時平均を0、中3卒業時平均を300とする運用尺度で、学年内の学習順、問題レベル、問題文の特徴から校正した暫定値。基礎・標準問題は300超えを目標にせず、発展・模試過去問で300超えを扱う前提です。,基礎：用語・公式・計算手順を1つずつ確認する単問中心。標準：複数条件や式変形を組み合わせ、見通しをもって処理する問題を入れる。
m-jh3-A-04-01s.txt,3-A-04-01,平方根－2乗するとaになる数（有理数）,2乗するとaになる数（有理数）,問題2,標準レベル,246.3,±20.0,0.0162,数式処理・数量関係の理解,小学校算数の四則計算・数量関係,中1入学時平均を0、中3卒業時平均を300とする運用尺度で、学年内の学習順、問題レベル、問題文の特徴から校正した暫定値。基礎・標準問題は300超えを目標にせず、発展・模試過去問で300超えを扱う前提です。,基礎：用語・公式・計算手順を1つずつ確認する単問中心。標準：複数条件や式変形を組み合わせ、見通しをもって処理する問題を入れる。
m-jh3-A-04-02b.txt,3-A-04-02,平方根－記号を使って平方根を表す,記号を使って平方根を表す,問題1,基礎レベル,227.9,±18.0,0.0140,数式処理・数量関係の理解,小学校算数の四則計算・数量関係,中1入学時平均を0、中3卒業時平均を300とする運用尺度で、学年内の学習順、問題レベル、問題文の特徴から校正した暫定値。基礎・標準問題は300超えを目標にせず、発展・模試過去問で300超えを扱う前提です。,基礎：用語・公式・計算手順を1つずつ確認する単問中心。標準：複数条件や式変形を組み合わせ、見通しをもって処理する問題を入れる。
m-jh3-A-04-02b.txt,3-A-04-02,平方根－記号を使って平方根を表す,記号を使って平方根を表す,問題2,基礎レベル,230.9,±18.0,0.0144,数式処理・数量関係の理解,小学校算数の四則計算・数量関係,中1入学時平均を0、中3卒業時平均を300とする運用尺度で、学年内の学習順、問題レベル、問題文の特徴から校正した暫定値。基礎・標準問題は300超えを目標にせず、発展・模試過去問で300超えを扱う前提です。,基礎：用語・公式・計算手順を1つずつ確認する単問中心。標準：複数条件や式変形を組み合わせ、見通しをもって処理する問題を入れる。
m-jh3-A-04-03b.txt,3-A-04-03,平方根－根号のついた数を2乗する,根号のついた数を2乗する,問題1,基礎レベル,228.4,±18.0,0.0140,数式処理・数量関係の理解,小学校算数の四則計算・数量関係,中1入学時平均を0、中3卒業時平均を300とする運用尺度で、学年内の学習順、問題レベル、問題文の特徴から校正した暫定値。基礎・標準問題は300超えを目標にせず、発展・模試過去問で300超えを扱う前提です。,基礎：用語・公式・計算手順を1つずつ確認する単問中心。標準：複数条件や式変形を組み合わせ、見通しをもって処理する問題を入れる。
m-jh3-A-04-03b.txt,3-A-04-03,平方根－根号のついた数を2乗する,根号のついた数を2乗する,問題2,基礎レベル,231.4,±18.0,0.0144,数式処理・数量関係の理解,小学校算数の四則計算・数量関係,中1入学時平均を0、中3卒業時平均を300とする運用尺度で、学年内の学習順、問題レベル、問題文の特徴から校正した暫定値。基礎・標準問題は300超えを目標にせず、発展・模試過去問で300超えを扱う前提です。,基礎：用語・公式・計算手順を1つずつ確認する単問中心。標準：複数条件や式変形を組み合わせ、見通しをもって処理する問題を入れる。
m-jh3-A-04-03b.txt,3-A-04-03,平方根－根号のついた数を2乗する,根号のついた数を2乗する,問題3,基礎レベル,234.4,±18.0,0.0148,数式処理・数量関係の理解,小学校算数の四則計算・数量関係,中1入学時平均を0、中3卒業時平均を300とする運用尺度で、学年内の学習順、問題レベル、問題文の特徴から校正した暫定値。基礎・標準問題は300超えを目標にせず、発展・模試過去問で300超えを扱う前提です。,基礎：用語・公式・計算手順を1つずつ確認する単問中心。標準：複数条件や式変形を組み合わせ、見通しをもって処理する問題を入れる。
m-jh3-A-04-03s.txt,3-A-04-03,平方根－根号のついた数を2乗する,根号のついた数を2乗する,問題1,標準レベル,244.9,±20.0,0.0158,数式処理・数量関係の理解,小学校算数の四則計算・数量関係,中1入学時平均を0、中3卒業時平均を300とする運用尺度で、学年内の学習順、問題レベル、問題文の特徴から校正した暫定値。基礎・標準問題は300超えを目標にせず、発展・模試過去問で300超えを扱う前提です。,基礎：用語・公式・計算手順を1つずつ確認する単問中心。標準：複数条件や式変形を組み合わせ、見通しをもって処理する問題を入れる。
m-jh3-A-04-03s.txt,3-A-04-03,平方根－根号のついた数を2乗する,根号のついた数を2乗する,問題2,標準レベル,247.9,±20.0,0.0162,数式処理・数量関係の理解,小学校算数の四則計算・数量関係,中1入学時平均を0、中3卒業時平均を300とする運用尺度で、学年内の学習順、問題レベル、問題文の特徴から校正した暫定値。基礎・標準問題は300超えを目標にせず、発展・模試過去問で300超えを扱う前提です。,基礎：用語・公式・計算手順を1つずつ確認する単問中心。標準：複数条件や式変形を組み合わせ、見通しをもって処理する問題を入れる。
m-jh3-A-04-04b.txt,3-A-04-04,平方根－根号をはずせる根号のついた数,根号をはずせる根号のついた数,問題1,基礎レベル,229.4,±18.0,0.0140,数式処理・数量関係の理解,小学校算数の四則計算・数量関係,中1入学時平均を0、中3卒業時平均を300とする運用尺度で、学年内の学習順、問題レベル、問題文の特徴から校正した暫定値。基礎・標準問題は300超えを目標にせず、発展・模試過去問で300超えを扱う前提です。,基礎：用語・公式・計算手順を1つずつ確認する単問中心。標準：複数条件や式変形を組み合わせ、見通しをもって処理する問題を入れる。
m-jh3-A-04-04b.txt,3-A-04-04,平方根－根号をはずせる根号のついた数,根号をはずせる根号のついた数,問題2,基礎レベル,232.4,±18.0,0.0144,数式処理・数量関係の理解,小学校算数の四則計算・数量関係,中1入学時平均を0、中3卒業時平均を300とする運用尺度で、学年内の学習順、問題レベル、問題文の特徴から校正した暫定値。基礎・標準問題は300超えを目標にせず、発展・模試過去問で300超えを扱う前提です。,基礎：用語・公式・計算手順を1つずつ確認する単問中心。標準：複数条件や式変形を組み合わせ、見通しをもって処理する問題を入れる。
m-jh3-A-04-04b.txt,3-A-04-04,平方根－根号をはずせる根号のついた数,根号をはずせる根号のついた数,問題3,基礎レベル,235.4,±18.0,0.0148,数式処理・数量関係の理解,小学校算数の四則計算・数量関係,中1入学時平均を0、中3卒業時平均を300とする運用尺度で、学年内の学習順、問題レベル、問題文の特徴から校正した暫定値。基礎・標準問題は300超えを目標にせず、発展・模試過去問で300超えを扱う前提です。,基礎：用語・公式・計算手順を1つずつ確認する単問中心。標準：複数条件や式変形を組み合わせ、見通しをもって処理する問題を入れる。
m-jh3-A-04-04s.txt,3-A-04-04,平方根－根号をはずせる根号のついた数,根号をはずせる根号のついた数,問題1,標準レベル,245.9,±20.0,0.0158,数式処理・数量関係の理解,小学校算数の四則計算・数量関係,中1入学時平均を0、中3卒業時平均を300とする運用尺度で、学年内の学習順、問題レベル、問題文の特徴から校正した暫定値。基礎・標準問題は300超えを目標にせず、発展・模試過去問で300超えを扱う前提です。,基礎：用語・公式・計算手順を1つずつ確認する単問中心。標準：複数条件や式変形を組み合わせ、見通しをもって処理する問題を入れる。
m-jh3-A-04-04s.txt,3-A-04-04,平方根－根号をはずせる根号のついた数,根号をはずせる根号のついた数,問題2,標準レベル,248.9,±20.0,0.0162,数式処理・数量関係の理解,小学校算数の四則計算・数量関係,中1入学時平均を0、中3卒業時平均を300とする運用尺度で、学年内の学習順、問題レベル、問題文の特徴から校正した暫定値。基礎・標準問題は300超えを目標にせず、発展・模試過去問で300超えを扱う前提です。,基礎：用語・公式・計算手順を1つずつ確認する単問中心。標準：複数条件や式変形を組み合わせ、見通しをもって処理する問題を入れる。
m-jh3-A-04-05b.txt,3-A-04-05,平方根－平方根の大小,平方根の大小,問題1,基礎レベル,230.5,±18.0,0.0140,数式処理・数量関係の理解,小学校算数の四則計算・数量関係,中1入学時平均を0、中3卒業時平均を300とする運用尺度で、学年内の学習順、問題レベル、問題文の特徴から校正した暫定値。基礎・標準問題は300超えを目標にせず、発展・模試過去問で300超えを扱う前提です。,基礎：用語・公式・計算手順を1つずつ確認する単問中心。標準：複数条件や式変形を組み合わせ、見通しをもって処理する問題を入れる。
m-jh3-A-04-05b.txt,3-A-04-05,平方根－平方根の大小,平方根の大小,問題2,基礎レベル,233.5,±18.0,0.0144,数式処理・数量関係の理解,小学校算数の四則計算・数量関係,中1入学時平均を0、中3卒業時平均を300とする運用尺度で、学年内の学習順、問題レベル、問題文の特徴から校正した暫定値。基礎・標準問題は300超えを目標にせず、発展・模試過去問で300超えを扱う前提です。,基礎：用語・公式・計算手順を1つずつ確認する単問中心。標準：複数条件や式変形を組み合わせ、見通しをもって処理する問題を入れる。
m-jh3-A-04-05s.txt,3-A-04-05,平方根－平方根の大小,平方根の大小,問題1,標準レベル,247.0,±20.0,0.0158,数式処理・数量関係の理解,小学校算数の四則計算・数量関係,中1入学時平均を0、中3卒業時平均を300とする運用尺度で、学年内の学習順、問題レベル、問題文の特徴から校正した暫定値。基礎・標準問題は300超えを目標にせず、発展・模試過去問で300超えを扱う前提です。,基礎：用語・公式・計算手順を1つずつ確認する単問中心。標準：複数条件や式変形を組み合わせ、見通しをもって処理する問題を入れる。
m-jh3-A-04-05s.txt,3-A-04-05,平方根－平方根の大小,平方根の大小,問題2,標準レベル,250.0,±20.0,0.0162,数式処理・数量関係の理解,小学校算数の四則計算・数量関係,中1入学時平均を0、中3卒業時平均を300とする運用尺度で、学年内の学習順、問題レベル、問題文の特徴から校正した暫定値。基礎・標準問題は300超えを目標にせず、発展・模試過去問で300超えを扱う前提です。,基礎：用語・公式・計算手順を1つずつ確認する単問中心。標準：複数条件や式変形を組み合わせ、見通しをもって処理する問題を入れる。
m-jh3-A-04-06b.txt,3-A-04-06,平方根－有理数と無理数,有理数と無理数,問題1,基礎レベル,231.5,±18.0,0.0140,数式処理・数量関係の理解,小学校算数の四則計算・数量関係,中1入学時平均を0、中3卒業時平均を300とする運用尺度で、学年内の学習順、問題レベル、問題文の特徴から校正した暫定値。基礎・標準問題は300超えを目標にせず、発展・模試過去問で300超えを扱う前提です。,基礎：用語・公式・計算手順を1つずつ確認する単問中心。標準：複数条件や式変形を組み合わせ、見通しをもって処理する問題を入れる。
m-jh3-A-04-06b.txt,3-A-04-06,平方根－有理数と無理数,有理数と無理数,問題2,基礎レベル,234.5,±18.0,0.0144,数式処理・数量関係の理解,小学校算数の四則計算・数量関係,中1入学時平均を0、中3卒業時平均を300とする運用尺度で、学年内の学習順、問題レベル、問題文の特徴から校正した暫定値。基礎・標準問題は300超えを目標にせず、発展・模試過去問で300超えを扱う前提です。,基礎：用語・公式・計算手順を1つずつ確認する単問中心。標準：複数条件や式変形を組み合わせ、見通しをもって処理する問題を入れる。
m-jh3-A-04-06s.txt,3-A-04-06,平方根－有理数と無理数,有理数と無理数,問題1,標準レベル,248.0,±20.0,0.0158,数式処理・数量関係の理解,小学校算数の四則計算・数量関係,中1入学時平均を0、中3卒業時平均を300とする運用尺度で、学年内の学習順、問題レベル、問題文の特徴から校正した暫定値。基礎・標準問題は300超えを目標にせず、発展・模試過去問で300超えを扱う前提です。,基礎：用語・公式・計算手順を1つずつ確認する単問中心。標準：複数条件や式変形を組み合わせ、見通しをもって処理する問題を入れる。
m-jh3-A-04-06s.txt,3-A-04-06,平方根－有理数と無理数,有理数と無理数,問題2,標準レベル,251.0,±20.0,0.0162,数式処理・数量関係の理解,小学校算数の四則計算・数量関係,中1入学時平均を0、中3卒業時平均を300とする運用尺度で、学年内の学習順、問題レベル、問題文の特徴から校正した暫定値。基礎・標準問題は300超えを目標にせず、発展・模試過去問で300超えを扱う前提です。,基礎：用語・公式・計算手順を1つずつ確認する単問中心。標準：複数条件や式変形を組み合わせ、見通しをもって処理する問題を入れる。
m-jh3-A-04-06s.txt,3-A-04-06,平方根－有理数と無理数,有理数と無理数,問題3,標準レベル,254.0,±20.0,0.0166,数式処理・数量関係の理解,小学校算数の四則計算・数量関係,中1入学時平均を0、中3卒業時平均を300とする運用尺度で、学年内の学習順、問題レベル、問題文の特徴から校正した暫定値。基礎・標準問題は300超えを目標にせず、発展・模試過去問で300超えを扱う前提です。,基礎：用語・公式・計算手順を1つずつ確認する単問中心。標準：複数条件や式変形を組み合わせ、見通しをもって処理する問題を入れる。
m-jh3-A-04-07b.txt,3-A-04-07,平方根－平方根の積と商,平方根の積と商,問題1,基礎レベル,232.6,±18.0,0.0140,数式処理・数量関係の理解,小学校算数の四則計算・数量関係,中1入学時平均を0、中3卒業時平均を300とする運用尺度で、学年内の学習順、問題レベル、問題文の特徴から校正した暫定値。基礎・標準問題は300超えを目標にせず、発展・模試過去問で300超えを扱う前提です。,基礎：用語・公式・計算手順を1つずつ確認する単問中心。標準：複数条件や式変形を組み合わせ、見通しをもって処理する問題を入れる。
m-jh3-A-04-07b.txt,3-A-04-07,平方根－平方根の積と商,平方根の積と商,問題2,基礎レベル,235.6,±18.0,0.0144,数式処理・数量関係の理解,小学校算数の四則計算・数量関係,中1入学時平均を0、中3卒業時平均を300とする運用尺度で、学年内の学習順、問題レベル、問題文の特徴から校正した暫定値。基礎・標準問題は300超えを目標にせず、発展・模試過去問で300超えを扱う前提です。,基礎：用語・公式・計算手順を1つずつ確認する単問中心。標準：複数条件や式変形を組み合わせ、見通しをもって処理する問題を入れる。
m-jh3-A-04-07b.txt,3-A-04-07,平方根－平方根の積と商,平方根の積と商,問題3,基礎レベル,238.6,±18.0,0.0148,数式処理・数量関係の理解,小学校算数の四則計算・数量関係,中1入学時平均を0、中3卒業時平均を300とする運用尺度で、学年内の学習順、問題レベル、問題文の特徴から校正した暫定値。基礎・標準問題は300超えを目標にせず、発展・模試過去問で300超えを扱う前提です。,基礎：用語・公式・計算手順を1つずつ確認する単問中心。標準：複数条件や式変形を組み合わせ、見通しをもって処理する問題を入れる。
m-jh3-A-04-07s.txt,3-A-04-07,平方根－平方根の積と商,平方根の積と商,問題1,標準レベル,249.1,±20.0,0.0158,数式処理・数量関係の理解,小学校算数の四則計算・数量関係,中1入学時平均を0、中3卒業時平均を300とする運用尺度で、学年内の学習順、問題レベル、問題文の特徴から校正した暫定値。基礎・標準問題は300超えを目標にせず、発展・模試過去問で300超えを扱う前提です。,基礎：用語・公式・計算手順を1つずつ確認する単問中心。標準：複数条件や式変形を組み合わせ、見通しをもって処理する問題を入れる。
m-jh3-A-04-07s.txt,3-A-04-07,平方根－平方根の積と商,平方根の積と商,問題2,標準レベル,252.1,±20.0,0.0162,数式処理・数量関係の理解,小学校算数の四則計算・数量関係,中1入学時平均を0、中3卒業時平均を300とする運用尺度で、学年内の学習順、問題レベル、問題文の特徴から校正した暫定値。基礎・標準問題は300超えを目標にせず、発展・模試過去問で300超えを扱う前提です。,基礎：用語・公式・計算手順を1つずつ確認する単問中心。標準：複数条件や式変形を組み合わせ、見通しをもって処理する問題を入れる。
m-jh3-A-04-08b.txt,3-A-04-08,平方根－平方根の変形,平方根の変形,問題1,基礎レベル,233.6,±18.0,0.0140,数式処理・数量関係の理解,小学校算数の四則計算・数量関係,中1入学時平均を0、中3卒業時平均を300とする運用尺度で、学年内の学習順、問題レベル、問題文の特徴から校正した暫定値。基礎・標準問題は300超えを目標にせず、発展・模試過去問で300超えを扱う前提です。,基礎：用語・公式・計算手順を1つずつ確認する単問中心。標準：複数条件や式変形を組み合わせ、見通しをもって処理する問題を入れる。
m-jh3-A-04-08b.txt,3-A-04-08,平方根－平方根の変形,平方根の変形,問題2,基礎レベル,236.6,±18.0,0.0144,数式処理・数量関係の理解,小学校算数の四則計算・数量関係,中1入学時平均を0、中3卒業時平均を300とする運用尺度で、学年内の学習順、問題レベル、問題文の特徴から校正した暫定値。基礎・標準問題は300超えを目標にせず、発展・模試過去問で300超えを扱う前提です。,基礎：用語・公式・計算手順を1つずつ確認する単問中心。標準：複数条件や式変形を組み合わせ、見通しをもって処理する問題を入れる。
m-jh3-A-04-08b.txt,3-A-04-08,平方根－平方根の変形,平方根の変形,問題3,基礎レベル,239.6,±18.0,0.0148,数式処理・数量関係の理解,小学校算数の四則計算・数量関係,中1入学時平均を0、中3卒業時平均を300とする運用尺度で、学年内の学習順、問題レベル、問題文の特徴から校正した暫定値。基礎・標準問題は300超えを目標にせず、発展・模試過去問で300超えを扱う前提です。,基礎：用語・公式・計算手順を1つずつ確認する単問中心。標準：複数条件や式変形を組み合わせ、見通しをもって処理する問題を入れる。
m-jh3-A-04-08s.txt,3-A-04-08,平方根－平方根の変形,平方根の変形,問題1,標準レベル,250.1,±20.0,0.0158,数式処理・数量関係の理解,小学校算数の四則計算・数量関係,中1入学時平均を0、中3卒業時平均を300とする運用尺度で、学年内の学習順、問題レベル、問題文の特徴から校正した暫定値。基礎・標準問題は300超えを目標にせず、発展・模試過去問で300超えを扱う前提です。,基礎：用語・公式・計算手順を1つずつ確認する単問中心。標準：複数条件や式変形を組み合わせ、見通しをもって処理する問題を入れる。
m-jh3-A-04-08s.txt,3-A-04-08,平方根－平方根の変形,平方根の変形,問題2,標準レベル,253.1,±20.0,0.0162,数式処理・数量関係の理解,小学校算数の四則計算・数量関係,中1入学時平均を0、中3卒業時平均を300とする運用尺度で、学年内の学習順、問題レベル、問題文の特徴から校正した暫定値。基礎・標準問題は300超えを目標にせず、発展・模試過去問で300超えを扱う前提です。,基礎：用語・公式・計算手順を1つずつ確認する単問中心。標準：複数条件や式変形を組み合わせ、見通しをもって処理する問題を入れる。
m-jh3-A-04-08s.txt,3-A-04-08,平方根－平方根の変形,平方根の変形,問題3,標準レベル,256.1,±20.0,0.0166,数式処理・数量関係の理解,小学校算数の四則計算・数量関係,中1入学時平均を0、中3卒業時平均を300とする運用尺度で、学年内の学習順、問題レベル、問題文の特徴から校正した暫定値。基礎・標準問題は300超えを目標にせず、発展・模試過去問で300超えを扱う前提です。,基礎：用語・公式・計算手順を1つずつ確認する単問中心。標準：複数条件や式変形を組み合わせ、見通しをもって処理する問題を入れる。
m-jh3-A-04-09b.txt,3-A-04-09,平方根－分母の有理化,分母の有理化,問題1,基礎レベル,234.6,±18.0,0.0140,数式処理・数量関係の理解,小学校算数の四則計算・数量関係,中1入学時平均を0、中3卒業時平均を300とする運用尺度で、学年内の学習順、問題レベル、問題文の特徴から校正した暫定値。基礎・標準問題は300超えを目標にせず、発展・模試過去問で300超えを扱う前提です。,基礎：用語・公式・計算手順を1つずつ確認する単問中心。標準：複数条件や式変形を組み合わせ、見通しをもって処理する問題を入れる。
m-jh3-A-04-09b.txt,3-A-04-09,平方根－分母の有理化,分母の有理化,問題2,基礎レベル,237.6,±18.0,0.0144,数式処理・数量関係の理解,小学校算数の四則計算・数量関係,中1入学時平均を0、中3卒業時平均を300とする運用尺度で、学年内の学習順、問題レベル、問題文の特徴から校正した暫定値。基礎・標準問題は300超えを目標にせず、発展・模試過去問で300超えを扱う前提です。,基礎：用語・公式・計算手順を1つずつ確認する単問中心。標準：複数条件や式変形を組み合わせ、見通しをもって処理する問題を入れる。
m-jh3-A-04-09s.txt,3-A-04-09,平方根－分母の有理化,分母の有理化,問題1,標準レベル,251.2,±20.0,0.0158,数式処理・数量関係の理解,小学校算数の四則計算・数量関係,中1入学時平均を0、中3卒業時平均を300とする運用尺度で、学年内の学習順、問題レベル、問題文の特徴から校正した暫定値。基礎・標準問題は300超えを目標にせず、発展・模試過去問で300超えを扱う前提です。,基礎：用語・公式・計算手順を1つずつ確認する単問中心。標準：複数条件や式変形を組み合わせ、見通しをもって処理する問題を入れる。
m-jh3-A-04-09s.txt,3-A-04-09,平方根－分母の有理化,分母の有理化,問題2,標準レベル,254.2,±20.0,0.0162,数式処理・数量関係の理解,小学校算数の四則計算・数量関係,中1入学時平均を0、中3卒業時平均を300とする運用尺度で、学年内の学習順、問題レベル、問題文の特徴から校正した暫定値。基礎・標準問題は300超えを目標にせず、発展・模試過去問で300超えを扱う前提です。,基礎：用語・公式・計算手順を1つずつ確認する単問中心。標準：複数条件や式変形を組み合わせ、見通しをもって処理する問題を入れる。
m-jh3-A-04-10b.txt,3-A-04-10,平方根－根号を含む式の乗法や除法,根号を含む式の乗法や除法,問題1,基礎レベル,235.7,±18.0,0.0140,数式処理・数量関係の理解,小学校算数の四則計算・数量関係,中1入学時平均を0、中3卒業時平均を300とする運用尺度で、学年内の学習順、問題レベル、問題文の特徴から校正した暫定値。基礎・標準問題は300超えを目標にせず、発展・模試過去問で300超えを扱う前提です。,基礎：用語・公式・計算手順を1つずつ確認する単問中心。標準：複数条件や式変形を組み合わせ、見通しをもって処理する問題を入れる。
m-jh3-A-04-10b.txt,3-A-04-10,平方根－根号を含む式の乗法や除法,根号を含む式の乗法や除法,問題2,基礎レベル,238.7,±18.0,0.0144,数式処理・数量関係の理解,小学校算数の四則計算・数量関係,中1入学時平均を0、中3卒業時平均を300とする運用尺度で、学年内の学習順、問題レベル、問題文の特徴から校正した暫定値。基礎・標準問題は300超えを目標にせず、発展・模試過去問で300超えを扱う前提です。,基礎：用語・公式・計算手順を1つずつ確認する単問中心。標準：複数条件や式変形を組み合わせ、見通しをもって処理する問題を入れる。
m-jh3-A-04-10b.txt,3-A-04-10,平方根－根号を含む式の乗法や除法,根号を含む式の乗法や除法,問題3,基礎レベル,241.7,±18.0,0.0148,数式処理・数量関係の理解,小学校算数の四則計算・数量関係,中1入学時平均を0、中3卒業時平均を300とする運用尺度で、学年内の学習順、問題レベル、問題文の特徴から校正した暫定値。基礎・標準問題は300超えを目標にせず、発展・模試過去問で300超えを扱う前提です。,基礎：用語・公式・計算手順を1つずつ確認する単問中心。標準：複数条件や式変形を組み合わせ、見通しをもって処理する問題を入れる。
m-jh3-A-04-10b.txt,3-A-04-10,平方根－根号を含む式の乗法や除法,根号を含む式の乗法や除法,問題4,基礎レベル,244.7,±18.0,0.0152,数式処理・数量関係の理解,小学校算数の四則計算・数量関係,中1入学時平均を0、中3卒業時平均を300とする運用尺度で、学年内の学習順、問題レベル、問題文の特徴から校正した暫定値。基礎・標準問題は300超えを目標にせず、発展・模試過去問で300超えを扱う前提です。,基礎：用語・公式・計算手順を1つずつ確認する単問中心。標準：複数条件や式変形を組み合わせ、見通しをもって処理する問題を入れる。
m-jh3-A-04-10s.txt,3-A-04-10,平方根－根号を含む式の乗法や除法,根号を含む式の乗法や除法,問題1,標準レベル,252.2,±20.0,0.0158,数式処理・数量関係の理解,小学校算数の四則計算・数量関係,中1入学時平均を0、中3卒業時平均を300とする運用尺度で、学年内の学習順、問題レベル、問題文の特徴から校正した暫定値。基礎・標準問題は300超えを目標にせず、発展・模試過去問で300超えを扱う前提です。,基礎：用語・公式・計算手順を1つずつ確認する単問中心。標準：複数条件や式変形を組み合わせ、見通しをもって処理する問題を入れる。
m-jh3-A-04-10s.txt,3-A-04-10,平方根－根号を含む式の乗法や除法,根号を含む式の乗法や除法,問題2,標準レベル,255.2,±20.0,0.0162,数式処理・数量関係の理解,小学校算数の四則計算・数量関係,中1入学時平均を0、中3卒業時平均を300とする運用尺度で、学年内の学習順、問題レベル、問題文の特徴から校正した暫定値。基礎・標準問題は300超えを目標にせず、発展・模試過去問で300超えを扱う前提です。,基礎：用語・公式・計算手順を1つずつ確認する単問中心。標準：複数条件や式変形を組み合わせ、見通しをもって処理する問題を入れる。
m-jh3-A-04-10s.txt,3-A-04-10,平方根－根号を含む式の乗法や除法,根号を含む式の乗法や除法,問題3,標準レベル,258.2,±20.0,0.0166,数式処理・数量関係の理解,小学校算数の四則計算・数量関係,中1入学時平均を0、中3卒業時平均を300とする運用尺度で、学年内の学習順、問題レベル、問題文の特徴から校正した暫定値。基礎・標準問題は300超えを目標にせず、発展・模試過去問で300超えを扱う前提です。,基礎：用語・公式・計算手順を1つずつ確認する単問中心。標準：複数条件や式変形を組み合わせ、見通しをもって処理する問題を入れる。
m-jh3-A-04-10s.txt,3-A-04-10,平方根－根号を含む式の乗法や除法,根号を含む式の乗法や除法,問題4,標準レベル,261.2,±20.0,0.0170,数式処理・数量関係の理解,小学校算数の四則計算・数量関係,中1入学時平均を0、中3卒業時平均を300とする運用尺度で、学年内の学習順、問題レベル、問題文の特徴から校正した暫定値。基礎・標準問題は300超えを目標にせず、発展・模試過去問で300超えを扱う前提です。,基礎：用語・公式・計算手順を1つずつ確認する単問中心。標準：複数条件や式変形を組み合わせ、見通しをもって処理する問題を入れる。
m-jh3-A-04-11b.txt,3-A-04-11,平方根－根号をふくむ式の加法と減法（根号の中の数が同じ場合）,根号をふくむ式の加法と減法（根号の中の数が同じ場合）,問題1,基礎レベル,236.7,±18.0,0.0140,数式処理・数量関係の理解,小学校算数の四則計算・数量関係,中1入学時平均を0、中3卒業時平均を300とする運用尺度で、学年内の学習順、問題レベル、問題文の特徴から校正した暫定値。基礎・標準問題は300超えを目標にせず、発展・模試過去問で300超えを扱う前提です。,基礎：用語・公式・計算手順を1つずつ確認する単問中心。標準：複数条件や式変形を組み合わせ、見通しをもって処理する問題を入れる。
m-jh3-A-04-11b.txt,3-A-04-11,平方根－根号をふくむ式の加法と減法（根号の中の数が同じ場合）,根号をふくむ式の加法と減法（根号の中の数が同じ場合）,問題2,基礎レベル,239.7,±18.0,0.0144,数式処理・数量関係の理解,小学校算数の四則計算・数量関係,中1入学時平均を0、中3卒業時平均を300とする運用尺度で、学年内の学習順、問題レベル、問題文の特徴から校正した暫定値。基礎・標準問題は300超えを目標にせず、発展・模試過去問で300超えを扱う前提です。,基礎：用語・公式・計算手順を1つずつ確認する単問中心。標準：複数条件や式変形を組み合わせ、見通しをもって処理する問題を入れる。
m-jh3-A-04-11s.txt,3-A-04-11,平方根－根号をふくむ式の加法と減法（根号の中の数が同じ場合）,根号をふくむ式の加法と減法（根号の中の数が同じ場合）,問題1,標準レベル,253.3,±20.0,0.0158,数式処理・数量関係の理解,小学校算数の四則計算・数量関係,中1入学時平均を0、中3卒業時平均を300とする運用尺度で、学年内の学習順、問題レベル、問題文の特徴から校正した暫定値。基礎・標準問題は300超えを目標にせず、発展・模試過去問で300超えを扱う前提です。,基礎：用語・公式・計算手順を1つずつ確認する単問中心。標準：複数条件や式変形を組み合わせ、見通しをもって処理する問題を入れる。
m-jh3-A-04-11s.txt,3-A-04-11,平方根－根号をふくむ式の加法と減法（根号の中の数が同じ場合）,根号をふくむ式の加法と減法（根号の中の数が同じ場合）,問題2,標準レベル,256.3,±20.0,0.0162,数式処理・数量関係の理解,小学校算数の四則計算・数量関係,中1入学時平均を0、中3卒業時平均を300とする運用尺度で、学年内の学習順、問題レベル、問題文の特徴から校正した暫定値。基礎・標準問題は300超えを目標にせず、発展・模試過去問で300超えを扱う前提です。,基礎：用語・公式・計算手順を1つずつ確認する単問中心。標準：複数条件や式変形を組み合わせ、見通しをもって処理する問題を入れる。
m-jh3-A-04-12b.txt,3-A-04-12,平方根－根号をふくむ式の加法と減法（根号の中の数を合わせられる場合）,根号をふくむ式の加法と減法（根号の中の数を合わせられる場合）,問題1,基礎レベル,237.8,±18.0,0.0140,数式処理・数量関係の理解,小学校算数の四則計算・数量関係,中1入学時平均を0、中3卒業時平均を300とする運用尺度で、学年内の学習順、問題レベル、問題文の特徴から校正した暫定値。基礎・標準問題は300超えを目標にせず、発展・模試過去問で300超えを扱う前提です。,基礎：用語・公式・計算手順を1つずつ確認する単問中心。標準：複数条件や式変形を組み合わせ、見通しをもって処理する問題を入れる。
m-jh3-A-04-12b.txt,3-A-04-12,平方根－根号をふくむ式の加法と減法（根号の中の数を合わせられる場合）,根号をふくむ式の加法と減法（根号の中の数を合わせられる場合）,問題2,基礎レベル,240.8,±18.0,0.0144,数式処理・数量関係の理解,小学校算数の四則計算・数量関係,中1入学時平均を0、中3卒業時平均を300とする運用尺度で、学年内の学習順、問題レベル、問題文の特徴から校正した暫定値。基礎・標準問題は300超えを目標にせず、発展・模試過去問で300超えを扱う前提です。,基礎：用語・公式・計算手順を1つずつ確認する単問中心。標準：複数条件や式変形を組み合わせ、見通しをもって処理する問題を入れる。
m-jh3-A-04-12s.txt,3-A-04-12,平方根－根号をふくむ式の加法と減法（根号の中の数を合わせられる場合）,根号をふくむ式の加法と減法（根号の中の数を合わせられる場合）,問題1,標準レベル,254.3,±20.0,0.0158,数式処理・数量関係の理解,小学校算数の四則計算・数量関係,中1入学時平均を0、中3卒業時平均を300とする運用尺度で、学年内の学習順、問題レベル、問題文の特徴から校正した暫定値。基礎・標準問題は300超えを目標にせず、発展・模試過去問で300超えを扱う前提です。,基礎：用語・公式・計算手順を1つずつ確認する単問中心。標準：複数条件や式変形を組み合わせ、見通しをもって処理する問題を入れる。
m-jh3-A-04-12s.txt,3-A-04-12,平方根－根号をふくむ式の加法と減法（根号の中の数を合わせられる場合）,根号をふくむ式の加法と減法（根号の中の数を合わせられる場合）,問題2,標準レベル,257.3,±20.0,0.0162,数式処理・数量関係の理解,小学校算数の四則計算・数量関係,中1入学時平均を0、中3卒業時平均を300とする運用尺度で、学年内の学習順、問題レベル、問題文の特徴から校正した暫定値。基礎・標準問題は300超えを目標にせず、発展・模試過去問で300超えを扱う前提です。,基礎：用語・公式・計算手順を1つずつ確認する単問中心。標準：複数条件や式変形を組み合わせ、見通しをもって処理する問題を入れる。
m-jh3-A-04-13b.txt,3-A-04-13,平方根－根号をふくむ式の加法と減法（有理化を利用した計算）,根号をふくむ式の加法と減法（有理化を利用した計算）,問題1,基礎レベル,238.8,±18.0,0.0140,数式処理・数量関係の理解,小学校算数の四則計算・数量関係,中1入学時平均を0、中3卒業時平均を300とする運用尺度で、学年内の学習順、問題レベル、問題文の特徴から校正した暫定値。基礎・標準問題は300超えを目標にせず、発展・模試過去問で300超えを扱う前提です。,基礎：用語・公式・計算手順を1つずつ確認する単問中心。標準：複数条件や式変形を組み合わせ、見通しをもって処理する問題を入れる。
m-jh3-A-04-13b.txt,3-A-04-13,平方根－根号をふくむ式の加法と減法（有理化を利用した計算）,根号をふくむ式の加法と減法（有理化を利用した計算）,問題2,基礎レベル,241.8,±18.0,0.0144,数式処理・数量関係の理解,小学校算数の四則計算・数量関係,中1入学時平均を0、中3卒業時平均を300とする運用尺度で、学年内の学習順、問題レベル、問題文の特徴から校正した暫定値。基礎・標準問題は300超えを目標にせず、発展・模試過去問で300超えを扱う前提です。,基礎：用語・公式・計算手順を1つずつ確認する単問中心。標準：複数条件や式変形を組み合わせ、見通しをもって処理する問題を入れる。
m-jh3-A-04-13s.txt,3-A-04-13,平方根－根号をふくむ式の加法と減法（有理化を利用した計算）,根号をふくむ式の加法と減法（有理化を利用した計算）,問題1,標準レベル,255.3,±20.0,0.0158,数式処理・数量関係の理解,小学校算数の四則計算・数量関係,中1入学時平均を0、中3卒業時平均を300とする運用尺度で、学年内の学習順、問題レベル、問題文の特徴から校正した暫定値。基礎・標準問題は300超えを目標にせず、発展・模試過去問で300超えを扱う前提です。,基礎：用語・公式・計算手順を1つずつ確認する単問中心。標準：複数条件や式変形を組み合わせ、見通しをもって処理する問題を入れる。
m-jh3-A-04-13s.txt,3-A-04-13,平方根－根号をふくむ式の加法と減法（有理化を利用した計算）,根号をふくむ式の加法と減法（有理化を利用した計算）,問題2,標準レベル,258.3,±20.0,0.0162,数式処理・数量関係の理解,小学校算数の四則計算・数量関係,中1入学時平均を0、中3卒業時平均を300とする運用尺度で、学年内の学習順、問題レベル、問題文の特徴から校正した暫定値。基礎・標準問題は300超えを目標にせず、発展・模試過去問で300超えを扱う前提です。,基礎：用語・公式・計算手順を1つずつ確認する単問中心。標準：複数条件や式変形を組み合わせ、見通しをもって処理する問題を入れる。
m-jh3-A-04-14b.txt,3-A-04-14,平方根－分配法則を利用した平方根の計算,分配法則を利用した平方根の計算,問題1,基礎レベル,239.9,±18.0,0.0140,数式処理・数量関係の理解,小学校算数の四則計算・数量関係,中1入学時平均を0、中3卒業時平均を300とする運用尺度で、学年内の学習順、問題レベル、問題文の特徴から校正した暫定値。基礎・標準問題は300超えを目標にせず、発展・模試過去問で300超えを扱う前提です。,基礎：用語・公式・計算手順を1つずつ確認する単問中心。標準：複数条件や式変形を組み合わせ、見通しをもって処理する問題を入れる。
m-jh3-A-04-14b.txt,3-A-04-14,平方根－分配法則を利用した平方根の計算,分配法則を利用した平方根の計算,問題2,基礎レベル,242.9,±18.0,0.0144,数式処理・数量関係の理解,小学校算数の四則計算・数量関係,中1入学時平均を0、中3卒業時平均を300とする運用尺度で、学年内の学習順、問題レベル、問題文の特徴から校正した暫定値。基礎・標準問題は300超えを目標にせず、発展・模試過去問で300超えを扱う前提です。,基礎：用語・公式・計算手順を1つずつ確認する単問中心。標準：複数条件や式変形を組み合わせ、見通しをもって処理する問題を入れる。
m-jh3-A-04-14s.txt,3-A-04-14,平方根－分配法則を利用した平方根の計算,分配法則を利用した平方根の計算,問題1,標準レベル,256.4,±20.0,0.0158,数式処理・数量関係の理解,小学校算数の四則計算・数量関係,中1入学時平均を0、中3卒業時平均を300とする運用尺度で、学年内の学習順、問題レベル、問題文の特徴から校正した暫定値。基礎・標準問題は300超えを目標にせず、発展・模試過去問で300超えを扱う前提です。,基礎：用語・公式・計算手順を1つずつ確認する単問中心。標準：複数条件や式変形を組み合わせ、見通しをもって処理する問題を入れる。
m-jh3-A-04-14s.txt,3-A-04-14,平方根－分配法則を利用した平方根の計算,分配法則を利用した平方根の計算,問題2,標準レベル,259.4,±20.0,0.0162,数式処理・数量関係の理解,小学校算数の四則計算・数量関係,中1入学時平均を0、中3卒業時平均を300とする運用尺度で、学年内の学習順、問題レベル、問題文の特徴から校正した暫定値。基礎・標準問題は300超えを目標にせず、発展・模試過去問で300超えを扱う前提です。,基礎：用語・公式・計算手順を1つずつ確認する単問中心。標準：複数条件や式変形を組み合わせ、見通しをもって処理する問題を入れる。
m-jh3-A-04-15b.txt,3-A-04-15,平方根－乗法の公式を利用した計算,乗法の公式を利用した計算,問題1,基礎レベル,240.9,±18.0,0.0140,数式処理・数量関係の理解,小学校算数の四則計算・数量関係,中1入学時平均を0、中3卒業時平均を300とする運用尺度で、学年内の学習順、問題レベル、問題文の特徴から校正した暫定値。基礎・標準問題は300超えを目標にせず、発展・模試過去問で300超えを扱う前提です。,基礎：用語・公式・計算手順を1つずつ確認する単問中心。標準：複数条件や式変形を組み合わせ、見通しをもって処理する問題を入れる。
m-jh3-A-04-15b.txt,3-A-04-15,平方根－乗法の公式を利用した計算,乗法の公式を利用した計算,問題2,基礎レベル,243.9,±18.0,0.0144,数式処理・数量関係の理解,小学校算数の四則計算・数量関係,中1入学時平均を0、中3卒業時平均を300とする運用尺度で、学年内の学習順、問題レベル、問題文の特徴から校正した暫定値。基礎・標準問題は300超えを目標にせず、発展・模試過去問で300超えを扱う前提です。,基礎：用語・公式・計算手順を1つずつ確認する単問中心。標準：複数条件や式変形を組み合わせ、見通しをもって処理する問題を入れる。
m-jh3-A-04-15b.txt,3-A-04-15,平方根－乗法の公式を利用した計算,乗法の公式を利用した計算,問題3,基礎レベル,246.9,±18.0,0.0148,数式処理・数量関係の理解,小学校算数の四則計算・数量関係,中1入学時平均を0、中3卒業時平均を300とする運用尺度で、学年内の学習順、問題レベル、問題文の特徴から校正した暫定値。基礎・標準問題は300超えを目標にせず、発展・模試過去問で300超えを扱う前提です。,基礎：用語・公式・計算手順を1つずつ確認する単問中心。標準：複数条件や式変形を組み合わせ、見通しをもって処理する問題を入れる。
m-jh3-A-04-15b.txt,3-A-04-15,平方根－乗法の公式を利用した計算,乗法の公式を利用した計算,問題4,基礎レベル,249.9,±18.0,0.0152,数式処理・数量関係の理解,小学校算数の四則計算・数量関係,中1入学時平均を0、中3卒業時平均を300とする運用尺度で、学年内の学習順、問題レベル、問題文の特徴から校正した暫定値。基礎・標準問題は300超えを目標にせず、発展・模試過去問で300超えを扱う前提です。,基礎：用語・公式・計算手順を1つずつ確認する単問中心。標準：複数条件や式変形を組み合わせ、見通しをもって処理する問題を入れる。
m-jh3-A-04-15s.txt,3-A-04-15,平方根－乗法の公式を利用した計算,乗法の公式を利用した計算,問題1,標準レベル,257.4,±20.0,0.0158,数式処理・数量関係の理解,小学校算数の四則計算・数量関係,中1入学時平均を0、中3卒業時平均を300とする運用尺度で、学年内の学習順、問題レベル、問題文の特徴から校正した暫定値。基礎・標準問題は300超えを目標にせず、発展・模試過去問で300超えを扱う前提です。,基礎：用語・公式・計算手順を1つずつ確認する単問中心。標準：複数条件や式変形を組み合わせ、見通しをもって処理する問題を入れる。
m-jh3-A-04-15s.txt,3-A-04-15,平方根－乗法の公式を利用した計算,乗法の公式を利用した計算,問題2,標準レベル,260.4,±20.0,0.0162,数式処理・数量関係の理解,小学校算数の四則計算・数量関係,中1入学時平均を0、中3卒業時平均を300とする運用尺度で、学年内の学習順、問題レベル、問題文の特徴から校正した暫定値。基礎・標準問題は300超えを目標にせず、発展・模試過去問で300超えを扱う前提です。,基礎：用語・公式・計算手順を1つずつ確認する単問中心。標準：複数条件や式変形を組み合わせ、見通しをもって処理する問題を入れる。
m-jh3-A-04-15s.txt,3-A-04-15,平方根－乗法の公式を利用した計算,乗法の公式を利用した計算,問題3,標準レベル,263.4,±20.0,0.0166,数式処理・数量関係の理解,小学校算数の四則計算・数量関係,中1入学時平均を0、中3卒業時平均を300とする運用尺度で、学年内の学習順、問題レベル、問題文の特徴から校正した暫定値。基礎・標準問題は300超えを目標にせず、発展・模試過去問で300超えを扱う前提です。,基礎：用語・公式・計算手順を1つずつ確認する単問中心。標準：複数条件や式変形を組み合わせ、見通しをもって処理する問題を入れる。
m-jh3-A-04-15s.txt,3-A-04-15,平方根－乗法の公式を利用した計算,乗法の公式を利用した計算,問題4,標準レベル,266.4,±20.0,0.0170,数式処理・数量関係の理解,小学校算数の四則計算・数量関係,中1入学時平均を0、中3卒業時平均を300とする運用尺度で、学年内の学習順、問題レベル、問題文の特徴から校正した暫定値。基礎・標準問題は300超えを目標にせず、発展・模試過去問で300超えを扱う前提です。,基礎：用語・公式・計算手順を1つずつ確認する単問中心。標準：複数条件や式変形を組み合わせ、見通しをもって処理する問題を入れる。
m-jh3-A-04-16b.txt,3-A-04-16,平方根－平方根の近似値,平方根の近似値,問題1,基礎レベル,242.0,±18.0,0.0140,数式処理・数量関係の理解,小学校算数の四則計算・数量関係,中1入学時平均を0、中3卒業時平均を300とする運用尺度で、学年内の学習順、問題レベル、問題文の特徴から校正した暫定値。基礎・標準問題は300超えを目標にせず、発展・模試過去問で300超えを扱う前提です。,基礎：用語・公式・計算手順を1つずつ確認する単問中心。標準：複数条件や式変形を組み合わせ、見通しをもって処理する問題を入れる。
m-jh3-A-04-16b.txt,3-A-04-16,平方根－平方根の近似値,平方根の近似値,問題2,基礎レベル,245.0,±18.0,0.0144,数式処理・数量関係の理解,小学校算数の四則計算・数量関係,中1入学時平均を0、中3卒業時平均を300とする運用尺度で、学年内の学習順、問題レベル、問題文の特徴から校正した暫定値。基礎・標準問題は300超えを目標にせず、発展・模試過去問で300超えを扱う前提です。,基礎：用語・公式・計算手順を1つずつ確認する単問中心。標準：複数条件や式変形を組み合わせ、見通しをもって処理する問題を入れる。
m-jh3-A-04-16s.txt,3-A-04-16,平方根－平方根の近似値,平方根の近似値,問題1,標準レベル,258.5,±20.0,0.0158,数式処理・数量関係の理解,小学校算数の四則計算・数量関係,中1入学時平均を0、中3卒業時平均を300とする運用尺度で、学年内の学習順、問題レベル、問題文の特徴から校正した暫定値。基礎・標準問題は300超えを目標にせず、発展・模試過去問で300超えを扱う前提です。,基礎：用語・公式・計算手順を1つずつ確認する単問中心。標準：複数条件や式変形を組み合わせ、見通しをもって処理する問題を入れる。
m-jh3-A-04-16s.txt,3-A-04-16,平方根－平方根の近似値,平方根の近似値,問題2,標準レベル,261.5,±20.0,0.0162,数式処理・数量関係の理解,小学校算数の四則計算・数量関係,中1入学時平均を0、中3卒業時平均を300とする運用尺度で、学年内の学習順、問題レベル、問題文の特徴から校正した暫定値。基礎・標準問題は300超えを目標にせず、発展・模試過去問で300超えを扱う前提です。,基礎：用語・公式・計算手順を1つずつ確認する単問中心。標準：複数条件や式変形を組み合わせ、見通しをもって処理する問題を入れる。
m-jh3-A-04-17b.txt,3-A-04-17,平方根－平方根の計算,平方根の計算,問題1,基礎レベル,243.0,±18.0,0.0140,数式処理・数量関係の理解,小学校算数の四則計算・数量関係,中1入学時平均を0、中3卒業時平均を300とする運用尺度で、学年内の学習順、問題レベル、問題文の特徴から校正した暫定値。基礎・標準問題は300超えを目標にせず、発展・模試過去問で300超えを扱う前提です。,基礎：用語・公式・計算手順を1つずつ確認する単問中心。標準：複数条件や式変形を組み合わせ、見通しをもって処理する問題を入れる。
m-jh3-A-04-17b.txt,3-A-04-17,平方根－平方根の計算,平方根の計算,問題2,基礎レベル,246.0,±18.0,0.0144,数式処理・数量関係の理解,小学校算数の四則計算・数量関係,中1入学時平均を0、中3卒業時平均を300とする運用尺度で、学年内の学習順、問題レベル、問題文の特徴から校正した暫定値。基礎・標準問題は300超えを目標にせず、発展・模試過去問で300超えを扱う前提です。,基礎：用語・公式・計算手順を1つずつ確認する単問中心。標準：複数条件や式変形を組み合わせ、見通しをもって処理する問題を入れる。
m-jh3-A-04-17s.txt,3-A-04-17,平方根－平方根の計算,平方根の計算,問題1,標準レベル,259.5,±20.0,0.0158,数式処理・数量関係の理解,小学校算数の四則計算・数量関係,中1入学時平均を0、中3卒業時平均を300とする運用尺度で、学年内の学習順、問題レベル、問題文の特徴から校正した暫定値。基礎・標準問題は300超えを目標にせず、発展・模試過去問で300超えを扱う前提です。,基礎：用語・公式・計算手順を1つずつ確認する単問中心。標準：複数条件や式変形を組み合わせ、見通しをもって処理する問題を入れる。
m-jh3-A-04-17s.txt,3-A-04-17,平方根－平方根の計算,平方根の計算,問題2,標準レベル,262.5,±20.0,0.0162,数式処理・数量関係の理解,小学校算数の四則計算・数量関係,中1入学時平均を0、中3卒業時平均を300とする運用尺度で、学年内の学習順、問題レベル、問題文の特徴から校正した暫定値。基礎・標準問題は300超えを目標にせず、発展・模試過去問で300超えを扱う前提です。,基礎：用語・公式・計算手順を1つずつ確認する単問中心。標準：複数条件や式変形を組み合わせ、見通しをもって処理する問題を入れる。
m-jh3-A-04-18b.txt,3-A-04-18,平方根－近似値と有効数字,近似値と有効数字,問題1,基礎レベル,244.0,±18.0,0.0140,数式処理・数量関係の理解,小学校算数の四則計算・数量関係,中1入学時平均を0、中3卒業時平均を300とする運用尺度で、学年内の学習順、問題レベル、問題文の特徴から校正した暫定値。基礎・標準問題は300超えを目標にせず、発展・模試過去問で300超えを扱う前提です。,基礎：用語・公式・計算手順を1つずつ確認する単問中心。標準：複数条件や式変形を組み合わせ、見通しをもって処理する問題を入れる。
m-jh3-A-04-18b.txt,3-A-04-18,平方根－近似値と有効数字,近似値と有効数字,問題2,基礎レベル,247.0,±18.0,0.0144,数式処理・数量関係の理解,小学校算数の四則計算・数量関係,中1入学時平均を0、中3卒業時平均を300とする運用尺度で、学年内の学習順、問題レベル、問題文の特徴から校正した暫定値。基礎・標準問題は300超えを目標にせず、発展・模試過去問で300超えを扱う前提です。,基礎：用語・公式・計算手順を1つずつ確認する単問中心。標準：複数条件や式変形を組み合わせ、見通しをもって処理する問題を入れる。
m-jh3-A-04-18s.txt,3-A-04-18,平方根－近似値と有効数字,近似値と有効数字,問題1,標準レベル,260.6,±20.0,0.0158,数式処理・数量関係の理解,小学校算数の四則計算・数量関係,中1入学時平均を0、中3卒業時平均を300とする運用尺度で、学年内の学習順、問題レベル、問題文の特徴から校正した暫定値。基礎・標準問題は300超えを目標にせず、発展・模試過去問で300超えを扱う前提です。,基礎：用語・公式・計算手順を1つずつ確認する単問中心。標準：複数条件や式変形を組み合わせ、見通しをもって処理する問題を入れる。
m-jh3-A-04-18s.txt,3-A-04-18,平方根－近似値と有効数字,近似値と有効数字,問題2,標準レベル,263.6,±20.0,0.0162,数式処理・数量関係の理解,小学校算数の四則計算・数量関係,中1入学時平均を0、中3卒業時平均を300とする運用尺度で、学年内の学習順、問題レベル、問題文の特徴から校正した暫定値。基礎・標準問題は300超えを目標にせず、発展・模試過去問で300超えを扱う前提です。,基礎：用語・公式・計算手順を1つずつ確認する単問中心。標準：複数条件や式変形を組み合わせ、見通しをもって処理する問題を入れる。
m-jh3-A-05-01b.txt,3-A-05-01,2次方程式－2次方程式とその解,2次方程式とその解,問題1,基礎レベル,245.1,±18.0,0.0140,数式処理・数量関係の理解,小学校算数の四則計算・数量関係,中1入学時平均を0、中3卒業時平均を300とする運用尺度で、学年内の学習順、問題レベル、問題文の特徴から校正した暫定値。基礎・標準問題は300超えを目標にせず、発展・模試過去問で300超えを扱う前提です。,基礎：用語・公式・計算手順を1つずつ確認する単問中心。標準：複数条件や式変形を組み合わせ、見通しをもって処理する問題を入れる。
m-jh3-A-05-01b.txt,3-A-05-01,2次方程式－2次方程式とその解,2次方程式とその解,問題2,基礎レベル,248.1,±18.0,0.0144,数式処理・数量関係の理解,小学校算数の四則計算・数量関係,中1入学時平均を0、中3卒業時平均を300とする運用尺度で、学年内の学習順、問題レベル、問題文の特徴から校正した暫定値。基礎・標準問題は300超えを目標にせず、発展・模試過去問で300超えを扱う前提です。,基礎：用語・公式・計算手順を1つずつ確認する単問中心。標準：複数条件や式変形を組み合わせ、見通しをもって処理する問題を入れる。
m-jh3-A-05-01b.txt,3-A-05-01,2次方程式－2次方程式とその解,2次方程式とその解,問題3,基礎レベル,251.1,±18.0,0.0148,数式処理・数量関係の理解,小学校算数の四則計算・数量関係,中1入学時平均を0、中3卒業時平均を300とする運用尺度で、学年内の学習順、問題レベル、問題文の特徴から校正した暫定値。基礎・標準問題は300超えを目標にせず、発展・模試過去問で300超えを扱う前提です。,基礎：用語・公式・計算手順を1つずつ確認する単問中心。標準：複数条件や式変形を組み合わせ、見通しをもって処理する問題を入れる。
m-jh3-A-05-02b.txt,3-A-05-02,2次方程式－因数分解された形式の2次方程式の解き方,因数分解された形式の2次方程式の解き方,問題1,基礎レベル,245.6,±18.0,0.0140,数式処理・数量関係の理解,小学校算数の四則計算・数量関係,中1入学時平均を0、中3卒業時平均を300とする運用尺度で、学年内の学習順、問題レベル、問題文の特徴から校正した暫定値。基礎・標準問題は300超えを目標にせず、発展・模試過去問で300超えを扱う前提です。,基礎：用語・公式・計算手順を1つずつ確認する単問中心。標準：複数条件や式変形を組み合わせ、見通しをもって処理する問題を入れる。
m-jh3-A-05-02b.txt,3-A-05-02,2次方程式－因数分解された形式の2次方程式の解き方,因数分解された形式の2次方程式の解き方,問題2,基礎レベル,248.6,±18.0,0.0144,数式処理・数量関係の理解,小学校算数の四則計算・数量関係,中1入学時平均を0、中3卒業時平均を300とする運用尺度で、学年内の学習順、問題レベル、問題文の特徴から校正した暫定値。基礎・標準問題は300超えを目標にせず、発展・模試過去問で300超えを扱う前提です。,基礎：用語・公式・計算手順を1つずつ確認する単問中心。標準：複数条件や式変形を組み合わせ、見通しをもって処理する問題を入れる。
m-jh3-A-05-02s.txt,3-A-05-02,2次方程式－因数分解された形式の2次方程式の解き方,因数分解された形式の2次方程式の解き方,問題1,標準レベル,262.1,±20.0,0.0158,数式処理・数量関係の理解,小学校算数の四則計算・数量関係,中1入学時平均を0、中3卒業時平均を300とする運用尺度で、学年内の学習順、問題レベル、問題文の特徴から校正した暫定値。基礎・標準問題は300超えを目標にせず、発展・模試過去問で300超えを扱う前提です。,基礎：用語・公式・計算手順を1つずつ確認する単問中心。標準：複数条件や式変形を組み合わせ、見通しをもって処理する問題を入れる。
m-jh3-A-05-02s.txt,3-A-05-02,2次方程式－因数分解された形式の2次方程式の解き方,因数分解された形式の2次方程式の解き方,問題2,標準レベル,265.1,±20.0,0.0162,数式処理・数量関係の理解,小学校算数の四則計算・数量関係,中1入学時平均を0、中3卒業時平均を300とする運用尺度で、学年内の学習順、問題レベル、問題文の特徴から校正した暫定値。基礎・標準問題は300超えを目標にせず、発展・模試過去問で300超えを扱う前提です。,基礎：用語・公式・計算手順を1つずつ確認する単問中心。標準：複数条件や式変形を組み合わせ、見通しをもって処理する問題を入れる。
m-jh3-A-05-02s.txt,3-A-05-02,2次方程式－因数分解された形式の2次方程式の解き方,因数分解された形式の2次方程式の解き方,問題3,標準レベル,268.1,±20.0,0.0166,数式処理・数量関係の理解,小学校算数の四則計算・数量関係,中1入学時平均を0、中3卒業時平均を300とする運用尺度で、学年内の学習順、問題レベル、問題文の特徴から校正した暫定値。基礎・標準問題は300超えを目標にせず、発展・模試過去問で300超えを扱う前提です。,基礎：用語・公式・計算手順を1つずつ確認する単問中心。標準：複数条件や式変形を組み合わせ、見通しをもって処理する問題を入れる。
m-jh3-A-05-03b.txt,3-A-05-03,2次方程式－因数分解して解く2次方程式,因数分解して解く2次方程式,問題1,基礎レベル,246.7,±18.0,0.0140,数式処理・数量関係の理解,小学校算数の四則計算・数量関係,中1入学時平均を0、中3卒業時平均を300とする運用尺度で、学年内の学習順、問題レベル、問題文の特徴から校正した暫定値。基礎・標準問題は300超えを目標にせず、発展・模試過去問で300超えを扱う前提です。,基礎：用語・公式・計算手順を1つずつ確認する単問中心。標準：複数条件や式変形を組み合わせ、見通しをもって処理する問題を入れる。
m-jh3-A-05-03b.txt,3-A-05-03,2次方程式－因数分解して解く2次方程式,因数分解して解く2次方程式,問題2,基礎レベル,249.7,±18.0,0.0144,数式処理・数量関係の理解,小学校算数の四則計算・数量関係,中1入学時平均を0、中3卒業時平均を300とする運用尺度で、学年内の学習順、問題レベル、問題文の特徴から校正した暫定値。基礎・標準問題は300超えを目標にせず、発展・模試過去問で300超えを扱う前提です。,基礎：用語・公式・計算手順を1つずつ確認する単問中心。標準：複数条件や式変形を組み合わせ、見通しをもって処理する問題を入れる。
m-jh3-A-05-03s.txt,3-A-05-03,2次方程式－因数分解して解く2次方程式,因数分解して解く2次方程式,問題1,標準レベル,263.2,±20.0,0.0158,数式処理・数量関係の理解,小学校算数の四則計算・数量関係,中1入学時平均を0、中3卒業時平均を300とする運用尺度で、学年内の学習順、問題レベル、問題文の特徴から校正した暫定値。基礎・標準問題は300超えを目標にせず、発展・模試過去問で300超えを扱う前提です。,基礎：用語・公式・計算手順を1つずつ確認する単問中心。標準：複数条件や式変形を組み合わせ、見通しをもって処理する問題を入れる。
m-jh3-A-05-03s.txt,3-A-05-03,2次方程式－因数分解して解く2次方程式,因数分解して解く2次方程式,問題2,標準レベル,266.2,±20.0,0.0162,数式処理・数量関係の理解,小学校算数の四則計算・数量関係,中1入学時平均を0、中3卒業時平均を300とする運用尺度で、学年内の学習順、問題レベル、問題文の特徴から校正した暫定値。基礎・標準問題は300超えを目標にせず、発展・模試過去問で300超えを扱う前提です。,基礎：用語・公式・計算手順を1つずつ確認する単問中心。標準：複数条件や式変形を組み合わせ、見通しをもって処理する問題を入れる。
m-jh3-A-05-03s.txt,3-A-05-03,2次方程式－因数分解して解く2次方程式,因数分解して解く2次方程式,問題3,標準レベル,269.2,±20.0,0.0166,数式処理・数量関係の理解,小学校算数の四則計算・数量関係,中1入学時平均を0、中3卒業時平均を300とする運用尺度で、学年内の学習順、問題レベル、問題文の特徴から校正した暫定値。基礎・標準問題は300超えを目標にせず、発展・模試過去問で300超えを扱う前提です。,基礎：用語・公式・計算手順を1つずつ確認する単問中心。標準：複数条件や式変形を組み合わせ、見通しをもって処理する問題を入れる。
m-jh3-A-05-04b.txt,3-A-05-04,2次方程式－平方根を使った2次方程式の解き方,平方根を使った2次方程式の解き方,問題1,基礎レベル,247.7,±18.0,0.0140,数式処理・数量関係の理解,小学校算数の四則計算・数量関係,中1入学時平均を0、中3卒業時平均を300とする運用尺度で、学年内の学習順、問題レベル、問題文の特徴から校正した暫定値。基礎・標準問題は300超えを目標にせず、発展・模試過去問で300超えを扱う前提です。,基礎：用語・公式・計算手順を1つずつ確認する単問中心。標準：複数条件や式変形を組み合わせ、見通しをもって処理する問題を入れる。
m-jh3-A-05-04b.txt,3-A-05-04,2次方程式－平方根を使った2次方程式の解き方,平方根を使った2次方程式の解き方,問題2,基礎レベル,250.7,±18.0,0.0144,数式処理・数量関係の理解,小学校算数の四則計算・数量関係,中1入学時平均を0、中3卒業時平均を300とする運用尺度で、学年内の学習順、問題レベル、問題文の特徴から校正した暫定値。基礎・標準問題は300超えを目標にせず、発展・模試過去問で300超えを扱う前提です。,基礎：用語・公式・計算手順を1つずつ確認する単問中心。標準：複数条件や式変形を組み合わせ、見通しをもって処理する問題を入れる。
m-jh3-A-05-04s.txt,3-A-05-04,2次方程式－平方根を使った2次方程式の解き方,平方根を使った2次方程式の解き方,問題1,標準レベル,264.2,±20.0,0.0158,数式処理・数量関係の理解,小学校算数の四則計算・数量関係,中1入学時平均を0、中3卒業時平均を300とする運用尺度で、学年内の学習順、問題レベル、問題文の特徴から校正した暫定値。基礎・標準問題は300超えを目標にせず、発展・模試過去問で300超えを扱う前提です。,基礎：用語・公式・計算手順を1つずつ確認する単問中心。標準：複数条件や式変形を組み合わせ、見通しをもって処理する問題を入れる。
m-jh3-A-05-04s.txt,3-A-05-04,2次方程式－平方根を使った2次方程式の解き方,平方根を使った2次方程式の解き方,問題2,標準レベル,267.2,±20.0,0.0162,数式処理・数量関係の理解,小学校算数の四則計算・数量関係,中1入学時平均を0、中3卒業時平均を300とする運用尺度で、学年内の学習順、問題レベル、問題文の特徴から校正した暫定値。基礎・標準問題は300超えを目標にせず、発展・模試過去問で300超えを扱う前提です。,基礎：用語・公式・計算手順を1つずつ確認する単問中心。標準：複数条件や式変形を組み合わせ、見通しをもって処理する問題を入れる。
m-jh3-A-05-04s.txt,3-A-05-04,2次方程式－平方根を使った2次方程式の解き方,平方根を使った2次方程式の解き方,問題3,標準レベル,270.2,±20.0,0.0166,数式処理・数量関係の理解,小学校算数の四則計算・数量関係,中1入学時平均を0、中3卒業時平均を300とする運用尺度で、学年内の学習順、問題レベル、問題文の特徴から校正した暫定値。基礎・標準問題は300超えを目標にせず、発展・模試過去問で300超えを扱う前提です。,基礎：用語・公式・計算手順を1つずつ確認する単問中心。標準：複数条件や式変形を組み合わせ、見通しをもって処理する問題を入れる。
m-jh3-A-05-05b.txt,3-A-05-05,2次方程式－因数分解できない2次方程式の解き方：平方完成でx^2+2ax=bの形から解く,因数分解できない2次方程式の解き方：平方完成でx^2+2ax=bの形から解く,問題1,基礎レベル,248.7,±18.0,0.0140,数式処理・数量関係の理解,小学校算数の四則計算・数量関係,中1入学時平均を0、中3卒業時平均を300とする運用尺度で、学年内の学習順、問題レベル、問題文の特徴から校正した暫定値。基礎・標準問題は300超えを目標にせず、発展・模試過去問で300超えを扱う前提です。,基礎：用語・公式・計算手順を1つずつ確認する単問中心。標準：複数条件や式変形を組み合わせ、見通しをもって処理する問題を入れる。
m-jh3-A-05-05b.txt,3-A-05-05,2次方程式－因数分解できない2次方程式の解き方：平方完成でx^2+2ax=bの形から解く,因数分解できない2次方程式の解き方：平方完成でx^2+2ax=bの形から解く,問題2,基礎レベル,251.7,±18.0,0.0144,数式処理・数量関係の理解,小学校算数の四則計算・数量関係,中1入学時平均を0、中3卒業時平均を300とする運用尺度で、学年内の学習順、問題レベル、問題文の特徴から校正した暫定値。基礎・標準問題は300超えを目標にせず、発展・模試過去問で300超えを扱う前提です。,基礎：用語・公式・計算手順を1つずつ確認する単問中心。標準：複数条件や式変形を組み合わせ、見通しをもって処理する問題を入れる。
m-jh3-A-05-05s.txt,3-A-05-05,2次方程式－因数分解できない2次方程式の解き方：平方完成でx^2+2ax=bの形から解く,因数分解できない2次方程式の解き方：平方完成でx^2+2ax=bの形から解く,問題1,標準レベル,265.3,±20.0,0.0158,数式処理・数量関係の理解,小学校算数の四則計算・数量関係,中1入学時平均を0、中3卒業時平均を300とする運用尺度で、学年内の学習順、問題レベル、問題文の特徴から校正した暫定値。基礎・標準問題は300超えを目標にせず、発展・模試過去問で300超えを扱う前提です。,基礎：用語・公式・計算手順を1つずつ確認する単問中心。標準：複数条件や式変形を組み合わせ、見通しをもって処理する問題を入れる。
m-jh3-A-05-05s.txt,3-A-05-05,2次方程式－因数分解できない2次方程式の解き方：平方完成でx^2+2ax=bの形から解く,因数分解できない2次方程式の解き方：平方完成でx^2+2ax=bの形から解く,問題2,標準レベル,268.3,±20.0,0.0162,数式処理・数量関係の理解,小学校算数の四則計算・数量関係,中1入学時平均を0、中3卒業時平均を300とする運用尺度で、学年内の学習順、問題レベル、問題文の特徴から校正した暫定値。基礎・標準問題は300超えを目標にせず、発展・模試過去問で300超えを扱う前提です。,基礎：用語・公式・計算手順を1つずつ確認する単問中心。標準：複数条件や式変形を組み合わせ、見通しをもって処理する問題を入れる。
m-jh3-A-05-06b.txt,3-A-05-06,2次方程式－2次方程式の解の公式を利用した解き方,2次方程式の解の公式を利用した解き方,問題1,基礎レベル,249.8,±18.0,0.0140,数式処理・数量関係の理解,小学校算数の四則計算・数量関係,中1入学時平均を0、中3卒業時平均を300とする運用尺度で、学年内の学習順、問題レベル、問題文の特徴から校正した暫定値。基礎・標準問題は300超えを目標にせず、発展・模試過去問で300超えを扱う前提です。,基礎：用語・公式・計算手順を1つずつ確認する単問中心。標準：複数条件や式変形を組み合わせ、見通しをもって処理する問題を入れる。
m-jh3-A-05-06b.txt,3-A-05-06,2次方程式－2次方程式の解の公式を利用した解き方,2次方程式の解の公式を利用した解き方,問題2,基礎レベル,252.8,±18.0,0.0144,数式処理・数量関係の理解,小学校算数の四則計算・数量関係,中1入学時平均を0、中3卒業時平均を300とする運用尺度で、学年内の学習順、問題レベル、問題文の特徴から校正した暫定値。基礎・標準問題は300超えを目標にせず、発展・模試過去問で300超えを扱う前提です。,基礎：用語・公式・計算手順を1つずつ確認する単問中心。標準：複数条件や式変形を組み合わせ、見通しをもって処理する問題を入れる。
m-jh3-A-05-06s.txt,3-A-05-06,2次方程式－2次方程式の解の公式を利用した解き方,2次方程式の解の公式を利用した解き方,問題1,標準レベル,266.3,±20.0,0.0158,数式処理・数量関係の理解,小学校算数の四則計算・数量関係,中1入学時平均を0、中3卒業時平均を300とする運用尺度で、学年内の学習順、問題レベル、問題文の特徴から校正した暫定値。基礎・標準問題は300超えを目標にせず、発展・模試過去問で300超えを扱う前提です。,基礎：用語・公式・計算手順を1つずつ確認する単問中心。標準：複数条件や式変形を組み合わせ、見通しをもって処理する問題を入れる。
m-jh3-A-05-06s.txt,3-A-05-06,2次方程式－2次方程式の解の公式を利用した解き方,2次方程式の解の公式を利用した解き方,問題2,標準レベル,269.3,±20.0,0.0162,数式処理・数量関係の理解,小学校算数の四則計算・数量関係,中1入学時平均を0、中3卒業時平均を300とする運用尺度で、学年内の学習順、問題レベル、問題文の特徴から校正した暫定値。基礎・標準問題は300超えを目標にせず、発展・模試過去問で300超えを扱う前提です。,基礎：用語・公式・計算手順を1つずつ確認する単問中心。標準：複数条件や式変形を組み合わせ、見通しをもって処理する問題を入れる。
m-jh3-A-05-07b.txt,3-A-05-07,2次方程式－複雑な2次方程式の解き方,複雑な2次方程式の解き方,問題1,基礎レベル,250.8,±18.0,0.0140,数式処理・数量関係の理解,小学校算数の四則計算・数量関係,中1入学時平均を0、中3卒業時平均を300とする運用尺度で、学年内の学習順、問題レベル、問題文の特徴から校正した暫定値。基礎・標準問題は300超えを目標にせず、発展・模試過去問で300超えを扱う前提です。,基礎：用語・公式・計算手順を1つずつ確認する単問中心。標準：複数条件や式変形を組み合わせ、見通しをもって処理する問題を入れる。
m-jh3-A-05-07b.txt,3-A-05-07,2次方程式－複雑な2次方程式の解き方,複雑な2次方程式の解き方,問題2,基礎レベル,253.8,±18.0,0.0144,数式処理・数量関係の理解,小学校算数の四則計算・数量関係,中1入学時平均を0、中3卒業時平均を300とする運用尺度で、学年内の学習順、問題レベル、問題文の特徴から校正した暫定値。基礎・標準問題は300超えを目標にせず、発展・模試過去問で300超えを扱う前提です。,基礎：用語・公式・計算手順を1つずつ確認する単問中心。標準：複数条件や式変形を組み合わせ、見通しをもって処理する問題を入れる。
m-jh3-A-05-07s.txt,3-A-05-07,2次方程式－複雑な2次方程式の解き方,複雑な2次方程式の解き方,問題1,標準レベル,267.4,±20.0,0.0158,数式処理・数量関係の理解,小学校算数の四則計算・数量関係,中1入学時平均を0、中3卒業時平均を300とする運用尺度で、学年内の学習順、問題レベル、問題文の特徴から校正した暫定値。基礎・標準問題は300超えを目標にせず、発展・模試過去問で300超えを扱う前提です。,基礎：用語・公式・計算手順を1つずつ確認する単問中心。標準：複数条件や式変形を組み合わせ、見通しをもって処理する問題を入れる。
m-jh3-A-05-07s.txt,3-A-05-07,2次方程式－複雑な2次方程式の解き方,複雑な2次方程式の解き方,問題2,標準レベル,270.4,±20.0,0.0162,数式処理・数量関係の理解,小学校算数の四則計算・数量関係,中1入学時平均を0、中3卒業時平均を300とする運用尺度で、学年内の学習順、問題レベル、問題文の特徴から校正した暫定値。基礎・標準問題は300超えを目標にせず、発展・模試過去問で300超えを扱う前提です。,基礎：用語・公式・計算手順を1つずつ確認する単問中心。標準：複数条件や式変形を組み合わせ、見通しをもって処理する問題を入れる。
m-jh3-A-05-08b.txt,3-A-05-08,2次方程式－解が与えられた2次方程式,解が与えられた2次方程式,問題1,基礎レベル,251.9,±18.0,0.0140,数式処理・数量関係の理解,小学校算数の四則計算・数量関係,中1入学時平均を0、中3卒業時平均を300とする運用尺度で、学年内の学習順、問題レベル、問題文の特徴から校正した暫定値。基礎・標準問題は300超えを目標にせず、発展・模試過去問で300超えを扱う前提です。,基礎：用語・公式・計算手順を1つずつ確認する単問中心。標準：複数条件や式変形を組み合わせ、見通しをもって処理する問題を入れる。
m-jh3-A-05-08b.txt,3-A-05-08,2次方程式－解が与えられた2次方程式,解が与えられた2次方程式,問題2,基礎レベル,254.9,±18.0,0.0144,数式処理・数量関係の理解,小学校算数の四則計算・数量関係,中1入学時平均を0、中3卒業時平均を300とする運用尺度で、学年内の学習順、問題レベル、問題文の特徴から校正した暫定値。基礎・標準問題は300超えを目標にせず、発展・模試過去問で300超えを扱う前提です。,基礎：用語・公式・計算手順を1つずつ確認する単問中心。標準：複数条件や式変形を組み合わせ、見通しをもって処理する問題を入れる。
m-jh3-A-05-08s.txt,3-A-05-08,2次方程式－解が与えられた2次方程式,解が与えられた2次方程式,問題1,標準レベル,268.4,±20.0,0.0158,数式処理・数量関係の理解,小学校算数の四則計算・数量関係,中1入学時平均を0、中3卒業時平均を300とする運用尺度で、学年内の学習順、問題レベル、問題文の特徴から校正した暫定値。基礎・標準問題は300超えを目標にせず、発展・模試過去問で300超えを扱う前提です。,基礎：用語・公式・計算手順を1つずつ確認する単問中心。標準：複数条件や式変形を組み合わせ、見通しをもって処理する問題を入れる。
m-jh3-A-05-08s.txt,3-A-05-08,2次方程式－解が与えられた2次方程式,解が与えられた2次方程式,問題2,標準レベル,271.4,±20.0,0.0162,数式処理・数量関係の理解,小学校算数の四則計算・数量関係,中1入学時平均を0、中3卒業時平均を300とする運用尺度で、学年内の学習順、問題レベル、問題文の特徴から校正した暫定値。基礎・標準問題は300超えを目標にせず、発展・模試過去問で300超えを扱う前提です。,基礎：用語・公式・計算手順を1つずつ確認する単問中心。標準：複数条件や式変形を組み合わせ、見通しをもって処理する問題を入れる。
m-jh3-A-05-09b.txt,3-A-05-09,2次方程式－2次方程式の利用（数の問題）,2次方程式の利用（数の問題）,問題1,基礎レベル,252.9,±18.0,0.0140,数式処理・数量関係の理解,小学校算数の四則計算・数量関係,中1入学時平均を0、中3卒業時平均を300とする運用尺度で、学年内の学習順、問題レベル、問題文の特徴から校正した暫定値。基礎・標準問題は300超えを目標にせず、発展・模試過去問で300超えを扱う前提です。,基礎：用語・公式・計算手順を1つずつ確認する単問中心。標準：複数条件や式変形を組み合わせ、見通しをもって処理する問題を入れる。
m-jh3-A-05-09b.txt,3-A-05-09,2次方程式－2次方程式の利用（数の問題）,2次方程式の利用（数の問題）,問題2,基礎レベル,255.9,±18.0,0.0144,数式処理・数量関係の理解,小学校算数の四則計算・数量関係,中1入学時平均を0、中3卒業時平均を300とする運用尺度で、学年内の学習順、問題レベル、問題文の特徴から校正した暫定値。基礎・標準問題は300超えを目標にせず、発展・模試過去問で300超えを扱う前提です。,基礎：用語・公式・計算手順を1つずつ確認する単問中心。標準：複数条件や式変形を組み合わせ、見通しをもって処理する問題を入れる。
m-jh3-A-05-09s.txt,3-A-05-09,2次方程式－2次方程式の利用（数の問題）,2次方程式の利用（数の問題）,問題1,標準レベル,269.4,±20.0,0.0158,数式処理・数量関係の理解,小学校算数の四則計算・数量関係,中1入学時平均を0、中3卒業時平均を300とする運用尺度で、学年内の学習順、問題レベル、問題文の特徴から校正した暫定値。基礎・標準問題は300超えを目標にせず、発展・模試過去問で300超えを扱う前提です。,基礎：用語・公式・計算手順を1つずつ確認する単問中心。標準：複数条件や式変形を組み合わせ、見通しをもって処理する問題を入れる。
m-jh3-A-05-09s.txt,3-A-05-09,2次方程式－2次方程式の利用（数の問題）,2次方程式の利用（数の問題）,問題2,標準レベル,272.4,±20.0,0.0162,数式処理・数量関係の理解,小学校算数の四則計算・数量関係,中1入学時平均を0、中3卒業時平均を300とする運用尺度で、学年内の学習順、問題レベル、問題文の特徴から校正した暫定値。基礎・標準問題は300超えを目標にせず、発展・模試過去問で300超えを扱う前提です。,基礎：用語・公式・計算手順を1つずつ確認する単問中心。標準：複数条件や式変形を組み合わせ、見通しをもって処理する問題を入れる。
m-jh3-A-05-10b.txt,3-A-05-10,2次方程式－2次方程式の利用（図形の問題）,2次方程式の利用（図形の問題）,問題1,基礎レベル,254.0,±18.0,0.0140,数式処理・数量関係の理解,小学校算数の四則計算・数量関係,中1入学時平均を0、中3卒業時平均を300とする運用尺度で、学年内の学習順、問題レベル、問題文の特徴から校正した暫定値。基礎・標準問題は300超えを目標にせず、発展・模試過去問で300超えを扱う前提です。,基礎：用語・公式・計算手順を1つずつ確認する単問中心。標準：複数条件や式変形を組み合わせ、見通しをもって処理する問題を入れる。
m-jh3-A-05-10b.txt,3-A-05-10,2次方程式－2次方程式の利用（図形の問題）,2次方程式の利用（図形の問題）,問題2,基礎レベル,257.0,±18.0,0.0144,数式処理・数量関係の理解,小学校算数の四則計算・数量関係,中1入学時平均を0、中3卒業時平均を300とする運用尺度で、学年内の学習順、問題レベル、問題文の特徴から校正した暫定値。基礎・標準問題は300超えを目標にせず、発展・模試過去問で300超えを扱う前提です。,基礎：用語・公式・計算手順を1つずつ確認する単問中心。標準：複数条件や式変形を組み合わせ、見通しをもって処理する問題を入れる。
m-jh3-A-05-10b.txt,3-A-05-10,2次方程式－2次方程式の利用（図形の問題）,2次方程式の利用（図形の問題）,問題3,基礎レベル,260.0,±18.0,0.0148,数式処理・数量関係の理解,小学校算数の四則計算・数量関係,中1入学時平均を0、中3卒業時平均を300とする運用尺度で、学年内の学習順、問題レベル、問題文の特徴から校正した暫定値。基礎・標準問題は300超えを目標にせず、発展・模試過去問で300超えを扱う前提です。,基礎：用語・公式・計算手順を1つずつ確認する単問中心。標準：複数条件や式変形を組み合わせ、見通しをもって処理する問題を入れる。
m-jh3-A-05-10s.txt,3-A-05-10,2次方程式－2次方程式の利用（図形の問題）,2次方程式の利用（図形の問題）,問題1,標準レベル,270.5,±20.0,0.0158,数式処理・数量関係の理解,小学校算数の四則計算・数量関係,中1入学時平均を0、中3卒業時平均を300とする運用尺度で、学年内の学習順、問題レベル、問題文の特徴から校正した暫定値。基礎・標準問題は300超えを目標にせず、発展・模試過去問で300超えを扱う前提です。,基礎：用語・公式・計算手順を1つずつ確認する単問中心。標準：複数条件や式変形を組み合わせ、見通しをもって処理する問題を入れる。
m-jh3-A-05-10s.txt,3-A-05-10,2次方程式－2次方程式の利用（図形の問題）,2次方程式の利用（図形の問題）,問題2,標準レベル,273.5,±20.0,0.0162,数式処理・数量関係の理解,小学校算数の四則計算・数量関係,中1入学時平均を0、中3卒業時平均を300とする運用尺度で、学年内の学習順、問題レベル、問題文の特徴から校正した暫定値。基礎・標準問題は300超えを目標にせず、発展・模試過去問で300超えを扱う前提です。,基礎：用語・公式・計算手順を1つずつ確認する単問中心。標準：複数条件や式変形を組み合わせ、見通しをもって処理する問題を入れる。
m-jh3-A-05-10s.txt,3-A-05-10,2次方程式－2次方程式の利用（図形の問題）,2次方程式の利用（図形の問題）,問題3,標準レベル,276.5,±20.0,0.0166,数式処理・数量関係の理解,小学校算数の四則計算・数量関係,中1入学時平均を0、中3卒業時平均を300とする運用尺度で、学年内の学習順、問題レベル、問題文の特徴から校正した暫定値。基礎・標準問題は300超えを目標にせず、発展・模試過去問で300超えを扱う前提です。,基礎：用語・公式・計算手順を1つずつ確認する単問中心。標準：複数条件や式変形を組み合わせ、見通しをもって処理する問題を入れる。
m-jh3-A-05-11b.txt,3-A-05-11,2次方程式－2次方程式の利用（動点の問題）,2次方程式の利用（動点の問題）,問題1,基礎レベル,255.0,±18.0,0.0140,数式処理・数量関係の理解,小学校算数の四則計算・数量関係,中1入学時平均を0、中3卒業時平均を300とする運用尺度で、学年内の学習順、問題レベル、問題文の特徴から校正した暫定値。基礎・標準問題は300超えを目標にせず、発展・模試過去問で300超えを扱う前提です。,基礎：用語・公式・計算手順を1つずつ確認する単問中心。標準：複数条件や式変形を組み合わせ、見通しをもって処理する問題を入れる。
m-jh3-A-05-11b.txt,3-A-05-11,2次方程式－2次方程式の利用（動点の問題）,2次方程式の利用（動点の問題）,問題2,基礎レベル,258.0,±18.0,0.0144,数式処理・数量関係の理解,小学校算数の四則計算・数量関係,中1入学時平均を0、中3卒業時平均を300とする運用尺度で、学年内の学習順、問題レベル、問題文の特徴から校正した暫定値。基礎・標準問題は300超えを目標にせず、発展・模試過去問で300超えを扱う前提です。,基礎：用語・公式・計算手順を1つずつ確認する単問中心。標準：複数条件や式変形を組み合わせ、見通しをもって処理する問題を入れる。
m-jh3-A-05-11s.txt,3-A-05-11,2次方程式－2次方程式の利用（動点の問題）,2次方程式の利用（動点の問題）,問題1,標準レベル,271.5,±20.0,0.0158,数式処理・数量関係の理解,小学校算数の四則計算・数量関係,中1入学時平均を0、中3卒業時平均を300とする運用尺度で、学年内の学習順、問題レベル、問題文の特徴から校正した暫定値。基礎・標準問題は300超えを目標にせず、発展・模試過去問で300超えを扱う前提です。,基礎：用語・公式・計算手順を1つずつ確認する単問中心。標準：複数条件や式変形を組み合わせ、見通しをもって処理する問題を入れる。
m-jh3-A-05-11s.txt,3-A-05-11,2次方程式－2次方程式の利用（動点の問題）,2次方程式の利用（動点の問題）,問題2,標準レベル,274.5,±20.0,0.0162,数式処理・数量関係の理解,小学校算数の四則計算・数量関係,中1入学時平均を0、中3卒業時平均を300とする運用尺度で、学年内の学習順、問題レベル、問題文の特徴から校正した暫定値。基礎・標準問題は300超えを目標にせず、発展・模試過去問で300超えを扱う前提です。,基礎：用語・公式・計算手順を1つずつ確認する単問中心。標準：複数条件や式変形を組み合わせ、見通しをもって処理する問題を入れる。
m-jh3-B-01-01b.txt,3-B-01-01,２次関数の利用－２乗に比例する関数,２乗に比例する関数,問題1,基礎レベル,256.1,±18.0,0.0140,関数関係・グラフの読み取り,座標・比例反比例の基礎・数の計算,中1入学時平均を0、中3卒業時平均を300とする運用尺度で、学年内の学習順、問題レベル、問題文の特徴から校正した暫定値。基礎・標準問題は300超えを目標にせず、発展・模試過去問で300超えを扱う前提です。,基礎：表・式・グラフの対応を直接確認する問題中心。標準：読み取り、式化、グラフ利用を組み合わせる問題を入れる。
m-jh3-B-01-01b.txt,3-B-01-01,２次関数の利用－２乗に比例する関数,２乗に比例する関数,問題2,基礎レベル,259.1,±18.0,0.0144,関数関係・グラフの読み取り,座標・比例反比例の基礎・数の計算,中1入学時平均を0、中3卒業時平均を300とする運用尺度で、学年内の学習順、問題レベル、問題文の特徴から校正した暫定値。基礎・標準問題は300超えを目標にせず、発展・模試過去問で300超えを扱う前提です。,基礎：表・式・グラフの対応を直接確認する問題中心。標準：読み取り、式化、グラフ利用を組み合わせる問題を入れる。
m-jh3-B-01-02b.txt,3-B-01-02,２次関数の利用－２乗に比例する関数を求める,２乗に比例する関数を求める,問題1,基礎レベル,256.6,±18.0,0.0140,関数関係・グラフの読み取り,座標・比例反比例の基礎・数の計算,中1入学時平均を0、中3卒業時平均を300とする運用尺度で、学年内の学習順、問題レベル、問題文の特徴から校正した暫定値。基礎・標準問題は300超えを目標にせず、発展・模試過去問で300超えを扱う前提です。,基礎：表・式・グラフの対応を直接確認する問題中心。標準：読み取り、式化、グラフ利用を組み合わせる問題を入れる。
m-jh3-B-01-02b.txt,3-B-01-02,２次関数の利用－２乗に比例する関数を求める,２乗に比例する関数を求める,問題2,基礎レベル,259.6,±18.0,0.0144,関数関係・グラフの読み取り,座標・比例反比例の基礎・数の計算,中1入学時平均を0、中3卒業時平均を300とする運用尺度で、学年内の学習順、問題レベル、問題文の特徴から校正した暫定値。基礎・標準問題は300超えを目標にせず、発展・模試過去問で300超えを扱う前提です。,基礎：表・式・グラフの対応を直接確認する問題中心。標準：読み取り、式化、グラフ利用を組み合わせる問題を入れる。
m-jh3-B-01-02b.txt,3-B-01-02,２次関数の利用－２乗に比例する関数を求める,２乗に比例する関数を求める,問題3,基礎レベル,262.6,±18.0,0.0148,関数関係・グラフの読み取り,座標・比例反比例の基礎・数の計算,中1入学時平均を0、中3卒業時平均を300とする運用尺度で、学年内の学習順、問題レベル、問題文の特徴から校正した暫定値。基礎・標準問題は300超えを目標にせず、発展・模試過去問で300超えを扱う前提です。,基礎：表・式・グラフの対応を直接確認する問題中心。標準：読み取り、式化、グラフ利用を組み合わせる問題を入れる。
m-jh3-B-01-02b.txt,3-B-01-02,２次関数の利用－２乗に比例する関数を求める,２乗に比例する関数を求める,問題4,基礎レベル,265.6,±18.0,0.0152,関数関係・グラフの読み取り,座標・比例反比例の基礎・数の計算,中1入学時平均を0、中3卒業時平均を300とする運用尺度で、学年内の学習順、問題レベル、問題文の特徴から校正した暫定値。基礎・標準問題は300超えを目標にせず、発展・模試過去問で300超えを扱う前提です。,基礎：表・式・グラフの対応を直接確認する問題中心。標準：読み取り、式化、グラフ利用を組み合わせる問題を入れる。
m-jh3-B-01-03b.txt,3-B-01-03,２次関数の利用－２次関数のグラフをかく(a>0の場合),２次関数のグラフをかく(a>0の場合),問題1,基礎レベル,257.1,±18.0,0.0140,関数関係・グラフの読み取り,座標・比例反比例の基礎・数の計算,中1入学時平均を0、中3卒業時平均を300とする運用尺度で、学年内の学習順、問題レベル、問題文の特徴から校正した暫定値。基礎・標準問題は300超えを目標にせず、発展・模試過去問で300超えを扱う前提です。,基礎：表・式・グラフの対応を直接確認する問題中心。標準：読み取り、式化、グラフ利用を組み合わせる問題を入れる。
m-jh3-B-01-03b.txt,3-B-01-03,２次関数の利用－２次関数のグラフをかく(a>0の場合),２次関数のグラフをかく(a>0の場合),問題2,基礎レベル,260.1,±18.0,0.0144,関数関係・グラフの読み取り,座標・比例反比例の基礎・数の計算,中1入学時平均を0、中3卒業時平均を300とする運用尺度で、学年内の学習順、問題レベル、問題文の特徴から校正した暫定値。基礎・標準問題は300超えを目標にせず、発展・模試過去問で300超えを扱う前提です。,基礎：表・式・グラフの対応を直接確認する問題中心。標準：読み取り、式化、グラフ利用を組み合わせる問題を入れる。
m-jh3-B-01-04b.txt,3-B-01-04,２次関数の利用－２次関数のグラフをかく(a<0の場合),２次関数のグラフをかく(a<0の場合),問題1,基礎レベル,257.6,±18.0,0.0140,関数関係・グラフの読み取り,座標・比例反比例の基礎・数の計算,中1入学時平均を0、中3卒業時平均を300とする運用尺度で、学年内の学習順、問題レベル、問題文の特徴から校正した暫定値。基礎・標準問題は300超えを目標にせず、発展・模試過去問で300超えを扱う前提です。,基礎：表・式・グラフの対応を直接確認する問題中心。標準：読み取り、式化、グラフ利用を組み合わせる問題を入れる。
m-jh3-B-01-04b.txt,3-B-01-04,２次関数の利用－２次関数のグラフをかく(a<0の場合),２次関数のグラフをかく(a<0の場合),問題2,基礎レベル,260.6,±18.0,0.0144,関数関係・グラフの読み取り,座標・比例反比例の基礎・数の計算,中1入学時平均を0、中3卒業時平均を300とする運用尺度で、学年内の学習順、問題レベル、問題文の特徴から校正した暫定値。基礎・標準問題は300超えを目標にせず、発展・模試過去問で300超えを扱う前提です。,基礎：表・式・グラフの対応を直接確認する問題中心。標準：読み取り、式化、グラフ利用を組み合わせる問題を入れる。
m-jh3-B-01-05b.txt,3-B-01-05,２次関数の利用－y=ax^2の値の変化,y=ax^2の値の変化,問題1,基礎レベル,258.1,±18.0,0.0140,関数関係・グラフの読み取り,座標・比例反比例の基礎・数の計算,中1入学時平均を0、中3卒業時平均を300とする運用尺度で、学年内の学習順、問題レベル、問題文の特徴から校正した暫定値。基礎・標準問題は300超えを目標にせず、発展・模試過去問で300超えを扱う前提です。,基礎：表・式・グラフの対応を直接確認する問題中心。標準：読み取り、式化、グラフ利用を組み合わせる問題を入れる。
m-jh3-B-01-05b.txt,3-B-01-05,２次関数の利用－y=ax^2の値の変化,y=ax^2の値の変化,問題2,基礎レベル,261.1,±18.0,0.0144,関数関係・グラフの読み取り,座標・比例反比例の基礎・数の計算,中1入学時平均を0、中3卒業時平均を300とする運用尺度で、学年内の学習順、問題レベル、問題文の特徴から校正した暫定値。基礎・標準問題は300超えを目標にせず、発展・模試過去問で300超えを扱う前提です。,基礎：表・式・グラフの対応を直接確認する問題中心。標準：読み取り、式化、グラフ利用を組み合わせる問題を入れる。
m-jh3-B-01-05b.txt,3-B-01-05,２次関数の利用－y=ax^2の値の変化,y=ax^2の値の変化,問題3,基礎レベル,264.1,±18.0,0.0148,関数関係・グラフの読み取り,座標・比例反比例の基礎・数の計算,中1入学時平均を0、中3卒業時平均を300とする運用尺度で、学年内の学習順、問題レベル、問題文の特徴から校正した暫定値。基礎・標準問題は300超えを目標にせず、発展・模試過去問で300超えを扱う前提です。,基礎：表・式・グラフの対応を直接確認する問題中心。標準：読み取り、式化、グラフ利用を組み合わせる問題を入れる。
m-jh3-B-01-05b.txt,3-B-01-05,２次関数の利用－y=ax^2の値の変化,y=ax^2の値の変化,問題4,基礎レベル,267.1,±18.0,0.0152,関数関係・グラフの読み取り,座標・比例反比例の基礎・数の計算,中1入学時平均を0、中3卒業時平均を300とする運用尺度で、学年内の学習順、問題レベル、問題文の特徴から校正した暫定値。基礎・標準問題は300超えを目標にせず、発展・模試過去問で300超えを扱う前提です。,基礎：表・式・グラフの対応を直接確認する問題中心。標準：読み取り、式化、グラフ利用を組み合わせる問題を入れる。
m-jh3-B-01-06b.txt,3-B-01-06,２次関数の利用－y=ax^2の変域,y=ax^2の変域,問題1,基礎レベル,258.7,±18.0,0.0140,関数関係・グラフの読み取り,座標・比例反比例の基礎・数の計算,中1入学時平均を0、中3卒業時平均を300とする運用尺度で、学年内の学習順、問題レベル、問題文の特徴から校正した暫定値。基礎・標準問題は300超えを目標にせず、発展・模試過去問で300超えを扱う前提です。,基礎：表・式・グラフの対応を直接確認する問題中心。標準：読み取り、式化、グラフ利用を組み合わせる問題を入れる。
m-jh3-B-01-06b.txt,3-B-01-06,２次関数の利用－y=ax^2の変域,y=ax^2の変域,問題2,基礎レベル,261.7,±18.0,0.0144,関数関係・グラフの読み取り,座標・比例反比例の基礎・数の計算,中1入学時平均を0、中3卒業時平均を300とする運用尺度で、学年内の学習順、問題レベル、問題文の特徴から校正した暫定値。基礎・標準問題は300超えを目標にせず、発展・模試過去問で300超えを扱う前提です。,基礎：表・式・グラフの対応を直接確認する問題中心。標準：読み取り、式化、グラフ利用を組み合わせる問題を入れる。
m-jh3-B-01-07b.txt,3-B-01-07,２次関数の利用－y=ax^2の変化の割合,y=ax^2の変化の割合,問題1,基礎レベル,259.2,±18.0,0.0140,関数関係・グラフの読み取り,座標・比例反比例の基礎・数の計算,中1入学時平均を0、中3卒業時平均を300とする運用尺度で、学年内の学習順、問題レベル、問題文の特徴から校正した暫定値。基礎・標準問題は300超えを目標にせず、発展・模試過去問で300超えを扱う前提です。,基礎：表・式・グラフの対応を直接確認する問題中心。標準：読み取り、式化、グラフ利用を組み合わせる問題を入れる。
m-jh3-B-01-07b.txt,3-B-01-07,２次関数の利用－y=ax^2の変化の割合,y=ax^2の変化の割合,問題2,基礎レベル,262.2,±18.0,0.0144,関数関係・グラフの読み取り,座標・比例反比例の基礎・数の計算,中1入学時平均を0、中3卒業時平均を300とする運用尺度で、学年内の学習順、問題レベル、問題文の特徴から校正した暫定値。基礎・標準問題は300超えを目標にせず、発展・模試過去問で300超えを扱う前提です。,基礎：表・式・グラフの対応を直接確認する問題中心。標準：読み取り、式化、グラフ利用を組み合わせる問題を入れる。
m-jh3-B-01-08b.txt,3-B-01-08,２次関数の利用－平均の速さ,平均の速さ,問題1,基礎レベル,259.7,±18.0,0.0140,関数関係・グラフの読み取り,座標・比例反比例の基礎・数の計算,中1入学時平均を0、中3卒業時平均を300とする運用尺度で、学年内の学習順、問題レベル、問題文の特徴から校正した暫定値。基礎・標準問題は300超えを目標にせず、発展・模試過去問で300超えを扱う前提です。,基礎：表・式・グラフの対応を直接確認する問題中心。標準：読み取り、式化、グラフ利用を組み合わせる問題を入れる。
m-jh3-B-01-09b.txt,3-B-01-09,２次関数の利用－図形と関数,図形と関数,問題1,基礎レベル,260.2,±18.0,0.0140,関数関係・グラフの読み取り,座標・比例反比例の基礎・数の計算,中1入学時平均を0、中3卒業時平均を300とする運用尺度で、学年内の学習順、問題レベル、問題文の特徴から校正した暫定値。基礎・標準問題は300超えを目標にせず、発展・模試過去問で300超えを扱う前提です。,基礎：表・式・グラフの対応を直接確認する問題中心。標準：読み取り、式化、グラフ利用を組み合わせる問題を入れる。
m-jh3-B-01-10b.txt,3-B-01-10,２次関数の利用－放物線と直線,放物線と直線,問題1,基礎レベル,260.8,±18.0,0.0140,関数関係・グラフの読み取り,座標・比例反比例の基礎・数の計算,中1入学時平均を0、中3卒業時平均を300とする運用尺度で、学年内の学習順、問題レベル、問題文の特徴から校正した暫定値。基礎・標準問題は300超えを目標にせず、発展・模試過去問で300超えを扱う前提です。,基礎：表・式・グラフの対応を直接確認する問題中心。標準：読み取り、式化、グラフ利用を組み合わせる問題を入れる。
m-jh3-C-01-01b.txt,3-C-01-01,相似－相似な図形と性質,相似な図形と性質,問題1,基礎レベル,261.3,±18.0,0.0140,図形の性質・空間把握,基本図形・作図・長さや角の理解,中1入学時平均を0、中3卒業時平均を300とする運用尺度で、学年内の学習順、問題レベル、問題文の特徴から校正した暫定値。基礎・標準問題は300超えを目標にせず、発展・模試過去問で300超えを扱う前提です。,基礎：図から性質や公式を直接使う問題中心。標準：補助線、証明、複数の図形性質を組み合わせる問題を入れる。
m-jh3-C-01-01b.txt,3-C-01-01,相似－相似な図形と性質,相似な図形と性質,問題2,基礎レベル,264.3,±18.0,0.0144,図形の性質・空間把握,基本図形・作図・長さや角の理解,中1入学時平均を0、中3卒業時平均を300とする運用尺度で、学年内の学習順、問題レベル、問題文の特徴から校正した暫定値。基礎・標準問題は300超えを目標にせず、発展・模試過去問で300超えを扱う前提です。,基礎：図から性質や公式を直接使う問題中心。標準：補助線、証明、複数の図形性質を組み合わせる問題を入れる。
m-jh3-C-01-01b.txt,3-C-01-01,相似－相似な図形と性質,相似な図形と性質,問題3,基礎レベル,267.3,±18.0,0.0148,図形の性質・空間把握,基本図形・作図・長さや角の理解,中1入学時平均を0、中3卒業時平均を300とする運用尺度で、学年内の学習順、問題レベル、問題文の特徴から校正した暫定値。基礎・標準問題は300超えを目標にせず、発展・模試過去問で300超えを扱う前提です。,基礎：図から性質や公式を直接使う問題中心。標準：補助線、証明、複数の図形性質を組み合わせる問題を入れる。
m-jh3-C-01-02b.txt,3-C-01-02,相似－相似比,相似比,問題1,基礎レベル,261.8,±18.0,0.0140,図形の性質・空間把握,基本図形・作図・長さや角の理解,中1入学時平均を0、中3卒業時平均を300とする運用尺度で、学年内の学習順、問題レベル、問題文の特徴から校正した暫定値。基礎・標準問題は300超えを目標にせず、発展・模試過去問で300超えを扱う前提です。,基礎：図から性質や公式を直接使う問題中心。標準：補助線、証明、複数の図形性質を組み合わせる問題を入れる。
m-jh3-C-01-02b.txt,3-C-01-02,相似－相似比,相似比,問題2,基礎レベル,264.8,±18.0,0.0144,図形の性質・空間把握,基本図形・作図・長さや角の理解,中1入学時平均を0、中3卒業時平均を300とする運用尺度で、学年内の学習順、問題レベル、問題文の特徴から校正した暫定値。基礎・標準問題は300超えを目標にせず、発展・模試過去問で300超えを扱う前提です。,基礎：図から性質や公式を直接使う問題中心。標準：補助線、証明、複数の図形性質を組み合わせる問題を入れる。
m-jh3-C-01-02b.txt,3-C-01-02,相似－相似比,相似比,問題3,基礎レベル,267.8,±18.0,0.0148,図形の性質・空間把握,基本図形・作図・長さや角の理解,中1入学時平均を0、中3卒業時平均を300とする運用尺度で、学年内の学習順、問題レベル、問題文の特徴から校正した暫定値。基礎・標準問題は300超えを目標にせず、発展・模試過去問で300超えを扱う前提です。,基礎：図から性質や公式を直接使う問題中心。標準：補助線、証明、複数の図形性質を組み合わせる問題を入れる。
m-jh3-C-01-03b.txt,3-C-01-03,相似－相似な三角形の辺の長さ,相似な三角形の辺の長さ,問題1,基礎レベル,262.3,±18.0,0.0140,図形の性質・空間把握,基本図形・作図・長さや角の理解,中1入学時平均を0、中3卒業時平均を300とする運用尺度で、学年内の学習順、問題レベル、問題文の特徴から校正した暫定値。基礎・標準問題は300超えを目標にせず、発展・模試過去問で300超えを扱う前提です。,基礎：図から性質や公式を直接使う問題中心。標準：補助線、証明、複数の図形性質を組み合わせる問題を入れる。
m-jh3-C-01-03b.txt,3-C-01-03,相似－相似な三角形の辺の長さ,相似な三角形の辺の長さ,問題2,基礎レベル,265.3,±18.0,0.0144,図形の性質・空間把握,基本図形・作図・長さや角の理解,中1入学時平均を0、中3卒業時平均を300とする運用尺度で、学年内の学習順、問題レベル、問題文の特徴から校正した暫定値。基礎・標準問題は300超えを目標にせず、発展・模試過去問で300超えを扱う前提です。,基礎：図から性質や公式を直接使う問題中心。標準：補助線、証明、複数の図形性質を組み合わせる問題を入れる。
m-jh3-C-01-03b.txt,3-C-01-03,相似－相似な三角形の辺の長さ,相似な三角形の辺の長さ,問題3,基礎レベル,268.3,±18.0,0.0148,図形の性質・空間把握,基本図形・作図・長さや角の理解,中1入学時平均を0、中3卒業時平均を300とする運用尺度で、学年内の学習順、問題レベル、問題文の特徴から校正した暫定値。基礎・標準問題は300超えを目標にせず、発展・模試過去問で300超えを扱う前提です。,基礎：図から性質や公式を直接使う問題中心。標準：補助線、証明、複数の図形性質を組み合わせる問題を入れる。
m-jh3-C-01-04b.txt,3-C-01-04,相似－三角形の相似条件,三角形の相似条件,問題1,基礎レベル,262.9,±18.0,0.0140,図形の性質・空間把握,基本図形・作図・長さや角の理解,中1入学時平均を0、中3卒業時平均を300とする運用尺度で、学年内の学習順、問題レベル、問題文の特徴から校正した暫定値。基礎・標準問題は300超えを目標にせず、発展・模試過去問で300超えを扱う前提です。,基礎：図から性質や公式を直接使う問題中心。標準：補助線、証明、複数の図形性質を組み合わせる問題を入れる。
m-jh3-C-01-04b.txt,3-C-01-04,相似－三角形の相似条件,三角形の相似条件,問題2,基礎レベル,265.9,±18.0,0.0144,図形の性質・空間把握,基本図形・作図・長さや角の理解,中1入学時平均を0、中3卒業時平均を300とする運用尺度で、学年内の学習順、問題レベル、問題文の特徴から校正した暫定値。基礎・標準問題は300超えを目標にせず、発展・模試過去問で300超えを扱う前提です。,基礎：図から性質や公式を直接使う問題中心。標準：補助線、証明、複数の図形性質を組み合わせる問題を入れる。
m-jh3-C-01-04b.txt,3-C-01-04,相似－三角形の相似条件,三角形の相似条件,問題3,基礎レベル,268.9,±18.0,0.0148,図形の性質・空間把握,基本図形・作図・長さや角の理解,中1入学時平均を0、中3卒業時平均を300とする運用尺度で、学年内の学習順、問題レベル、問題文の特徴から校正した暫定値。基礎・標準問題は300超えを目標にせず、発展・模試過去問で300超えを扱う前提です。,基礎：図から性質や公式を直接使う問題中心。標準：補助線、証明、複数の図形性質を組み合わせる問題を入れる。
m-jh3-C-01-04s.txt,3-C-01-04,相似－三角形の相似条件,三角形の相似条件,問題1,標準レベル,279.4,±20.0,0.0158,図形の性質・空間把握,基本図形・作図・長さや角の理解,中1入学時平均を0、中3卒業時平均を300とする運用尺度で、学年内の学習順、問題レベル、問題文の特徴から校正した暫定値。基礎・標準問題は300超えを目標にせず、発展・模試過去問で300超えを扱う前提です。,基礎：図から性質や公式を直接使う問題中心。標準：補助線、証明、複数の図形性質を組み合わせる問題を入れる。
m-jh3-C-01-04s.txt,3-C-01-04,相似－三角形の相似条件,三角形の相似条件,問題2,標準レベル,282.4,±20.0,0.0162,図形の性質・空間把握,基本図形・作図・長さや角の理解,中1入学時平均を0、中3卒業時平均を300とする運用尺度で、学年内の学習順、問題レベル、問題文の特徴から校正した暫定値。基礎・標準問題は300超えを目標にせず、発展・模試過去問で300超えを扱う前提です。,基礎：図から性質や公式を直接使う問題中心。標準：補助線、証明、複数の図形性質を組み合わせる問題を入れる。
m-jh3-C-01-04s.txt,3-C-01-04,相似－三角形の相似条件,三角形の相似条件,問題3,標準レベル,285.4,±20.0,0.0166,図形の性質・空間把握,基本図形・作図・長さや角の理解,中1入学時平均を0、中3卒業時平均を300とする運用尺度で、学年内の学習順、問題レベル、問題文の特徴から校正した暫定値。基礎・標準問題は300超えを目標にせず、発展・模試過去問で300超えを扱う前提です。,基礎：図から性質や公式を直接使う問題中心。標準：補助線、証明、複数の図形性質を組み合わせる問題を入れる。
m-jh3-C-01-04s.txt,3-C-01-04,相似－三角形の相似条件,三角形の相似条件,問題4,標準レベル,288.4,±20.0,0.0170,図形の性質・空間把握,基本図形・作図・長さや角の理解,中1入学時平均を0、中3卒業時平均を300とする運用尺度で、学年内の学習順、問題レベル、問題文の特徴から校正した暫定値。基礎・標準問題は300超えを目標にせず、発展・模試過去問で300超えを扱う前提です。,基礎：図から性質や公式を直接使う問題中心。標準：補助線、証明、複数の図形性質を組み合わせる問題を入れる。
m-jh3-C-01-05b.txt,3-C-01-05,相似－相似な三角形,相似な三角形,問題1,基礎レベル,263.9,±18.0,0.0140,図形の性質・空間把握,基本図形・作図・長さや角の理解,中1入学時平均を0、中3卒業時平均を300とする運用尺度で、学年内の学習順、問題レベル、問題文の特徴から校正した暫定値。基礎・標準問題は300超えを目標にせず、発展・模試過去問で300超えを扱う前提です。,基礎：図から性質や公式を直接使う問題中心。標準：補助線、証明、複数の図形性質を組み合わせる問題を入れる。
m-jh3-C-01-05b.txt,3-C-01-05,相似－相似な三角形,相似な三角形,問題2,基礎レベル,266.9,±18.0,0.0144,図形の性質・空間把握,基本図形・作図・長さや角の理解,中1入学時平均を0、中3卒業時平均を300とする運用尺度で、学年内の学習順、問題レベル、問題文の特徴から校正した暫定値。基礎・標準問題は300超えを目標にせず、発展・模試過去問で300超えを扱う前提です。,基礎：図から性質や公式を直接使う問題中心。標準：補助線、証明、複数の図形性質を組み合わせる問題を入れる。
m-jh3-C-01-05b.txt,3-C-01-05,相似－相似な三角形,相似な三角形,問題3,基礎レベル,269.9,±18.0,0.0148,図形の性質・空間把握,基本図形・作図・長さや角の理解,中1入学時平均を0、中3卒業時平均を300とする運用尺度で、学年内の学習順、問題レベル、問題文の特徴から校正した暫定値。基礎・標準問題は300超えを目標にせず、発展・模試過去問で300超えを扱う前提です。,基礎：図から性質や公式を直接使う問題中心。標準：補助線、証明、複数の図形性質を組み合わせる問題を入れる。
m-jh3-C-01-06b.txt,3-C-01-06,相似－相似な三角形の面積比,相似な三角形の面積比,問題1,基礎レベル,264.4,±18.0,0.0140,図形の性質・空間把握,基本図形・作図・長さや角の理解,中1入学時平均を0、中3卒業時平均を300とする運用尺度で、学年内の学習順、問題レベル、問題文の特徴から校正した暫定値。基礎・標準問題は300超えを目標にせず、発展・模試過去問で300超えを扱う前提です。,基礎：図から性質や公式を直接使う問題中心。標準：補助線、証明、複数の図形性質を組み合わせる問題を入れる。
m-jh3-C-01-06b.txt,3-C-01-06,相似－相似な三角形の面積比,相似な三角形の面積比,問題2,基礎レベル,267.4,±18.0,0.0144,図形の性質・空間把握,基本図形・作図・長さや角の理解,中1入学時平均を0、中3卒業時平均を300とする運用尺度で、学年内の学習順、問題レベル、問題文の特徴から校正した暫定値。基礎・標準問題は300超えを目標にせず、発展・模試過去問で300超えを扱う前提です。,基礎：図から性質や公式を直接使う問題中心。標準：補助線、証明、複数の図形性質を組み合わせる問題を入れる。
m-jh3-C-01-06b.txt,3-C-01-06,相似－相似な三角形の面積比,相似な三角形の面積比,問題3,基礎レベル,270.4,±18.0,0.0148,図形の性質・空間把握,基本図形・作図・長さや角の理解,中1入学時平均を0、中3卒業時平均を300とする運用尺度で、学年内の学習順、問題レベル、問題文の特徴から校正した暫定値。基礎・標準問題は300超えを目標にせず、発展・模試過去問で300超えを扱う前提です。,基礎：図から性質や公式を直接使う問題中心。標準：補助線、証明、複数の図形性質を組み合わせる問題を入れる。
m-jh3-C-01-06b.txt,3-C-01-06,相似－相似な三角形の面積比,相似な三角形の面積比,問題4,基礎レベル,273.4,±18.0,0.0152,図形の性質・空間把握,基本図形・作図・長さや角の理解,中1入学時平均を0、中3卒業時平均を300とする運用尺度で、学年内の学習順、問題レベル、問題文の特徴から校正した暫定値。基礎・標準問題は300超えを目標にせず、発展・模試過去問で300超えを扱う前提です。,基礎：図から性質や公式を直接使う問題中心。標準：補助線、証明、複数の図形性質を組み合わせる問題を入れる。
m-jh3-C-01-07b.txt,3-C-01-07,相似－相似な立体と性質,相似な立体と性質,問題1,基礎レベル,264.9,±18.0,0.0140,図形の性質・空間把握,基本図形・作図・長さや角の理解,中1入学時平均を0、中3卒業時平均を300とする運用尺度で、学年内の学習順、問題レベル、問題文の特徴から校正した暫定値。基礎・標準問題は300超えを目標にせず、発展・模試過去問で300超えを扱う前提です。,基礎：図から性質や公式を直接使う問題中心。標準：補助線、証明、複数の図形性質を組み合わせる問題を入れる。
m-jh3-C-01-07b.txt,3-C-01-07,相似－相似な立体と性質,相似な立体と性質,問題2,基礎レベル,267.9,±18.0,0.0144,図形の性質・空間把握,基本図形・作図・長さや角の理解,中1入学時平均を0、中3卒業時平均を300とする運用尺度で、学年内の学習順、問題レベル、問題文の特徴から校正した暫定値。基礎・標準問題は300超えを目標にせず、発展・模試過去問で300超えを扱う前提です。,基礎：図から性質や公式を直接使う問題中心。標準：補助線、証明、複数の図形性質を組み合わせる問題を入れる。
m-jh3-C-01-07b.txt,3-C-01-07,相似－相似な立体と性質,相似な立体と性質,問題3,基礎レベル,270.9,±18.0,0.0148,図形の性質・空間把握,基本図形・作図・長さや角の理解,中1入学時平均を0、中3卒業時平均を300とする運用尺度で、学年内の学習順、問題レベル、問題文の特徴から校正した暫定値。基礎・標準問題は300超えを目標にせず、発展・模試過去問で300超えを扱う前提です。,基礎：図から性質や公式を直接使う問題中心。標準：補助線、証明、複数の図形性質を組み合わせる問題を入れる。
m-jh3-C-01-08b.txt,3-C-01-08,相似－三角形と線分の比,三角形と線分の比,問題1,基礎レベル,265.5,±18.0,0.0140,図形の性質・空間把握,基本図形・作図・長さや角の理解,中1入学時平均を0、中3卒業時平均を300とする運用尺度で、学年内の学習順、問題レベル、問題文の特徴から校正した暫定値。基礎・標準問題は300超えを目標にせず、発展・模試過去問で300超えを扱う前提です。,基礎：図から性質や公式を直接使う問題中心。標準：補助線、証明、複数の図形性質を組み合わせる問題を入れる。
m-jh3-C-01-08b.txt,3-C-01-08,相似－三角形と線分の比,三角形と線分の比,問題2,基礎レベル,268.5,±18.0,0.0144,図形の性質・空間把握,基本図形・作図・長さや角の理解,中1入学時平均を0、中3卒業時平均を300とする運用尺度で、学年内の学習順、問題レベル、問題文の特徴から校正した暫定値。基礎・標準問題は300超えを目標にせず、発展・模試過去問で300超えを扱う前提です。,基礎：図から性質や公式を直接使う問題中心。標準：補助線、証明、複数の図形性質を組み合わせる問題を入れる。
m-jh3-C-01-08b.txt,3-C-01-08,相似－三角形と線分の比,三角形と線分の比,問題3,基礎レベル,271.5,±18.0,0.0148,図形の性質・空間把握,基本図形・作図・長さや角の理解,中1入学時平均を0、中3卒業時平均を300とする運用尺度で、学年内の学習順、問題レベル、問題文の特徴から校正した暫定値。基礎・標準問題は300超えを目標にせず、発展・模試過去問で300超えを扱う前提です。,基礎：図から性質や公式を直接使う問題中心。標準：補助線、証明、複数の図形性質を組み合わせる問題を入れる。
m-jh3-C-01-09b.txt,3-C-01-09,相似－中点連結定理,中点連結定理,問題1,基礎レベル,266.0,±18.0,0.0140,図形の性質・空間把握,基本図形・作図・長さや角の理解,中1入学時平均を0、中3卒業時平均を300とする運用尺度で、学年内の学習順、問題レベル、問題文の特徴から校正した暫定値。基礎・標準問題は300超えを目標にせず、発展・模試過去問で300超えを扱う前提です。,基礎：図から性質や公式を直接使う問題中心。標準：補助線、証明、複数の図形性質を組み合わせる問題を入れる。
m-jh3-C-01-09b.txt,3-C-01-09,相似－中点連結定理,中点連結定理,問題2,基礎レベル,269.0,±18.0,0.0144,図形の性質・空間把握,基本図形・作図・長さや角の理解,中1入学時平均を0、中3卒業時平均を300とする運用尺度で、学年内の学習順、問題レベル、問題文の特徴から校正した暫定値。基礎・標準問題は300超えを目標にせず、発展・模試過去問で300超えを扱う前提です。,基礎：図から性質や公式を直接使う問題中心。標準：補助線、証明、複数の図形性質を組み合わせる問題を入れる。
m-jh3-C-01-09b.txt,3-C-01-09,相似－中点連結定理,中点連結定理,問題3,基礎レベル,272.0,±18.0,0.0148,図形の性質・空間把握,基本図形・作図・長さや角の理解,中1入学時平均を0、中3卒業時平均を300とする運用尺度で、学年内の学習順、問題レベル、問題文の特徴から校正した暫定値。基礎・標準問題は300超えを目標にせず、発展・模試過去問で300超えを扱う前提です。,基礎：図から性質や公式を直接使う問題中心。標準：補助線、証明、複数の図形性質を組み合わせる問題を入れる。
m-jh3-C-01-10b.txt,3-C-01-10,相似－平行線と線分の比,平行線と線分の比,問題1,基礎レベル,266.5,±18.0,0.0140,図形の性質・空間把握,基本図形・作図・長さや角の理解,中1入学時平均を0、中3卒業時平均を300とする運用尺度で、学年内の学習順、問題レベル、問題文の特徴から校正した暫定値。基礎・標準問題は300超えを目標にせず、発展・模試過去問で300超えを扱う前提です。,基礎：図から性質や公式を直接使う問題中心。標準：補助線、証明、複数の図形性質を組み合わせる問題を入れる。
m-jh3-C-01-10b.txt,3-C-01-10,相似－平行線と線分の比,平行線と線分の比,問題2,基礎レベル,269.5,±18.0,0.0144,図形の性質・空間把握,基本図形・作図・長さや角の理解,中1入学時平均を0、中3卒業時平均を300とする運用尺度で、学年内の学習順、問題レベル、問題文の特徴から校正した暫定値。基礎・標準問題は300超えを目標にせず、発展・模試過去問で300超えを扱う前提です。,基礎：図から性質や公式を直接使う問題中心。標準：補助線、証明、複数の図形性質を組み合わせる問題を入れる。
m-jh3-C-01-10b.txt,3-C-01-10,相似－平行線と線分の比,平行線と線分の比,問題3,基礎レベル,272.5,±18.0,0.0148,図形の性質・空間把握,基本図形・作図・長さや角の理解,中1入学時平均を0、中3卒業時平均を300とする運用尺度で、学年内の学習順、問題レベル、問題文の特徴から校正した暫定値。基礎・標準問題は300超えを目標にせず、発展・模試過去問で300超えを扱う前提です。,基礎：図から性質や公式を直接使う問題中心。標準：補助線、証明、複数の図形性質を組み合わせる問題を入れる。
m-jh3-C-01-11b.txt,3-C-01-11,相似－角の二等分線と線分の比,角の二等分線と線分の比,問題1,基礎レベル,267.0,±18.0,0.0140,図形の性質・空間把握,基本図形・作図・長さや角の理解,中1入学時平均を0、中3卒業時平均を300とする運用尺度で、学年内の学習順、問題レベル、問題文の特徴から校正した暫定値。基礎・標準問題は300超えを目標にせず、発展・模試過去問で300超えを扱う前提です。,基礎：図から性質や公式を直接使う問題中心。標準：補助線、証明、複数の図形性質を組み合わせる問題を入れる。
m-jh3-C-01-11b.txt,3-C-01-11,相似－角の二等分線と線分の比,角の二等分線と線分の比,問題2,基礎レベル,270.0,±18.0,0.0144,図形の性質・空間把握,基本図形・作図・長さや角の理解,中1入学時平均を0、中3卒業時平均を300とする運用尺度で、学年内の学習順、問題レベル、問題文の特徴から校正した暫定値。基礎・標準問題は300超えを目標にせず、発展・模試過去問で300超えを扱う前提です。,基礎：図から性質や公式を直接使う問題中心。標準：補助線、証明、複数の図形性質を組み合わせる問題を入れる。
m-jh3-C-01-11b.txt,3-C-01-11,相似－角の二等分線と線分の比,角の二等分線と線分の比,問題3,基礎レベル,273.0,±18.0,0.0148,図形の性質・空間把握,基本図形・作図・長さや角の理解,中1入学時平均を0、中3卒業時平均を300とする運用尺度で、学年内の学習順、問題レベル、問題文の特徴から校正した暫定値。基礎・標準問題は300超えを目標にせず、発展・模試過去問で300超えを扱う前提です。,基礎：図から性質や公式を直接使う問題中心。標準：補助線、証明、複数の図形性質を組み合わせる問題を入れる。
m-jh3-C-01-12b.txt,3-C-01-12,相似－縮図の利用,縮図の利用,問題1,基礎レベル,267.6,±18.0,0.0140,図形の性質・空間把握,基本図形・作図・長さや角の理解,中1入学時平均を0、中3卒業時平均を300とする運用尺度で、学年内の学習順、問題レベル、問題文の特徴から校正した暫定値。基礎・標準問題は300超えを目標にせず、発展・模試過去問で300超えを扱う前提です。,基礎：図から性質や公式を直接使う問題中心。標準：補助線、証明、複数の図形性質を組み合わせる問題を入れる。
m-jh3-C-01-12b.txt,3-C-01-12,相似－縮図の利用,縮図の利用,問題2,基礎レベル,270.6,±18.0,0.0144,図形の性質・空間把握,基本図形・作図・長さや角の理解,中1入学時平均を0、中3卒業時平均を300とする運用尺度で、学年内の学習順、問題レベル、問題文の特徴から校正した暫定値。基礎・標準問題は300超えを目標にせず、発展・模試過去問で300超えを扱う前提です。,基礎：図から性質や公式を直接使う問題中心。標準：補助線、証明、複数の図形性質を組み合わせる問題を入れる。
m-jh3-C-01-12b.txt,3-C-01-12,相似－縮図の利用,縮図の利用,問題3,基礎レベル,273.6,±18.0,0.0148,図形の性質・空間把握,基本図形・作図・長さや角の理解,中1入学時平均を0、中3卒業時平均を300とする運用尺度で、学年内の学習順、問題レベル、問題文の特徴から校正した暫定値。基礎・標準問題は300超えを目標にせず、発展・模試過去問で300超えを扱う前提です。,基礎：図から性質や公式を直接使う問題中心。標準：補助線、証明、複数の図形性質を組み合わせる問題を入れる。
m-jh3-C-01-13b.txt,3-C-01-13,相似－相似な図形と面積比の利用,相似な図形と面積比の利用,問題1,基礎レベル,268.1,±18.0,0.0140,図形の性質・空間把握,基本図形・作図・長さや角の理解,中1入学時平均を0、中3卒業時平均を300とする運用尺度で、学年内の学習順、問題レベル、問題文の特徴から校正した暫定値。基礎・標準問題は300超えを目標にせず、発展・模試過去問で300超えを扱う前提です。,基礎：図から性質や公式を直接使う問題中心。標準：補助線、証明、複数の図形性質を組み合わせる問題を入れる。
m-jh3-C-01-13b.txt,3-C-01-13,相似－相似な図形と面積比の利用,相似な図形と面積比の利用,問題2,基礎レベル,271.1,±18.0,0.0144,図形の性質・空間把握,基本図形・作図・長さや角の理解,中1入学時平均を0、中3卒業時平均を300とする運用尺度で、学年内の学習順、問題レベル、問題文の特徴から校正した暫定値。基礎・標準問題は300超えを目標にせず、発展・模試過去問で300超えを扱う前提です。,基礎：図から性質や公式を直接使う問題中心。標準：補助線、証明、複数の図形性質を組み合わせる問題を入れる。
m-jh3-C-01-13b.txt,3-C-01-13,相似－相似な図形と面積比の利用,相似な図形と面積比の利用,問題3,基礎レベル,274.1,±18.0,0.0148,図形の性質・空間把握,基本図形・作図・長さや角の理解,中1入学時平均を0、中3卒業時平均を300とする運用尺度で、学年内の学習順、問題レベル、問題文の特徴から校正した暫定値。基礎・標準問題は300超えを目標にせず、発展・模試過去問で300超えを扱う前提です。,基礎：図から性質や公式を直接使う問題中心。標準：補助線、証明、複数の図形性質を組み合わせる問題を入れる。
m-jh3-C-02-01b.txt,3-C-02-01,円－円周角の定理,円周角の定理,問題1,基礎レベル,268.6,±18.0,0.0140,図形の性質・空間把握,基本図形・作図・長さや角の理解,中1入学時平均を0、中3卒業時平均を300とする運用尺度で、学年内の学習順、問題レベル、問題文の特徴から校正した暫定値。基礎・標準問題は300超えを目標にせず、発展・模試過去問で300超えを扱う前提です。,基礎：図から性質や公式を直接使う問題中心。標準：補助線、証明、複数の図形性質を組み合わせる問題を入れる。
m-jh3-C-02-01b.txt,3-C-02-01,円－円周角の定理,円周角の定理,問題2,基礎レベル,271.6,±18.0,0.0144,図形の性質・空間把握,基本図形・作図・長さや角の理解,中1入学時平均を0、中3卒業時平均を300とする運用尺度で、学年内の学習順、問題レベル、問題文の特徴から校正した暫定値。基礎・標準問題は300超えを目標にせず、発展・模試過去問で300超えを扱う前提です。,基礎：図から性質や公式を直接使う問題中心。標準：補助線、証明、複数の図形性質を組み合わせる問題を入れる。
m-jh3-C-02-01b.txt,3-C-02-01,円－円周角の定理,円周角の定理,問題3,基礎レベル,274.6,±18.0,0.0148,図形の性質・空間把握,基本図形・作図・長さや角の理解,中1入学時平均を0、中3卒業時平均を300とする運用尺度で、学年内の学習順、問題レベル、問題文の特徴から校正した暫定値。基礎・標準問題は300超えを目標にせず、発展・模試過去問で300超えを扱う前提です。,基礎：図から性質や公式を直接使う問題中心。標準：補助線、証明、複数の図形性質を組み合わせる問題を入れる。
m-jh3-C-02-02b.txt,3-C-02-02,円－円周角と弧（弧と円周角）,円周角と弧（弧と円周角）,問題1,基礎レベル,269.1,±18.0,0.0140,図形の性質・空間把握,基本図形・作図・長さや角の理解,中1入学時平均を0、中3卒業時平均を300とする運用尺度で、学年内の学習順、問題レベル、問題文の特徴から校正した暫定値。基礎・標準問題は300超えを目標にせず、発展・模試過去問で300超えを扱う前提です。,基礎：図から性質や公式を直接使う問題中心。標準：補助線、証明、複数の図形性質を組み合わせる問題を入れる。
m-jh3-C-02-02b.txt,3-C-02-02,円－円周角と弧（弧と円周角）,円周角と弧（弧と円周角）,問題2,基礎レベル,272.1,±18.0,0.0144,図形の性質・空間把握,基本図形・作図・長さや角の理解,中1入学時平均を0、中3卒業時平均を300とする運用尺度で、学年内の学習順、問題レベル、問題文の特徴から校正した暫定値。基礎・標準問題は300超えを目標にせず、発展・模試過去問で300超えを扱う前提です。,基礎：図から性質や公式を直接使う問題中心。標準：補助線、証明、複数の図形性質を組み合わせる問題を入れる。
m-jh3-C-02-02b.txt,3-C-02-02,円－円周角と弧（弧と円周角）,円周角と弧（弧と円周角）,問題3,基礎レベル,275.1,±18.0,0.0148,図形の性質・空間把握,基本図形・作図・長さや角の理解,中1入学時平均を0、中3卒業時平均を300とする運用尺度で、学年内の学習順、問題レベル、問題文の特徴から校正した暫定値。基礎・標準問題は300超えを目標にせず、発展・模試過去問で300超えを扱う前提です。,基礎：図から性質や公式を直接使う問題中心。標準：補助線、証明、複数の図形性質を組み合わせる問題を入れる。
m-jh3-C-02-02b.txt,3-C-02-02,円－円周角と弧（弧と円周角）,円周角と弧（弧と円周角）,問題4,基礎レベル,278.1,±18.0,0.0152,図形の性質・空間把握,基本図形・作図・長さや角の理解,中1入学時平均を0、中3卒業時平均を300とする運用尺度で、学年内の学習順、問題レベル、問題文の特徴から校正した暫定値。基礎・標準問題は300超えを目標にせず、発展・模試過去問で300超えを扱う前提です。,基礎：図から性質や公式を直接使う問題中心。標準：補助線、証明、複数の図形性質を組み合わせる問題を入れる。
m-jh3-C-02-03b.txt,3-C-02-03,円－円周角の定理と角,円周角の定理と角,問題1,基礎レベル,269.6,±18.0,0.0140,図形の性質・空間把握,基本図形・作図・長さや角の理解,中1入学時平均を0、中3卒業時平均を300とする運用尺度で、学年内の学習順、問題レベル、問題文の特徴から校正した暫定値。基礎・標準問題は300超えを目標にせず、発展・模試過去問で300超えを扱う前提です。,基礎：図から性質や公式を直接使う問題中心。標準：補助線、証明、複数の図形性質を組み合わせる問題を入れる。
m-jh3-C-02-03b.txt,3-C-02-03,円－円周角の定理と角,円周角の定理と角,問題2,基礎レベル,272.6,±18.0,0.0144,図形の性質・空間把握,基本図形・作図・長さや角の理解,中1入学時平均を0、中3卒業時平均を300とする運用尺度で、学年内の学習順、問題レベル、問題文の特徴から校正した暫定値。基礎・標準問題は300超えを目標にせず、発展・模試過去問で300超えを扱う前提です。,基礎：図から性質や公式を直接使う問題中心。標準：補助線、証明、複数の図形性質を組み合わせる問題を入れる。
m-jh3-C-02-03b.txt,3-C-02-03,円－円周角の定理と角,円周角の定理と角,問題3,基礎レベル,275.6,±18.0,0.0148,図形の性質・空間把握,基本図形・作図・長さや角の理解,中1入学時平均を0、中3卒業時平均を300とする運用尺度で、学年内の学習順、問題レベル、問題文の特徴から校正した暫定値。基礎・標準問題は300超えを目標にせず、発展・模試過去問で300超えを扱う前提です。,基礎：図から性質や公式を直接使う問題中心。標準：補助線、証明、複数の図形性質を組み合わせる問題を入れる。
m-jh3-C-02-04b.txt,3-C-02-04,円－円周角の定理の逆,円周角の定理の逆,問題1,基礎レベル,270.2,±18.0,0.0140,図形の性質・空間把握,基本図形・作図・長さや角の理解,中1入学時平均を0、中3卒業時平均を300とする運用尺度で、学年内の学習順、問題レベル、問題文の特徴から校正した暫定値。基礎・標準問題は300超えを目標にせず、発展・模試過去問で300超えを扱う前提です。,基礎：図から性質や公式を直接使う問題中心。標準：補助線、証明、複数の図形性質を組み合わせる問題を入れる。
m-jh3-C-02-05b.txt,3-C-02-05,円－円の性質の利用,円の性質の利用,問題1,基礎レベル,270.7,±18.0,0.0140,図形の性質・空間把握,基本図形・作図・長さや角の理解,中1入学時平均を0、中3卒業時平均を300とする運用尺度で、学年内の学習順、問題レベル、問題文の特徴から校正した暫定値。基礎・標準問題は300超えを目標にせず、発展・模試過去問で300超えを扱う前提です。,基礎：図から性質や公式を直接使う問題中心。標準：補助線、証明、複数の図形性質を組み合わせる問題を入れる。
m-jh3-C-02-05b.txt,3-C-02-05,円－円の性質の利用,円の性質の利用,問題2,基礎レベル,273.7,±18.0,0.0144,図形の性質・空間把握,基本図形・作図・長さや角の理解,中1入学時平均を0、中3卒業時平均を300とする運用尺度で、学年内の学習順、問題レベル、問題文の特徴から校正した暫定値。基礎・標準問題は300超えを目標にせず、発展・模試過去問で300超えを扱う前提です。,基礎：図から性質や公式を直接使う問題中心。標準：補助線、証明、複数の図形性質を組み合わせる問題を入れる。
m-jh3-C-02-05b.txt,3-C-02-05,円－円の性質の利用,円の性質の利用,問題3,基礎レベル,276.7,±18.0,0.0148,図形の性質・空間把握,基本図形・作図・長さや角の理解,中1入学時平均を0、中3卒業時平均を300とする運用尺度で、学年内の学習順、問題レベル、問題文の特徴から校正した暫定値。基礎・標準問題は300超えを目標にせず、発展・模試過去問で300超えを扱う前提です。,基礎：図から性質や公式を直接使う問題中心。標準：補助線、証明、複数の図形性質を組み合わせる問題を入れる。
m-jh3-C-02-06b.txt,3-C-02-06,円－円の接線,円の接線,問題1,基礎レベル,271.2,±18.0,0.0140,図形の性質・空間把握,基本図形・作図・長さや角の理解,中1入学時平均を0、中3卒業時平均を300とする運用尺度で、学年内の学習順、問題レベル、問題文の特徴から校正した暫定値。基礎・標準問題は300超えを目標にせず、発展・模試過去問で300超えを扱う前提です。,基礎：図から性質や公式を直接使う問題中心。標準：補助線、証明、複数の図形性質を組み合わせる問題を入れる。
m-jh3-C-02-06b.txt,3-C-02-06,円－円の接線,円の接線,問題2,基礎レベル,274.2,±18.0,0.0144,図形の性質・空間把握,基本図形・作図・長さや角の理解,中1入学時平均を0、中3卒業時平均を300とする運用尺度で、学年内の学習順、問題レベル、問題文の特徴から校正した暫定値。基礎・標準問題は300超えを目標にせず、発展・模試過去問で300超えを扱う前提です。,基礎：図から性質や公式を直接使う問題中心。標準：補助線、証明、複数の図形性質を組み合わせる問題を入れる。
m-jh3-C-02-06b.txt,3-C-02-06,円－円の接線,円の接線,問題3,基礎レベル,277.2,±18.0,0.0148,図形の性質・空間把握,基本図形・作図・長さや角の理解,中1入学時平均を0、中3卒業時平均を300とする運用尺度で、学年内の学習順、問題レベル、問題文の特徴から校正した暫定値。基礎・標準問題は300超えを目標にせず、発展・模試過去問で300超えを扱う前提です。,基礎：図から性質や公式を直接使う問題中心。標準：補助線、証明、複数の図形性質を組み合わせる問題を入れる。
m-jh3-C-03-02b.txt,3-C-03-02,三平方の定理－直角三角形の辺の長さを求める,直角三角形の辺の長さを求める,問題1,基礎レベル,271.7,±18.0,0.0140,図形の性質・空間把握,基本図形・作図・長さや角の理解,中1入学時平均を0、中3卒業時平均を300とする運用尺度で、学年内の学習順、問題レベル、問題文の特徴から校正した暫定値。基礎・標準問題は300超えを目標にせず、発展・模試過去問で300超えを扱う前提です。,基礎：図から性質や公式を直接使う問題中心。標準：補助線、証明、複数の図形性質を組み合わせる問題を入れる。
m-jh3-C-03-02b.txt,3-C-03-02,三平方の定理－直角三角形の辺の長さを求める,直角三角形の辺の長さを求める,問題2,基礎レベル,274.7,±18.0,0.0144,図形の性質・空間把握,基本図形・作図・長さや角の理解,中1入学時平均を0、中3卒業時平均を300とする運用尺度で、学年内の学習順、問題レベル、問題文の特徴から校正した暫定値。基礎・標準問題は300超えを目標にせず、発展・模試過去問で300超えを扱う前提です。,基礎：図から性質や公式を直接使う問題中心。標準：補助線、証明、複数の図形性質を組み合わせる問題を入れる。
m-jh3-C-03-02b.txt,3-C-03-02,三平方の定理－直角三角形の辺の長さを求める,直角三角形の辺の長さを求める,問題3,基礎レベル,277.7,±18.0,0.0148,図形の性質・空間把握,基本図形・作図・長さや角の理解,中1入学時平均を0、中3卒業時平均を300とする運用尺度で、学年内の学習順、問題レベル、問題文の特徴から校正した暫定値。基礎・標準問題は300超えを目標にせず、発展・模試過去問で300超えを扱う前提です。,基礎：図から性質や公式を直接使う問題中心。標準：補助線、証明、複数の図形性質を組み合わせる問題を入れる。
m-jh3-C-03-03b.txt,3-C-03-03,三平方の定理－三平方の定理の逆,三平方の定理の逆,問題1,基礎レベル,272.3,±18.0,0.0140,図形の性質・空間把握,基本図形・作図・長さや角の理解,中1入学時平均を0、中3卒業時平均を300とする運用尺度で、学年内の学習順、問題レベル、問題文の特徴から校正した暫定値。基礎・標準問題は300超えを目標にせず、発展・模試過去問で300超えを扱う前提です。,基礎：図から性質や公式を直接使う問題中心。標準：補助線、証明、複数の図形性質を組み合わせる問題を入れる。
m-jh3-C-03-03b.txt,3-C-03-03,三平方の定理－三平方の定理の逆,三平方の定理の逆,問題2,基礎レベル,275.3,±18.0,0.0144,図形の性質・空間把握,基本図形・作図・長さや角の理解,中1入学時平均を0、中3卒業時平均を300とする運用尺度で、学年内の学習順、問題レベル、問題文の特徴から校正した暫定値。基礎・標準問題は300超えを目標にせず、発展・模試過去問で300超えを扱う前提です。,基礎：図から性質や公式を直接使う問題中心。標準：補助線、証明、複数の図形性質を組み合わせる問題を入れる。
m-jh3-C-03-03b.txt,3-C-03-03,三平方の定理－三平方の定理の逆,三平方の定理の逆,問題3,基礎レベル,278.3,±18.0,0.0148,図形の性質・空間把握,基本図形・作図・長さや角の理解,中1入学時平均を0、中3卒業時平均を300とする運用尺度で、学年内の学習順、問題レベル、問題文の特徴から校正した暫定値。基礎・標準問題は300超えを目標にせず、発展・模試過去問で300超えを扱う前提です。,基礎：図から性質や公式を直接使う問題中心。標準：補助線、証明、複数の図形性質を組み合わせる問題を入れる。
m-jh3-C-03-04b.txt,3-C-03-04,三平方の定理－対角線の長さを求める,対角線の長さを求める,問題1,基礎レベル,272.8,±18.0,0.0140,図形の性質・空間把握,基本図形・作図・長さや角の理解,中1入学時平均を0、中3卒業時平均を300とする運用尺度で、学年内の学習順、問題レベル、問題文の特徴から校正した暫定値。基礎・標準問題は300超えを目標にせず、発展・模試過去問で300超えを扱う前提です。,基礎：図から性質や公式を直接使う問題中心。標準：補助線、証明、複数の図形性質を組み合わせる問題を入れる。
m-jh3-C-03-04b.txt,3-C-03-04,三平方の定理－対角線の長さを求める,対角線の長さを求める,問題2,基礎レベル,275.8,±18.0,0.0144,図形の性質・空間把握,基本図形・作図・長さや角の理解,中1入学時平均を0、中3卒業時平均を300とする運用尺度で、学年内の学習順、問題レベル、問題文の特徴から校正した暫定値。基礎・標準問題は300超えを目標にせず、発展・模試過去問で300超えを扱う前提です。,基礎：図から性質や公式を直接使う問題中心。標準：補助線、証明、複数の図形性質を組み合わせる問題を入れる。
m-jh3-C-03-04b.txt,3-C-03-04,三平方の定理－対角線の長さを求める,対角線の長さを求める,問題3,基礎レベル,278.8,±18.0,0.0148,図形の性質・空間把握,基本図形・作図・長さや角の理解,中1入学時平均を0、中3卒業時平均を300とする運用尺度で、学年内の学習順、問題レベル、問題文の特徴から校正した暫定値。基礎・標準問題は300超えを目標にせず、発展・模試過去問で300超えを扱う前提です。,基礎：図から性質や公式を直接使う問題中心。標準：補助線、証明、複数の図形性質を組み合わせる問題を入れる。
m-jh3-C-03-05b.txt,3-C-03-05,三平方の定理－三角形の高さや面積を求める,三角形の高さや面積を求める,問題1,基礎レベル,273.3,±18.0,0.0140,図形の性質・空間把握,基本図形・作図・長さや角の理解,中1入学時平均を0、中3卒業時平均を300とする運用尺度で、学年内の学習順、問題レベル、問題文の特徴から校正した暫定値。基礎・標準問題は300超えを目標にせず、発展・模試過去問で300超えを扱う前提です。,基礎：図から性質や公式を直接使う問題中心。標準：補助線、証明、複数の図形性質を組み合わせる問題を入れる。
m-jh3-C-03-05b.txt,3-C-03-05,三平方の定理－三角形の高さや面積を求める,三角形の高さや面積を求める,問題2,基礎レベル,276.3,±18.0,0.0144,図形の性質・空間把握,基本図形・作図・長さや角の理解,中1入学時平均を0、中3卒業時平均を300とする運用尺度で、学年内の学習順、問題レベル、問題文の特徴から校正した暫定値。基礎・標準問題は300超えを目標にせず、発展・模試過去問で300超えを扱う前提です。,基礎：図から性質や公式を直接使う問題中心。標準：補助線、証明、複数の図形性質を組み合わせる問題を入れる。
m-jh3-C-03-05b.txt,3-C-03-05,三平方の定理－三角形の高さや面積を求める,三角形の高さや面積を求める,問題3,基礎レベル,279.3,±18.0,0.0148,図形の性質・空間把握,基本図形・作図・長さや角の理解,中1入学時平均を0、中3卒業時平均を300とする運用尺度で、学年内の学習順、問題レベル、問題文の特徴から校正した暫定値。基礎・標準問題は300超えを目標にせず、発展・模試過去問で300超えを扱う前提です。,基礎：図から性質や公式を直接使う問題中心。標準：補助線、証明、複数の図形性質を組み合わせる問題を入れる。
m-jh3-C-03-06b.txt,3-C-03-06,三平方の定理－特別な直角三角形,特別な直角三角形,問題1,基礎レベル,273.8,±18.0,0.0140,図形の性質・空間把握,基本図形・作図・長さや角の理解,中1入学時平均を0、中3卒業時平均を300とする運用尺度で、学年内の学習順、問題レベル、問題文の特徴から校正した暫定値。基礎・標準問題は300超えを目標にせず、発展・模試過去問で300超えを扱う前提です。,基礎：図から性質や公式を直接使う問題中心。標準：補助線、証明、複数の図形性質を組み合わせる問題を入れる。
m-jh3-C-03-06b.txt,3-C-03-06,三平方の定理－特別な直角三角形,特別な直角三角形,問題2,基礎レベル,276.8,±18.0,0.0144,図形の性質・空間把握,基本図形・作図・長さや角の理解,中1入学時平均を0、中3卒業時平均を300とする運用尺度で、学年内の学習順、問題レベル、問題文の特徴から校正した暫定値。基礎・標準問題は300超えを目標にせず、発展・模試過去問で300超えを扱う前提です。,基礎：図から性質や公式を直接使う問題中心。標準：補助線、証明、複数の図形性質を組み合わせる問題を入れる。
m-jh3-C-03-06b.txt,3-C-03-06,三平方の定理－特別な直角三角形,特別な直角三角形,問題3,基礎レベル,279.8,±18.0,0.0148,図形の性質・空間把握,基本図形・作図・長さや角の理解,中1入学時平均を0、中3卒業時平均を300とする運用尺度で、学年内の学習順、問題レベル、問題文の特徴から校正した暫定値。基礎・標準問題は300超えを目標にせず、発展・模試過去問で300超えを扱う前提です。,基礎：図から性質や公式を直接使う問題中心。標準：補助線、証明、複数の図形性質を組み合わせる問題を入れる。
m-jh3-C-03-07b.txt,3-C-03-07,三平方の定理－弦や接線の長さを求める,弦や接線の長さを求める,問題1,基礎レベル,274.3,±18.0,0.0140,図形の性質・空間把握,基本図形・作図・長さや角の理解,中1入学時平均を0、中3卒業時平均を300とする運用尺度で、学年内の学習順、問題レベル、問題文の特徴から校正した暫定値。基礎・標準問題は300超えを目標にせず、発展・模試過去問で300超えを扱う前提です。,基礎：図から性質や公式を直接使う問題中心。標準：補助線、証明、複数の図形性質を組み合わせる問題を入れる。
m-jh3-C-03-07b.txt,3-C-03-07,三平方の定理－弦や接線の長さを求める,弦や接線の長さを求める,問題2,基礎レベル,277.3,±18.0,0.0144,図形の性質・空間把握,基本図形・作図・長さや角の理解,中1入学時平均を0、中3卒業時平均を300とする運用尺度で、学年内の学習順、問題レベル、問題文の特徴から校正した暫定値。基礎・標準問題は300超えを目標にせず、発展・模試過去問で300超えを扱う前提です。,基礎：図から性質や公式を直接使う問題中心。標準：補助線、証明、複数の図形性質を組み合わせる問題を入れる。
m-jh3-C-03-07b.txt,3-C-03-07,三平方の定理－弦や接線の長さを求める,弦や接線の長さを求める,問題3,基礎レベル,280.3,±18.0,0.0148,図形の性質・空間把握,基本図形・作図・長さや角の理解,中1入学時平均を0、中3卒業時平均を300とする運用尺度で、学年内の学習順、問題レベル、問題文の特徴から校正した暫定値。基礎・標準問題は300超えを目標にせず、発展・模試過去問で300超えを扱う前提です。,基礎：図から性質や公式を直接使う問題中心。標準：補助線、証明、複数の図形性質を組み合わせる問題を入れる。
m-jh3-C-03-08b.txt,3-C-03-08,三平方の定理－２点間の距離を求める,２点間の距離を求める,問題1,基礎レベル,274.9,±18.0,0.0140,図形の性質・空間把握,基本図形・作図・長さや角の理解,中1入学時平均を0、中3卒業時平均を300とする運用尺度で、学年内の学習順、問題レベル、問題文の特徴から校正した暫定値。基礎・標準問題は300超えを目標にせず、発展・模試過去問で300超えを扱う前提です。,基礎：図から性質や公式を直接使う問題中心。標準：補助線、証明、複数の図形性質を組み合わせる問題を入れる。
m-jh3-C-03-08b.txt,3-C-03-08,三平方の定理－２点間の距離を求める,２点間の距離を求める,問題2,基礎レベル,277.9,±18.0,0.0144,図形の性質・空間把握,基本図形・作図・長さや角の理解,中1入学時平均を0、中3卒業時平均を300とする運用尺度で、学年内の学習順、問題レベル、問題文の特徴から校正した暫定値。基礎・標準問題は300超えを目標にせず、発展・模試過去問で300超えを扱う前提です。,基礎：図から性質や公式を直接使う問題中心。標準：補助線、証明、複数の図形性質を組み合わせる問題を入れる。
m-jh3-C-03-08b.txt,3-C-03-08,三平方の定理－２点間の距離を求める,２点間の距離を求める,問題3,基礎レベル,280.9,±18.0,0.0148,図形の性質・空間把握,基本図形・作図・長さや角の理解,中1入学時平均を0、中3卒業時平均を300とする運用尺度で、学年内の学習順、問題レベル、問題文の特徴から校正した暫定値。基礎・標準問題は300超えを目標にせず、発展・模試過去問で300超えを扱う前提です。,基礎：図から性質や公式を直接使う問題中心。標準：補助線、証明、複数の図形性質を組み合わせる問題を入れる。
m-jh3-C-03-09b.txt,3-C-03-09,三平方の定理－直方体の対角線,直方体の対角線,問題1,基礎レベル,275.4,±18.0,0.0140,図形の性質・空間把握,基本図形・作図・長さや角の理解,中1入学時平均を0、中3卒業時平均を300とする運用尺度で、学年内の学習順、問題レベル、問題文の特徴から校正した暫定値。基礎・標準問題は300超えを目標にせず、発展・模試過去問で300超えを扱う前提です。,基礎：図から性質や公式を直接使う問題中心。標準：補助線、証明、複数の図形性質を組み合わせる問題を入れる。
m-jh3-C-03-09b.txt,3-C-03-09,三平方の定理－直方体の対角線,直方体の対角線,問題2,基礎レベル,278.4,±18.0,0.0144,図形の性質・空間把握,基本図形・作図・長さや角の理解,中1入学時平均を0、中3卒業時平均を300とする運用尺度で、学年内の学習順、問題レベル、問題文の特徴から校正した暫定値。基礎・標準問題は300超えを目標にせず、発展・模試過去問で300超えを扱う前提です。,基礎：図から性質や公式を直接使う問題中心。標準：補助線、証明、複数の図形性質を組み合わせる問題を入れる。
m-jh3-C-03-09b.txt,3-C-03-09,三平方の定理－直方体の対角線,直方体の対角線,問題3,基礎レベル,281.4,±18.0,0.0148,図形の性質・空間把握,基本図形・作図・長さや角の理解,中1入学時平均を0、中3卒業時平均を300とする運用尺度で、学年内の学習順、問題レベル、問題文の特徴から校正した暫定値。基礎・標準問題は300超えを目標にせず、発展・模試過去問で300超えを扱う前提です。,基礎：図から性質や公式を直接使う問題中心。標準：補助線、証明、複数の図形性質を組み合わせる問題を入れる。
m-jh3-C-03-10b.txt,3-C-03-10,三平方の定理－正四角錐の体積,正四角錐の体積,問題1,基礎レベル,275.9,±18.0,0.0140,図形の性質・空間把握,基本図形・作図・長さや角の理解,中1入学時平均を0、中3卒業時平均を300とする運用尺度で、学年内の学習順、問題レベル、問題文の特徴から校正した暫定値。基礎・標準問題は300超えを目標にせず、発展・模試過去問で300超えを扱う前提です。,基礎：図から性質や公式を直接使う問題中心。標準：補助線、証明、複数の図形性質を組み合わせる問題を入れる。
m-jh3-C-03-10b.txt,3-C-03-10,三平方の定理－正四角錐の体積,正四角錐の体積,問題2,基礎レベル,278.9,±18.0,0.0144,図形の性質・空間把握,基本図形・作図・長さや角の理解,中1入学時平均を0、中3卒業時平均を300とする運用尺度で、学年内の学習順、問題レベル、問題文の特徴から校正した暫定値。基礎・標準問題は300超えを目標にせず、発展・模試過去問で300超えを扱う前提です。,基礎：図から性質や公式を直接使う問題中心。標準：補助線、証明、複数の図形性質を組み合わせる問題を入れる。
m-jh3-C-03-10b.txt,3-C-03-10,三平方の定理－正四角錐の体積,正四角錐の体積,問題3,基礎レベル,281.9,±18.0,0.0148,図形の性質・空間把握,基本図形・作図・長さや角の理解,中1入学時平均を0、中3卒業時平均を300とする運用尺度で、学年内の学習順、問題レベル、問題文の特徴から校正した暫定値。基礎・標準問題は300超えを目標にせず、発展・模試過去問で300超えを扱う前提です。,基礎：図から性質や公式を直接使う問題中心。標準：補助線、証明、複数の図形性質を組み合わせる問題を入れる。
m-jh3-C-03-11b.txt,3-C-03-11,三平方の定理－立体表面上の最短距離,立体表面上の最短距離,問題1,基礎レベル,276.4,±18.0,0.0140,図形の性質・空間把握,基本図形・作図・長さや角の理解,中1入学時平均を0、中3卒業時平均を300とする運用尺度で、学年内の学習順、問題レベル、問題文の特徴から校正した暫定値。基礎・標準問題は300超えを目標にせず、発展・模試過去問で300超えを扱う前提です。,基礎：図から性質や公式を直接使う問題中心。標準：補助線、証明、複数の図形性質を組み合わせる問題を入れる。
m-jh3-C-03-11b.txt,3-C-03-11,三平方の定理－立体表面上の最短距離,立体表面上の最短距離,問題2,基礎レベル,279.4,±18.0,0.0144,図形の性質・空間把握,基本図形・作図・長さや角の理解,中1入学時平均を0、中3卒業時平均を300とする運用尺度で、学年内の学習順、問題レベル、問題文の特徴から校正した暫定値。基礎・標準問題は300超えを目標にせず、発展・模試過去問で300超えを扱う前提です。,基礎：図から性質や公式を直接使う問題中心。標準：補助線、証明、複数の図形性質を組み合わせる問題を入れる。
m-jh3-C-03-11b.txt,3-C-03-11,三平方の定理－立体表面上の最短距離,立体表面上の最短距離,問題3,基礎レベル,282.4,±18.0,0.0148,図形の性質・空間把握,基本図形・作図・長さや角の理解,中1入学時平均を0、中3卒業時平均を300とする運用尺度で、学年内の学習順、問題レベル、問題文の特徴から校正した暫定値。基礎・標準問題は300超えを目標にせず、発展・模試過去問で300超えを扱う前提です。,基礎：図から性質や公式を直接使う問題中心。標準：補助線、証明、複数の図形性質を組み合わせる問題を入れる。
m-jh3-D-01-01b.txt,3-D-01-01,標本調査－母集団と標本,母集団と標本,問題1,基礎レベル,277.0,±18.0,0.0140,データの整理・統計的判断,表やグラフの読み取り・平均や割合,中1入学時平均を0、中3卒業時平均を300とする運用尺度で、学年内の学習順、問題レベル、問題文の特徴から校正した暫定値。基礎・標準問題は300超えを目標にせず、発展・模試過去問で300超えを扱う前提です。,基礎：用語・代表値・図表の読み取りを確認する問題中心。標準：複数データの比較や推測を含む問題を入れる。
m-jh3-D-01-01b.txt,3-D-01-01,標本調査－母集団と標本,母集団と標本,問題2,基礎レベル,280.0,±18.0,0.0144,データの整理・統計的判断,表やグラフの読み取り・平均や割合,中1入学時平均を0、中3卒業時平均を300とする運用尺度で、学年内の学習順、問題レベル、問題文の特徴から校正した暫定値。基礎・標準問題は300超えを目標にせず、発展・模試過去問で300超えを扱う前提です。,基礎：用語・代表値・図表の読み取りを確認する問題中心。標準：複数データの比較や推測を含む問題を入れる。
m-jh3-D-01-01b.txt,3-D-01-01,標本調査－母集団と標本,母集団と標本,問題3,基礎レベル,283.0,±18.0,0.0148,データの整理・統計的判断,表やグラフの読み取り・平均や割合,中1入学時平均を0、中3卒業時平均を300とする運用尺度で、学年内の学習順、問題レベル、問題文の特徴から校正した暫定値。基礎・標準問題は300超えを目標にせず、発展・模試過去問で300超えを扱う前提です。,基礎：用語・代表値・図表の読み取りを確認する問題中心。標準：複数データの比較や推測を含む問題を入れる。
m-jh3-D-01-02b.txt,3-D-01-02,標本調査－標本の平均値,標本の平均値,問題1,基礎レベル,277.5,±18.0,0.0140,データの整理・統計的判断,表やグラフの読み取り・平均や割合,中1入学時平均を0、中3卒業時平均を300とする運用尺度で、学年内の学習順、問題レベル、問題文の特徴から校正した暫定値。基礎・標準問題は300超えを目標にせず、発展・模試過去問で300超えを扱う前提です。,基礎：用語・代表値・図表の読み取りを確認する問題中心。標準：複数データの比較や推測を含む問題を入れる。
m-jh3-D-01-02b.txt,3-D-01-02,標本調査－標本の平均値,標本の平均値,問題2,基礎レベル,280.5,±18.0,0.0144,データの整理・統計的判断,表やグラフの読み取り・平均や割合,中1入学時平均を0、中3卒業時平均を300とする運用尺度で、学年内の学習順、問題レベル、問題文の特徴から校正した暫定値。基礎・標準問題は300超えを目標にせず、発展・模試過去問で300超えを扱う前提です。,基礎：用語・代表値・図表の読み取りを確認する問題中心。標準：複数データの比較や推測を含む問題を入れる。
m-jh3-D-01-02b.txt,3-D-01-02,標本調査－標本の平均値,標本の平均値,問題3,基礎レベル,283.5,±18.0,0.0148,データの整理・統計的判断,表やグラフの読み取り・平均や割合,中1入学時平均を0、中3卒業時平均を300とする運用尺度で、学年内の学習順、問題レベル、問題文の特徴から校正した暫定値。基礎・標準問題は300超えを目標にせず、発展・模試過去問で300超えを扱う前提です。,基礎：用語・代表値・図表の読み取りを確認する問題中心。標準：複数データの比較や推測を含む問題を入れる。
m-jh3-D-01-03b.txt,3-D-01-03,標本調査－標本調査の利用,標本調査の利用,問題1,基礎レベル,278.0,±18.0,0.0140,データの整理・統計的判断,表やグラフの読み取り・平均や割合,中1入学時平均を0、中3卒業時平均を300とする運用尺度で、学年内の学習順、問題レベル、問題文の特徴から校正した暫定値。基礎・標準問題は300超えを目標にせず、発展・模試過去問で300超えを扱う前提です。,基礎：用語・代表値・図表の読み取りを確認する問題中心。標準：複数データの比較や推測を含む問題を入れる。
m-jh3-D-01-03b.txt,3-D-01-03,標本調査－標本調査の利用,標本調査の利用,問題2,基礎レベル,281.0,±18.0,0.0144,データの整理・統計的判断,表やグラフの読み取り・平均や割合,中1入学時平均を0、中3卒業時平均を300とする運用尺度で、学年内の学習順、問題レベル、問題文の特徴から校正した暫定値。基礎・標準問題は300超えを目標にせず、発展・模試過去問で300超えを扱う前提です。,基礎：用語・代表値・図表の読み取りを確認する問題中心。標準：複数データの比較や推測を含む問題を入れる。
m-jh3-D-01-03b.txt,3-D-01-03,標本調査－標本調査の利用,標本調査の利用,問題3,基礎レベル,284.0,±18.0,0.0148,データの整理・統計的判断,表やグラフの読み取り・平均や割合,中1入学時平均を0、中3卒業時平均を300とする運用尺度で、学年内の学習順、問題レベル、問題文の特徴から校正した暫定値。基礎・標準問題は300超えを目標にせず、発展・模試過去問で300超えを扱う前提です。,基礎：用語・代表値・図表の読み取りを確認する問題中心。標準：複数データの比較や推測を含む問題を入れる。
