ファイル名,学習項目ID,単元,学習項目,問題番号,レベル判定,IRT困難度,推定誤差,識別力(a),主な能力,前提知識,判定理由,基礎レベルと標準レベルの作問方針の違い
m-jh1-A-01-01b.txt,1-A-01-01,正と負の数－正と負,正と負,問題1,基礎レベル,14,±10,1.0,正負の概念・数の分類,小学校の数・数直線,,基礎：符号・計算順序・用語を1つずつ確認する単問中心。標準：小数・分数・複数項・計算の工夫を入れ、符号判断と処理を組み合わせる。
m-jh1-A-01-01b.txt,1-A-01-01,正と負の数－正と負,正と負,問題2,基礎レベル,17,±10,1.0,正負の概念・数の分類,小学校の数・数直線,,基礎：符号・計算順序・用語を1つずつ確認する単問中心。標準：小数・分数・複数項・計算の工夫を入れ、符号判断と処理を組み合わせる。
m-jh1-A-01-01b.txt,1-A-01-01,正と負の数－正と負,正と負,問題3,基礎レベル,25,±10,1.0,正負の概念・数の分類,小学校の数・数直線,,基礎：符号・計算順序・用語を1つずつ確認する単問中心。標準：小数・分数・複数項・計算の工夫を入れ、符号判断と処理を組み合わせる。
m-jh1-A-01-01b.txt,1-A-01-01,正と負の数－正と負,正と負,問題4,基礎レベル,23,±10,1.0,正負の概念・数の分類,小学校の数・数直線,,基礎：符号・計算順序・用語を1つずつ確認する単問中心。標準：小数・分数・複数項・計算の工夫を入れ、符号判断と処理を組み合わせる。
m-jh1-A-01-01b.txt,1-A-01-01,正と負の数－正と負,正と負,問題5,基礎レベル,26,±10,1.0,正負の概念・数の分類,小学校の数・数直線,,基礎：符号・計算順序・用語を1つずつ確認する単問中心。標準：小数・分数・複数項・計算の工夫を入れ、符号判断と処理を組み合わせる。
m-jh1-A-01-01b.txt,1-A-01-01,正と負の数－正と負,正と負,問題6,基礎レベル,34,±10,1.0,正負の概念・数の分類,小学校の数・数直線,,基礎：符号・計算順序・用語を1つずつ確認する単問中心。標準：小数・分数・複数項・計算の工夫を入れ、符号判断と処理を組み合わせる。
m-jh1-A-01-01b.txt,1-A-01-01,正と負の数－正と負,正と負,問題7,基礎レベル,37,±10,1.0,正負の概念・数の分類,小学校の数・数直線,,基礎：符号・計算順序・用語を1つずつ確認する単問中心。標準：小数・分数・複数項・計算の工夫を入れ、符号判断と処理を組み合わせる。
m-jh1-A-01-01b.txt,1-A-01-01,正と負の数－正と負,正と負,問題8,基礎レベル,38,±10,1.0,正負の概念・数の分類,小学校の数・数直線,,基礎：符号・計算順序・用語を1つずつ確認する単問中心。標準：小数・分数・複数項・計算の工夫を入れ、符号判断と処理を組み合わせる。
m-jh1-A-01-01s.txt,1-A-01-01,正と負の数－正と負,正と負,問題1,標準レベル,60,±10,1.2,基準と正負の向きの読み取り,小学校の数・数直線・正負の数の意味,基準点と正の向きを読み取り、小数や分数を含む移動量を符号付きの数で表す必要があるため。,基礎：符号・計算順序・用語を1つずつ確認する単問中心。標準：小数・分数・複数項・計算の工夫を入れ、符号判断と処理を組み合わせる。
m-jh1-A-01-01s.txt,1-A-01-01,正と負の数－正と負,正と負,問題2,標準レベル,65,±10,1.2,反対の意味を負の数で表す判断,小学校の数・数直線・正負の数の意味,気温・収支・点数のように場面ごとに基準と正の向きを読み替える必要があるため。,基礎：符号・計算順序・用語を1つずつ確認する単問中心。標準：小数・分数・複数項・計算の工夫を入れ、符号判断と処理を組み合わせる。
m-jh1-A-01-01s.txt,1-A-01-01,正と負の数－正と負,正と負,問題3,標準レベル,46,±10,1.2,正負の数の符号判断・計算処理,小学校の数・数直線・正負の数,正と負について、基礎の確認だけでなく複数の判断や計算処理を組み合わせる必要があるため。,基礎：符号・計算順序・用語を1つずつ確認する単問中心。標準：小数・分数・複数項・計算の工夫を入れ、符号判断と処理を組み合わせる。
m-jh1-A-01-02b.txt,1-A-01-02,正と負の数－正の数と負の数を量で表す,正の数と負の数を量で表す,問題1,基礎レベル,13,±10,1.0,正負の数の符号判断・計算処理,小学校の数・数直線・正負の数,,基礎：符号・計算順序・用語を1つずつ確認する単問中心。標準：小数・分数・複数項・計算の工夫を入れ、符号判断と処理を組み合わせる。
m-jh1-A-01-02b.txt,1-A-01-02,正と負の数－正の数と負の数を量で表す,正の数と負の数を量で表す,問題2,基礎レベル,17,±10,1.0,正負の数の符号判断・計算処理,小学校の数・数直線・正負の数,,基礎：符号・計算順序・用語を1つずつ確認する単問中心。標準：小数・分数・複数項・計算の工夫を入れ、符号判断と処理を組み合わせる。
m-jh1-A-01-02b.txt,1-A-01-02,正と負の数－正の数と負の数を量で表す,正の数と負の数を量で表す,問題3,基礎レベル,21,±10,1.0,正負の数の符号判断・計算処理,小学校の数・数直線・正負の数,,基礎：符号・計算順序・用語を1つずつ確認する単問中心。標準：小数・分数・複数項・計算の工夫を入れ、符号判断と処理を組み合わせる。
m-jh1-A-01-03b.txt,1-A-01-03,正と負の数－数の大小と不等号,数の大小と不等号,問題1,基礎レベル,16,±10,1.0,正負の数の符号判断・計算処理,小学校の数・数直線・正負の数,,基礎：符号・計算順序・用語を1つずつ確認する単問中心。標準：小数・分数・複数項・計算の工夫を入れ、符号判断と処理を組み合わせる。
m-jh1-A-01-03b.txt,1-A-01-03,正と負の数－数の大小と不等号,数の大小と不等号,問題2,基礎レベル,20,±10,1.0,正負の数の符号判断・計算処理,小学校の数・数直線・正負の数,,基礎：符号・計算順序・用語を1つずつ確認する単問中心。標準：小数・分数・複数項・計算の工夫を入れ、符号判断と処理を組み合わせる。
m-jh1-A-01-03b.txt,1-A-01-03,正と負の数－数の大小と不等号,数の大小と不等号,問題3,基礎レベル,24,±10,1.0,正負の数の符号判断・計算処理,小学校の数・数直線・正負の数,,基礎：符号・計算順序・用語を1つずつ確認する単問中心。標準：小数・分数・複数項・計算の工夫を入れ、符号判断と処理を組み合わせる。
m-jh1-A-01-04b.txt,1-A-01-04,正と負の数－絶対値,絶対値,問題1,基礎レベル,19,±10,1.0,正負の数の符号判断・計算処理,小学校の数・数直線・正負の数,,基礎：符号・計算順序・用語を1つずつ確認する単問中心。標準：小数・分数・複数項・計算の工夫を入れ、符号判断と処理を組み合わせる。
m-jh1-A-01-04b.txt,1-A-01-04,正と負の数－絶対値,絶対値,問題2,基礎レベル,23,±10,1.0,正負の数の符号判断・計算処理,小学校の数・数直線・正負の数,,基礎：符号・計算順序・用語を1つずつ確認する単問中心。標準：小数・分数・複数項・計算の工夫を入れ、符号判断と処理を組み合わせる。
m-jh1-A-01-04b.txt,1-A-01-04,正と負の数－絶対値,絶対値,問題3,基礎レベル,27,±10,1.0,正負の数の符号判断・計算処理,小学校の数・数直線・正負の数,,基礎：符号・計算順序・用語を1つずつ確認する単問中心。標準：小数・分数・複数項・計算の工夫を入れ、符号判断と処理を組み合わせる。
m-jh1-A-01-04b.txt,1-A-01-04,正と負の数－絶対値,絶対値,問題4,基礎レベル,31,±10,1.0,正負の数の符号判断・計算処理,小学校の数・数直線・正負の数,,基礎：符号・計算順序・用語を1つずつ確認する単問中心。標準：小数・分数・複数項・計算の工夫を入れ、符号判断と処理を組み合わせる。
m-jh1-A-01-04b.txt,1-A-01-04,正と負の数－絶対値,絶対値,問題5,基礎レベル,35,±10,1.0,正負の数の符号判断・計算処理,小学校の数・数直線・正負の数,,基礎：符号・計算順序・用語を1つずつ確認する単問中心。標準：小数・分数・複数項・計算の工夫を入れ、符号判断と処理を組み合わせる。
m-jh1-A-01-04b.txt,1-A-01-04,正と負の数－絶対値,絶対値,問題6,基礎レベル,39,±10,1.0,正負の数の符号判断・計算処理,小学校の数・数直線・正負の数,,基礎：符号・計算順序・用語を1つずつ確認する単問中心。標準：小数・分数・複数項・計算の工夫を入れ、符号判断と処理を組み合わせる。
m-jh1-A-01-05b.txt,1-A-01-05,加法と減法－正と負の数の加法,正と負の数の加法,問題1,基礎レベル,22,±10,1.0,正負の数の符号判断・計算処理,小学校の数・数直線・正負の数,,基礎：符号・計算順序・用語を1つずつ確認する単問中心。標準：小数・分数・複数項・計算の工夫を入れ、符号判断と処理を組み合わせる。
m-jh1-A-01-05b.txt,1-A-01-05,加法と減法－正と負の数の加法,正と負の数の加法,問題2,基礎レベル,26,±10,1.0,正負の数の符号判断・計算処理,小学校の数・数直線・正負の数,,基礎：符号・計算順序・用語を1つずつ確認する単問中心。標準：小数・分数・複数項・計算の工夫を入れ、符号判断と処理を組み合わせる。
m-jh1-A-01-05b.txt,1-A-01-05,加法と減法－正と負の数の加法,正と負の数の加法,問題3,基礎レベル,30,±10,1.0,正負の数の符号判断・計算処理,小学校の数・数直線・正負の数,,基礎：符号・計算順序・用語を1つずつ確認する単問中心。標準：小数・分数・複数項・計算の工夫を入れ、符号判断と処理を組み合わせる。
m-jh1-A-01-05b.txt,1-A-01-05,加法と減法－正と負の数の加法,正と負の数の加法,問題4,基礎レベル,34,±10,1.0,正負の数の符号判断・計算処理,小学校の数・数直線・正負の数,,基礎：符号・計算順序・用語を1つずつ確認する単問中心。標準：小数・分数・複数項・計算の工夫を入れ、符号判断と処理を組み合わせる。
m-jh1-A-01-05b.txt,1-A-01-05,加法と減法－正と負の数の加法,正と負の数の加法,問題5,基礎レベル,38,±10,1.0,正負の数の符号判断・計算処理,小学校の数・数直線・正負の数,,基礎：符号・計算順序・用語を1つずつ確認する単問中心。標準：小数・分数・複数項・計算の工夫を入れ、符号判断と処理を組み合わせる。
m-jh1-A-01-05b.txt,1-A-01-05,加法と減法－正と負の数の加法,正と負の数の加法,問題6,基礎レベル,42,±10,1.0,正負の数の符号判断・計算処理,小学校の数・数直線・正負の数,,基礎：符号・計算順序・用語を1つずつ確認する単問中心。標準：小数・分数・複数項・計算の工夫を入れ、符号判断と処理を組み合わせる。
m-jh1-A-01-05b.txt,1-A-01-05,加法と減法－正と負の数の加法,正と負の数の加法,問題7,基礎レベル,46,±10,1.0,正負の数の符号判断・計算処理,小学校の数・数直線・正負の数,,基礎：符号・計算順序・用語を1つずつ確認する単問中心。標準：小数・分数・複数項・計算の工夫を入れ、符号判断と処理を組み合わせる。
m-jh1-A-01-05b.txt,1-A-01-05,加法と減法－正と負の数の加法,正と負の数の加法,問題8,基礎レベル,50,±10,1.0,正負の数の符号判断・計算処理,小学校の数・数直線・正負の数,,基礎：符号・計算順序・用語を1つずつ確認する単問中心。標準：小数・分数・複数項・計算の工夫を入れ、符号判断と処理を組み合わせる。
m-jh1-A-01-05s.txt,1-A-01-05,加法と減法－正と負の数の加法,正と負の数の加法,問題1,標準レベル,75,±10,1.2,正負の加法・項の整理,正負の数・絶対値・通分,正負の加法で、同符号・異符号の判断に加えて小数や分数の処理が入るため。,基礎：符号・計算順序・用語を1つずつ確認する単問中心。標準：小数・分数・複数項・計算の工夫を入れ、符号判断と処理を組み合わせる。
m-jh1-A-01-05s.txt,1-A-01-05,加法と減法－正と負の数の加法,正と負の数の加法,問題2,標準レベル,82,±10,1.2,小数を含む正負の加法,正負の数・絶対値・通分,正負の加法で、同符号・異符号の判断に加えて小数や分数の処理が入るため。,基礎：符号・計算順序・用語を1つずつ確認する単問中心。標準：小数・分数・複数項・計算の工夫を入れ、符号判断と処理を組み合わせる。
m-jh1-A-01-05s.txt,1-A-01-05,加法と減法－正と負の数の加法,正と負の数の加法,問題3,標準レベル,88,±10,1.2,分数を含む正負の加法,正負の数・絶対値・通分,正負の加法で、同符号・異符号の判断に加えて小数や分数の処理が入るため。,基礎：符号・計算順序・用語を1つずつ確認する単問中心。標準：小数・分数・複数項・計算の工夫を入れ、符号判断と処理を組み合わせる。
m-jh1-A-01-06b.txt,1-A-01-06,加法と減法－加法の交換法則・結合法則,加法の交換法則・結合法則,問題1,基礎レベル,25,±10,1.0,正負の数の符号判断・計算処理,小学校の数・数直線・正負の数,,基礎：符号・計算順序・用語を1つずつ確認する単問中心。標準：小数・分数・複数項・計算の工夫を入れ、符号判断と処理を組み合わせる。
m-jh1-A-01-06b.txt,1-A-01-06,加法と減法－加法の交換法則・結合法則,加法の交換法則・結合法則,問題2,基礎レベル,29,±10,1.0,正負の数の符号判断・計算処理,小学校の数・数直線・正負の数,,基礎：符号・計算順序・用語を1つずつ確認する単問中心。標準：小数・分数・複数項・計算の工夫を入れ、符号判断と処理を組み合わせる。
m-jh1-A-01-06b.txt,1-A-01-06,加法と減法－加法の交換法則・結合法則,加法の交換法則・結合法則,問題3,基礎レベル,33,±10,1.0,正負の数の符号判断・計算処理,小学校の数・数直線・正負の数,,基礎：符号・計算順序・用語を1つずつ確認する単問中心。標準：小数・分数・複数項・計算の工夫を入れ、符号判断と処理を組み合わせる。
m-jh1-A-01-06b.txt,1-A-01-06,加法と減法－加法の交換法則・結合法則,加法の交換法則・結合法則,問題4,基礎レベル,37,±10,1.0,正負の数の符号判断・計算処理,小学校の数・数直線・正負の数,,基礎：符号・計算順序・用語を1つずつ確認する単問中心。標準：小数・分数・複数項・計算の工夫を入れ、符号判断と処理を組み合わせる。
m-jh1-A-01-06s.txt,1-A-01-06,加法と減法－加法の交換法則・結合法則,加法の交換法則・結合法則,問題1,標準レベル,80,±10,1.2,交換法則・結合法則の活用,正負の加法・交換法則・結合法則,加法の交換法則・結合法則を使い、計算しやすい組を自分で見つける必要があるため。,基礎：符号・計算順序・用語を1つずつ確認する単問中心。標準：小数・分数・複数項・計算の工夫を入れ、符号判断と処理を組み合わせる。
m-jh1-A-01-06s.txt,1-A-01-06,加法と減法－加法の交換法則・結合法則,加法の交換法則・結合法則,問題2,標準レベル,86,±10,1.2,小数の組み合わせ計算,正負の加法・交換法則・結合法則,加法の交換法則・結合法則を使い、計算しやすい組を自分で見つける必要があるため。,基礎：符号・計算順序・用語を1つずつ確認する単問中心。標準：小数・分数・複数項・計算の工夫を入れ、符号判断と処理を組み合わせる。
m-jh1-A-01-06s.txt,1-A-01-06,加法と減法－加法の交換法則・結合法則,加法の交換法則・結合法則,問題3,標準レベル,92,±10,1.3,分数の組み合わせ計算,正負の加法・交換法則・結合法則,加法の交換法則・結合法則を使い、計算しやすい組を自分で見つける必要があるため。,基礎：符号・計算順序・用語を1つずつ確認する単問中心。標準：小数・分数・複数項・計算の工夫を入れ、符号判断と処理を組み合わせる。
m-jh1-A-01-07b.txt,1-A-01-07,加法と減法－正と負の数の減法,正と負の数の減法,問題1,基礎レベル,28,±10,1.0,正負の数の符号判断・計算処理,小学校の数・数直線・正負の数,,基礎：符号・計算順序・用語を1つずつ確認する単問中心。標準：小数・分数・複数項・計算の工夫を入れ、符号判断と処理を組み合わせる。
m-jh1-A-01-07b.txt,1-A-01-07,加法と減法－正と負の数の減法,正と負の数の減法,問題2,基礎レベル,32,±10,1.0,正負の数の符号判断・計算処理,小学校の数・数直線・正負の数,,基礎：符号・計算順序・用語を1つずつ確認する単問中心。標準：小数・分数・複数項・計算の工夫を入れ、符号判断と処理を組み合わせる。
m-jh1-A-01-07b.txt,1-A-01-07,加法と減法－正と負の数の減法,正と負の数の減法,問題3,基礎レベル,36,±10,1.0,正負の数の符号判断・計算処理,小学校の数・数直線・正負の数,,基礎：符号・計算順序・用語を1つずつ確認する単問中心。標準：小数・分数・複数項・計算の工夫を入れ、符号判断と処理を組み合わせる。
m-jh1-A-01-07b.txt,1-A-01-07,加法と減法－正と負の数の減法,正と負の数の減法,問題4,基礎レベル,40,±10,1.0,正負の数の符号判断・計算処理,小学校の数・数直線・正負の数,,基礎：符号・計算順序・用語を1つずつ確認する単問中心。標準：小数・分数・複数項・計算の工夫を入れ、符号判断と処理を組み合わせる。
m-jh1-A-01-07s.txt,1-A-01-07,加法と減法－正と負の数の減法,正と負の数の減法,問題1,標準レベル,78,±10,1.2,減法から加法への変換,正負の数・減法と加法の関係・通分,減法を加法に直す判断に加えて、小数や分数を含む計算処理が必要になるため。,基礎：符号・計算順序・用語を1つずつ確認する単問中心。標準：小数・分数・複数項・計算の工夫を入れ、符号判断と処理を組み合わせる。
m-jh1-A-01-07s.txt,1-A-01-07,加法と減法－正と負の数の減法,正と負の数の減法,問題2,標準レベル,85,±10,1.2,小数を含む減法,正負の数・減法と加法の関係・通分,減法を加法に直す判断に加えて、小数や分数を含む計算処理が必要になるため。,基礎：符号・計算順序・用語を1つずつ確認する単問中心。標準：小数・分数・複数項・計算の工夫を入れ、符号判断と処理を組み合わせる。
m-jh1-A-01-07s.txt,1-A-01-07,加法と減法－正と負の数の減法,正と負の数の減法,問題3,標準レベル,92,±10,1.3,分数を含む減法,正負の数・減法と加法の関係・通分,減法を加法に直す判断に加えて、小数や分数を含む計算処理が必要になるため。,基礎：符号・計算順序・用語を1つずつ確認する単問中心。標準：小数・分数・複数項・計算の工夫を入れ、符号判断と処理を組み合わせる。
m-jh1-A-01-08b.txt,1-A-01-08,加法と減法－加法と減法の混合,加法と減法の混合,問題1,基礎レベル,31,±10,1.0,正負の数の符号判断・計算処理,小学校の数・数直線・正負の数,,基礎：符号・計算順序・用語を1つずつ確認する単問中心。標準：小数・分数・複数項・計算の工夫を入れ、符号判断と処理を組み合わせる。
m-jh1-A-01-08b.txt,1-A-01-08,加法と減法－加法と減法の混合,加法と減法の混合,問題2,基礎レベル,35,±10,1.0,正負の数の符号判断・計算処理,小学校の数・数直線・正負の数,,基礎：符号・計算順序・用語を1つずつ確認する単問中心。標準：小数・分数・複数項・計算の工夫を入れ、符号判断と処理を組み合わせる。
m-jh1-A-01-08b.txt,1-A-01-08,加法と減法－加法と減法の混合,加法と減法の混合,問題3,基礎レベル,39,±10,1.0,正負の数の符号判断・計算処理,小学校の数・数直線・正負の数,,基礎：符号・計算順序・用語を1つずつ確認する単問中心。標準：小数・分数・複数項・計算の工夫を入れ、符号判断と処理を組み合わせる。
m-jh1-A-01-08b.txt,1-A-01-08,加法と減法－加法と減法の混合,加法と減法の混合,問題4,基礎レベル,43,±10,1.0,正負の数の符号判断・計算処理,小学校の数・数直線・正負の数,,基礎：符号・計算順序・用語を1つずつ確認する単問中心。標準：小数・分数・複数項・計算の工夫を入れ、符号判断と処理を組み合わせる。
m-jh1-A-01-08b.txt,1-A-01-08,加法と減法－加法と減法の混合,加法と減法の混合,問題5,基礎レベル,47,±10,1.0,正負の数の符号判断・計算処理,小学校の数・数直線・正負の数,,基礎：符号・計算順序・用語を1つずつ確認する単問中心。標準：小数・分数・複数項・計算の工夫を入れ、符号判断と処理を組み合わせる。
m-jh1-A-01-08b.txt,1-A-01-08,加法と減法－加法と減法の混合,加法と減法の混合,問題6,基礎レベル,51,±10,1.0,正負の数の符号判断・計算処理,小学校の数・数直線・正負の数,,基礎：符号・計算順序・用語を1つずつ確認する単問中心。標準：小数・分数・複数項・計算の工夫を入れ、符号判断と処理を組み合わせる。
m-jh1-A-01-08b.txt,1-A-01-08,加法と減法－加法と減法の混合,加法と減法の混合,問題7,基礎レベル,55,±10,1.0,正負の数の符号判断・計算処理,小学校の数・数直線・正負の数,,基礎：符号・計算順序・用語を1つずつ確認する単問中心。標準：小数・分数・複数項・計算の工夫を入れ、符号判断と処理を組み合わせる。
m-jh1-A-01-08b.txt,1-A-01-08,加法と減法－加法と減法の混合,加法と減法の混合,問題8,基礎レベル,59,±10,1.0,正負の数の符号判断・計算処理,小学校の数・数直線・正負の数,,基礎：符号・計算順序・用語を1つずつ確認する単問中心。標準：小数・分数・複数項・計算の工夫を入れ、符号判断と処理を組み合わせる。
m-jh1-A-01-08s.txt,1-A-01-08,加法と減法－加法と減法の混合,加法と減法の混合,問題1,標準レベル,90,±10,1.3,加減混合式の項整理,正負の加法・減法・通分,加法と減法が混じる式をすべて加法に直し、項として整理して計算する必要があるため。,基礎：符号・計算順序・用語を1つずつ確認する単問中心。標準：小数・分数・複数項・計算の工夫を入れ、符号判断と処理を組み合わせる。
m-jh1-A-01-08s.txt,1-A-01-08,加法と減法－加法と減法の混合,加法と減法の混合,問題2,標準レベル,98,±10,1.3,小数を含む加減混合,正負の加法・減法・通分,加法と減法が混じる式をすべて加法に直し、項として整理して計算する必要があるため。,基礎：符号・計算順序・用語を1つずつ確認する単問中心。標準：小数・分数・複数項・計算の工夫を入れ、符号判断と処理を組み合わせる。
m-jh1-A-01-08s.txt,1-A-01-08,加法と減法－加法と減法の混合,加法と減法の混合,問題3,標準レベル,105,±10,1.4,分数を含む加減混合,正負の加法・減法・通分,加法と減法が混じる式をすべて加法に直し、項として整理して計算する必要があるため。,基礎：符号・計算順序・用語を1つずつ確認する単問中心。標準：小数・分数・複数項・計算の工夫を入れ、符号判断と処理を組み合わせる。
m-jh1-A-01-09b.txt,1-A-01-09,乗法と除法－正と負の数の乗法,正と負の数の乗法,問題1,基礎レベル,34,±10,1.0,正負の数の符号判断・計算処理,小学校の数・数直線・正負の数,,基礎：符号・計算順序・用語を1つずつ確認する単問中心。標準：小数・分数・複数項・計算の工夫を入れ、符号判断と処理を組み合わせる。
m-jh1-A-01-09b.txt,1-A-01-09,乗法と除法－正と負の数の乗法,正と負の数の乗法,問題2,基礎レベル,38,±10,1.0,正負の数の符号判断・計算処理,小学校の数・数直線・正負の数,,基礎：符号・計算順序・用語を1つずつ確認する単問中心。標準：小数・分数・複数項・計算の工夫を入れ、符号判断と処理を組み合わせる。
m-jh1-A-01-09b.txt,1-A-01-09,乗法と除法－正と負の数の乗法,正と負の数の乗法,問題3,基礎レベル,42,±10,1.0,正負の数の符号判断・計算処理,小学校の数・数直線・正負の数,,基礎：符号・計算順序・用語を1つずつ確認する単問中心。標準：小数・分数・複数項・計算の工夫を入れ、符号判断と処理を組み合わせる。
m-jh1-A-01-09b.txt,1-A-01-09,乗法と除法－正と負の数の乗法,正と負の数の乗法,問題4,基礎レベル,46,±10,1.0,正負の数の符号判断・計算処理,小学校の数・数直線・正負の数,,基礎：符号・計算順序・用語を1つずつ確認する単問中心。標準：小数・分数・複数項・計算の工夫を入れ、符号判断と処理を組み合わせる。
m-jh1-A-01-09b.txt,1-A-01-09,乗法と除法－正と負の数の乗法,正と負の数の乗法,問題5,基礎レベル,50,±10,1.0,正負の数の符号判断・計算処理,小学校の数・数直線・正負の数,,基礎：符号・計算順序・用語を1つずつ確認する単問中心。標準：小数・分数・複数項・計算の工夫を入れ、符号判断と処理を組み合わせる。
m-jh1-A-01-09b.txt,1-A-01-09,乗法と除法－正と負の数の乗法,正と負の数の乗法,問題6,基礎レベル,54,±10,1.0,正負の数の符号判断・計算処理,小学校の数・数直線・正負の数,,基礎：符号・計算順序・用語を1つずつ確認する単問中心。標準：小数・分数・複数項・計算の工夫を入れ、符号判断と処理を組み合わせる。
m-jh1-A-01-09b.txt,1-A-01-09,乗法と除法－正と負の数の乗法,正と負の数の乗法,問題7,基礎レベル,58,±10,1.0,正負の数の符号判断・計算処理,小学校の数・数直線・正負の数,,基礎：符号・計算順序・用語を1つずつ確認する単問中心。標準：小数・分数・複数項・計算の工夫を入れ、符号判断と処理を組み合わせる。
m-jh1-A-01-09s.txt,1-A-01-09,乗法と除法－正と負の数の乗法,正と負の数の乗法,問題1,標準レベル,80,±10,1.2,乗法の符号判断,正負の数・乗法・約分,負の数の個数で符号を判断し、小数や分数を含む乗法まで処理する必要があるため。,基礎：符号・計算順序・用語を1つずつ確認する単問中心。標準：小数・分数・複数項・計算の工夫を入れ、符号判断と処理を組み合わせる。
m-jh1-A-01-09s.txt,1-A-01-09,乗法と除法－正と負の数の乗法,正と負の数の乗法,問題2,標準レベル,88,±10,1.2,小数を含む乗法,正負の数・乗法・約分,負の数の個数で符号を判断し、小数や分数を含む乗法まで処理する必要があるため。,基礎：符号・計算順序・用語を1つずつ確認する単問中心。標準：小数・分数・複数項・計算の工夫を入れ、符号判断と処理を組み合わせる。
m-jh1-A-01-09s.txt,1-A-01-09,乗法と除法－正と負の数の乗法,正と負の数の乗法,問題3,標準レベル,95,±10,1.3,分数を含む乗法,正負の数・乗法・約分,負の数の個数で符号を判断し、小数や分数を含む乗法まで処理する必要があるため。,基礎：符号・計算順序・用語を1つずつ確認する単問中心。標準：小数・分数・複数項・計算の工夫を入れ、符号判断と処理を組み合わせる。
m-jh1-A-01-10b.txt,1-A-01-10,乗法と除法－乗法の交換法則・結合法則,乗法の交換法則・結合法則,問題1,基礎レベル,37,±10,1.0,正負の数の符号判断・計算処理,小学校の数・数直線・正負の数,,基礎：符号・計算順序・用語を1つずつ確認する単問中心。標準：小数・分数・複数項・計算の工夫を入れ、符号判断と処理を組み合わせる。
m-jh1-A-01-10b.txt,1-A-01-10,乗法と除法－乗法の交換法則・結合法則,乗法の交換法則・結合法則,問題2,基礎レベル,41,±10,1.0,正負の数の符号判断・計算処理,小学校の数・数直線・正負の数,,基礎：符号・計算順序・用語を1つずつ確認する単問中心。標準：小数・分数・複数項・計算の工夫を入れ、符号判断と処理を組み合わせる。
m-jh1-A-01-10b.txt,1-A-01-10,乗法と除法－乗法の交換法則・結合法則,乗法の交換法則・結合法則,問題3,基礎レベル,45,±10,1.0,正負の数の符号判断・計算処理,小学校の数・数直線・正負の数,,基礎：符号・計算順序・用語を1つずつ確認する単問中心。標準：小数・分数・複数項・計算の工夫を入れ、符号判断と処理を組み合わせる。
m-jh1-A-01-10b.txt,1-A-01-10,乗法と除法－乗法の交換法則・結合法則,乗法の交換法則・結合法則,問題4,基礎レベル,49,±10,1.0,正負の数の符号判断・計算処理,小学校の数・数直線・正負の数,,基礎：符号・計算順序・用語を1つずつ確認する単問中心。標準：小数・分数・複数項・計算の工夫を入れ、符号判断と処理を組み合わせる。
m-jh1-A-01-10b.txt,1-A-01-10,乗法と除法－乗法の交換法則・結合法則,乗法の交換法則・結合法則,問題5,基礎レベル,53,±10,1.0,正負の数の符号判断・計算処理,小学校の数・数直線・正負の数,,基礎：符号・計算順序・用語を1つずつ確認する単問中心。標準：小数・分数・複数項・計算の工夫を入れ、符号判断と処理を組み合わせる。
m-jh1-A-01-10b.txt,1-A-01-10,乗法と除法－乗法の交換法則・結合法則,乗法の交換法則・結合法則,問題6,基礎レベル,57,±10,1.0,正負の数の符号判断・計算処理,小学校の数・数直線・正負の数,,基礎：符号・計算順序・用語を1つずつ確認する単問中心。標準：小数・分数・複数項・計算の工夫を入れ、符号判断と処理を組み合わせる。
m-jh1-A-01-10s.txt,1-A-01-10,乗法と除法－乗法の交換法則・結合法則,乗法の交換法則・結合法則,問題1,標準レベル,92,±10,1.3,乗法の工夫・符号判断,正負の乗法・交換法則・結合法則・約分,乗法の交換法則・結合法則を使い、きりのよい組や約分しやすい組を見つける必要があるため。,基礎：符号・計算順序・用語を1つずつ確認する単問中心。標準：小数・分数・複数項・計算の工夫を入れ、符号判断と処理を組み合わせる。
m-jh1-A-01-10s.txt,1-A-01-10,乗法と除法－乗法の交換法則・結合法則,乗法の交換法則・結合法則,問題2,標準レベル,100,±10,1.3,小数の結合法則利用,正負の乗法・交換法則・結合法則・約分,乗法の交換法則・結合法則を使い、きりのよい組や約分しやすい組を見つける必要があるため。,基礎：符号・計算順序・用語を1つずつ確認する単問中心。標準：小数・分数・複数項・計算の工夫を入れ、符号判断と処理を組み合わせる。
m-jh1-A-01-10s.txt,1-A-01-10,乗法と除法－乗法の交換法則・結合法則,乗法の交換法則・結合法則,問題3,標準レベル,108,±10,1.4,分数の約分と結合法則利用,正負の乗法・交換法則・結合法則・約分,乗法の交換法則・結合法則を使い、きりのよい組や約分しやすい組を見つける必要があるため。,基礎：符号・計算順序・用語を1つずつ確認する単問中心。標準：小数・分数・複数項・計算の工夫を入れ、符号判断と処理を組み合わせる。
m-jh1-A-01-11b.txt,1-A-01-11,乗法と除法－累乗,累乗,問題1,基礎レベル,40,±10,1.0,正負の数の乗除・符号判断,正負の数・乗法・除法・分数計算,,基礎：符号・計算順序・用語を1つずつ確認する単問中心。標準：小数・分数・複数項・計算の工夫を入れ、符号判断と処理を組み合わせる。
m-jh1-A-01-11b.txt,1-A-01-11,乗法と除法－累乗,累乗,問題2,基礎レベル,44,±10,1.0,正負の数の乗除・符号判断,正負の数・乗法・除法・分数計算,,基礎：符号・計算順序・用語を1つずつ確認する単問中心。標準：小数・分数・複数項・計算の工夫を入れ、符号判断と処理を組み合わせる。
m-jh1-A-01-11b.txt,1-A-01-11,乗法と除法－累乗,累乗,問題3,基礎レベル,48,±10,1.0,正負の数の乗除・符号判断,正負の数・乗法・除法・分数計算,,基礎：符号・計算順序・用語を1つずつ確認する単問中心。標準：小数・分数・複数項・計算の工夫を入れ、符号判断と処理を組み合わせる。
m-jh1-A-01-11b.txt,1-A-01-11,乗法と除法－累乗,累乗,問題4,基礎レベル,52,±10,1.0,正負の数の乗除・符号判断,正負の数・乗法・除法・分数計算,,基礎：符号・計算順序・用語を1つずつ確認する単問中心。標準：小数・分数・複数項・計算の工夫を入れ、符号判断と処理を組み合わせる。
m-jh1-A-01-11b.txt,1-A-01-11,乗法と除法－累乗,累乗,問題5,基礎レベル,56,±10,1.0,正負の数の乗除・符号判断,正負の数・乗法・除法・分数計算,,基礎：符号・計算順序・用語を1つずつ確認する単問中心。標準：小数・分数・複数項・計算の工夫を入れ、符号判断と処理を組み合わせる。
m-jh1-A-01-11b.txt,1-A-01-11,乗法と除法－累乗,累乗,問題6,基礎レベル,60,±10,1.0,正負の数の乗除・符号判断,正負の数・乗法・除法・分数計算,,基礎：符号・計算順序・用語を1つずつ確認する単問中心。標準：小数・分数・複数項・計算の工夫を入れ、符号判断と処理を組み合わせる。
m-jh1-A-01-11s.txt,1-A-01-11,乗法と除法－累乗,累乗,問題1,標準レベル,85,±10,1.2,累乗表記,正負の乗法・累乗・指数,累乗の意味に加えて、負の数のかっこの有無や累乗を含む計算を判断する必要があるため。,基礎：符号・計算順序・用語を1つずつ確認する単問中心。標準：小数・分数・複数項・計算の工夫を入れ、符号判断と処理を組み合わせる。
m-jh1-A-01-11s.txt,1-A-01-11,乗法と除法－累乗,累乗,問題2,標準レベル,95,±10,1.3,かっこの有無の判断,正負の乗法・累乗・指数,累乗の意味に加えて、負の数のかっこの有無や累乗を含む計算を判断する必要があるため。,基礎：符号・計算順序・用語を1つずつ確認する単問中心。標準：小数・分数・複数項・計算の工夫を入れ、符号判断と処理を組み合わせる。
m-jh1-A-01-11s.txt,1-A-01-11,乗法と除法－累乗,累乗,問題3,標準レベル,105,±10,1.4,累乗を含む乗法,正負の乗法・累乗・指数,累乗の意味に加えて、負の数のかっこの有無や累乗を含む計算を判断する必要があるため。,基礎：符号・計算順序・用語を1つずつ確認する単問中心。標準：小数・分数・複数項・計算の工夫を入れ、符号判断と処理を組み合わせる。
m-jh1-A-01-12b.txt,1-A-01-12,乗法と除法－正の項数と負の項数による符号の違い,正の項数と負の項数による符号の違い,問題1,基礎レベル,43,±10,1.0,正負の数の乗除・符号判断,正負の数・乗法・除法・分数計算,,基礎：符号・計算順序・用語を1つずつ確認する単問中心。標準：小数・分数・複数項・計算の工夫を入れ、符号判断と処理を組み合わせる。
m-jh1-A-01-12b.txt,1-A-01-12,乗法と除法－正の項数と負の項数による符号の違い,正の項数と負の項数による符号の違い,問題2,基礎レベル,47,±10,1.0,正負の数の乗除・符号判断,正負の数・乗法・除法・分数計算,,基礎：符号・計算順序・用語を1つずつ確認する単問中心。標準：小数・分数・複数項・計算の工夫を入れ、符号判断と処理を組み合わせる。
m-jh1-A-01-12b.txt,1-A-01-12,乗法と除法－正の項数と負の項数による符号の違い,正の項数と負の項数による符号の違い,問題3,基礎レベル,51,±10,1.0,正負の数の乗除・符号判断,正負の数・乗法・除法・分数計算,,基礎：符号・計算順序・用語を1つずつ確認する単問中心。標準：小数・分数・複数項・計算の工夫を入れ、符号判断と処理を組み合わせる。
m-jh1-A-01-12b.txt,1-A-01-12,乗法と除法－正の項数と負の項数による符号の違い,正の項数と負の項数による符号の違い,問題4,基礎レベル,55,±10,1.0,正負の数の乗除・符号判断,正負の数・乗法・除法・分数計算,,基礎：符号・計算順序・用語を1つずつ確認する単問中心。標準：小数・分数・複数項・計算の工夫を入れ、符号判断と処理を組み合わせる。
m-jh1-A-01-12s.txt,1-A-01-12,乗法と除法－正の項数と負の項数による符号の違い,正の項数と負の項数による符号の違い,問題1,標準レベル,90,±10,1.3,乗除混合の符号判断,正負の乗法・除法・約分,乗法と除法が混じる式で、負の数の個数から符号を判断してから計算する必要があるため。,基礎：符号・計算順序・用語を1つずつ確認する単問中心。標準：小数・分数・複数項・計算の工夫を入れ、符号判断と処理を組み合わせる。
m-jh1-A-01-12s.txt,1-A-01-12,乗法と除法－正の項数と負の項数による符号の違い,正の項数と負の項数による符号の違い,問題2,標準レベル,100,±10,1.3,小数の乗除混合,正負の乗法・除法・約分,乗法と除法が混じる式で、負の数の個数から符号を判断してから計算する必要があるため。,基礎：符号・計算順序・用語を1つずつ確認する単問中心。標準：小数・分数・複数項・計算の工夫を入れ、符号判断と処理を組み合わせる。
m-jh1-A-01-12s.txt,1-A-01-12,乗法と除法－正の項数と負の項数による符号の違い,正の項数と負の項数による符号の違い,問題3,標準レベル,110,±10,1.4,分数の乗除混合,正負の乗法・除法・約分,乗法と除法が混じる式で、負の数の個数から符号を判断してから計算する必要があるため。,基礎：符号・計算順序・用語を1つずつ確認する単問中心。標準：小数・分数・複数項・計算の工夫を入れ、符号判断と処理を組み合わせる。
m-jh1-A-01-13b.txt,1-A-01-13,乗法と除法－逆数,逆数,問題1,基礎レベル,46,±10,1.0,正負の数の乗除・符号判断,正負の数・乗法・除法・分数計算,,基礎：符号・計算順序・用語を1つずつ確認する単問中心。標準：小数・分数・複数項・計算の工夫を入れ、符号判断と処理を組み合わせる。
m-jh1-A-01-13b.txt,1-A-01-13,乗法と除法－逆数,逆数,問題2,基礎レベル,50,±10,1.0,正負の数の乗除・符号判断,正負の数・乗法・除法・分数計算,,基礎：符号・計算順序・用語を1つずつ確認する単問中心。標準：小数・分数・複数項・計算の工夫を入れ、符号判断と処理を組み合わせる。
m-jh1-A-01-13b.txt,1-A-01-13,乗法と除法－逆数,逆数,問題3,基礎レベル,54,±10,1.0,正負の数の乗除・符号判断,正負の数・乗法・除法・分数計算,,基礎：符号・計算順序・用語を1つずつ確認する単問中心。標準：小数・分数・複数項・計算の工夫を入れ、符号判断と処理を組み合わせる。
m-jh1-A-01-13s.txt,1-A-01-13,乗法と除法－逆数,逆数,問題1,標準レベル,80,±10,1.2,負の分数の逆数,分数・小数・逆数の意味,整数・小数・負の分数を分数として見直し、積が1になる数を判断する必要があるため。,基礎：符号・計算順序・用語を1つずつ確認する単問中心。標準：小数・分数・複数項・計算の工夫を入れ、符号判断と処理を組み合わせる。
m-jh1-A-01-13s.txt,1-A-01-13,乗法と除法－逆数,逆数,問題2,標準レベル,90,±10,1.3,整数の逆数,分数・小数・逆数の意味,整数・小数・負の分数を分数として見直し、積が1になる数を判断する必要があるため。,基礎：符号・計算順序・用語を1つずつ確認する単問中心。標準：小数・分数・複数項・計算の工夫を入れ、符号判断と処理を組み合わせる。
m-jh1-A-01-13s.txt,1-A-01-13,乗法と除法－逆数,逆数,問題3,標準レベル,100,±10,1.3,小数を分数に直す逆数,分数・小数・逆数の意味,整数・小数・負の分数を分数として見直し、積が1になる数を判断する必要があるため。,基礎：符号・計算順序・用語を1つずつ確認する単問中心。標準：小数・分数・複数項・計算の工夫を入れ、符号判断と処理を組み合わせる。
m-jh1-A-01-14b.txt,1-A-01-14,乗法と除法－逆数を使った除法,逆数を使った除法,問題1,基礎レベル,49,±10,1.0,正負の数の乗除・符号判断,正負の数・乗法・除法・分数計算,,基礎：符号・計算順序・用語を1つずつ確認する単問中心。標準：小数・分数・複数項・計算の工夫を入れ、符号判断と処理を組み合わせる。
m-jh1-A-01-14b.txt,1-A-01-14,乗法と除法－逆数を使った除法,逆数を使った除法,問題2,基礎レベル,53,±10,1.0,正負の数の乗除・符号判断,正負の数・乗法・除法・分数計算,,基礎：符号・計算順序・用語を1つずつ確認する単問中心。標準：小数・分数・複数項・計算の工夫を入れ、符号判断と処理を組み合わせる。
m-jh1-A-01-14s.txt,1-A-01-14,乗法と除法－逆数を使った除法,逆数を使った除法,問題1,標準レベル,77,±10,1.2,正負の数の乗除・符号判断,正負の数・乗法・除法・分数計算,逆数を使った除法について、基礎の確認だけでなく複数の判断や計算処理を組み合わせる必要があるため。,基礎：符号・計算順序・用語を1つずつ確認する単問中心。標準：小数・分数・複数項・計算の工夫を入れ、符号判断と処理を組み合わせる。
m-jh1-A-01-14s.txt,1-A-01-14,乗法と除法－逆数を使った除法,逆数を使った除法,問題2,標準レベル,81,±10,1.2,正負の数の乗除・符号判断,正負の数・乗法・除法・分数計算,逆数を使った除法について、基礎の確認だけでなく複数の判断や計算処理を組み合わせる必要があるため。,基礎：符号・計算順序・用語を1つずつ確認する単問中心。標準：小数・分数・複数項・計算の工夫を入れ、符号判断と処理を組み合わせる。
m-jh1-A-01-15b.txt,1-A-01-15,いろいろな計算－四則混合計算,四則混合計算,問題1,基礎レベル,52,±10,1.0,計算処理・概念理解,前単元の基本事項,,基礎：符号・計算順序・用語を1つずつ確認する単問中心。標準：小数・分数・複数項・計算の工夫を入れ、符号判断と処理を組み合わせる。
m-jh1-A-01-15b.txt,1-A-01-15,いろいろな計算－四則混合計算,四則混合計算,問題2,基礎レベル,56,±10,1.0,計算処理・概念理解,前単元の基本事項,,基礎：符号・計算順序・用語を1つずつ確認する単問中心。標準：小数・分数・複数項・計算の工夫を入れ、符号判断と処理を組み合わせる。
m-jh1-A-01-15b.txt,1-A-01-15,いろいろな計算－四則混合計算,四則混合計算,問題3,基礎レベル,60,±10,1.0,計算処理・概念理解,前単元の基本事項,,基礎：符号・計算順序・用語を1つずつ確認する単問中心。標準：小数・分数・複数項・計算の工夫を入れ、符号判断と処理を組み合わせる。
m-jh1-A-01-15b.txt,1-A-01-15,いろいろな計算－四則混合計算,四則混合計算,問題4,基礎レベル,64,±10,1.0,計算処理・概念理解,前単元の基本事項,,基礎：符号・計算順序・用語を1つずつ確認する単問中心。標準：小数・分数・複数項・計算の工夫を入れ、符号判断と処理を組み合わせる。
m-jh1-A-01-15s.txt,1-A-01-15,いろいろな計算－四則混合計算,四則混合計算,問題1,標準レベル,80,±10,1.2,計算処理・概念理解,前単元の基本事項,四則混合計算について、基礎の確認だけでなく複数の判断や計算処理を組み合わせる必要があるため。,基礎：符号・計算順序・用語を1つずつ確認する単問中心。標準：小数・分数・複数項・計算の工夫を入れ、符号判断と処理を組み合わせる。
m-jh1-A-01-15s.txt,1-A-01-15,いろいろな計算－四則混合計算,四則混合計算,問題2,標準レベル,84,±10,1.2,計算処理・概念理解,前単元の基本事項,四則混合計算について、基礎の確認だけでなく複数の判断や計算処理を組み合わせる必要があるため。,基礎：符号・計算順序・用語を1つずつ確認する単問中心。標準：小数・分数・複数項・計算の工夫を入れ、符号判断と処理を組み合わせる。
m-jh1-A-01-15s.txt,1-A-01-15,いろいろな計算－四則混合計算,四則混合計算,問題3,標準レベル,88,±10,1.2,計算処理・概念理解,前単元の基本事項,四則混合計算について、基礎の確認だけでなく複数の判断や計算処理を組み合わせる必要があるため。,基礎：符号・計算順序・用語を1つずつ確認する単問中心。標準：小数・分数・複数項・計算の工夫を入れ、符号判断と処理を組み合わせる。
m-jh1-A-01-15s.txt,1-A-01-15,いろいろな計算－四則混合計算,四則混合計算,問題4,標準レベル,92,±10,1.2,計算処理・概念理解,前単元の基本事項,四則混合計算について、基礎の確認だけでなく複数の判断や計算処理を組み合わせる必要があるため。,基礎：符号・計算順序・用語を1つずつ確認する単問中心。標準：小数・分数・複数項・計算の工夫を入れ、符号判断と処理を組み合わせる。
m-jh1-A-01-16b.txt,1-A-01-16,いろいろな計算－累乗が含まれる計算,累乗が含まれる計算,問題1,基礎レベル,55,±10,1.0,正負の数の乗除・符号判断,正負の数・乗法・除法・分数計算,,基礎：符号・計算順序・用語を1つずつ確認する単問中心。標準：小数・分数・複数項・計算の工夫を入れ、符号判断と処理を組み合わせる。
m-jh1-A-01-16b.txt,1-A-01-16,いろいろな計算－累乗が含まれる計算,累乗が含まれる計算,問題2,基礎レベル,59,±10,1.0,正負の数の乗除・符号判断,正負の数・乗法・除法・分数計算,,基礎：符号・計算順序・用語を1つずつ確認する単問中心。標準：小数・分数・複数項・計算の工夫を入れ、符号判断と処理を組み合わせる。
m-jh1-A-01-16b.txt,1-A-01-16,いろいろな計算－累乗が含まれる計算,累乗が含まれる計算,問題3,基礎レベル,63,±10,1.0,正負の数の乗除・符号判断,正負の数・乗法・除法・分数計算,,基礎：符号・計算順序・用語を1つずつ確認する単問中心。標準：小数・分数・複数項・計算の工夫を入れ、符号判断と処理を組み合わせる。
m-jh1-A-01-16b.txt,1-A-01-16,いろいろな計算－累乗が含まれる計算,累乗が含まれる計算,問題4,基礎レベル,67,±10,1.0,正負の数の乗除・符号判断,正負の数・乗法・除法・分数計算,,基礎：符号・計算順序・用語を1つずつ確認する単問中心。標準：小数・分数・複数項・計算の工夫を入れ、符号判断と処理を組み合わせる。
m-jh1-A-01-16s.txt,1-A-01-16,いろいろな計算－累乗が含まれる計算,累乗が含まれる計算,問題1,標準レベル,83,±10,1.2,正負の数の乗除・符号判断,正負の数・乗法・除法・分数計算,累乗が含まれる計算について、基礎の確認だけでなく複数の判断や計算処理を組み合わせる必要があるため。,基礎：符号・計算順序・用語を1つずつ確認する単問中心。標準：小数・分数・複数項・計算の工夫を入れ、符号判断と処理を組み合わせる。
m-jh1-A-01-16s.txt,1-A-01-16,いろいろな計算－累乗が含まれる計算,累乗が含まれる計算,問題2,標準レベル,87,±10,1.2,正負の数の乗除・符号判断,正負の数・乗法・除法・分数計算,累乗が含まれる計算について、基礎の確認だけでなく複数の判断や計算処理を組み合わせる必要があるため。,基礎：符号・計算順序・用語を1つずつ確認する単問中心。標準：小数・分数・複数項・計算の工夫を入れ、符号判断と処理を組み合わせる。
m-jh1-A-01-16s.txt,1-A-01-16,いろいろな計算－累乗が含まれる計算,累乗が含まれる計算,問題3,標準レベル,91,±10,1.2,正負の数の乗除・符号判断,正負の数・乗法・除法・分数計算,累乗が含まれる計算について、基礎の確認だけでなく複数の判断や計算処理を組み合わせる必要があるため。,基礎：符号・計算順序・用語を1つずつ確認する単問中心。標準：小数・分数・複数項・計算の工夫を入れ、符号判断と処理を組み合わせる。
m-jh1-A-01-16s.txt,1-A-01-16,いろいろな計算－累乗が含まれる計算,累乗が含まれる計算,問題4,標準レベル,95,±10,1.2,正負の数の乗除・符号判断,正負の数・乗法・除法・分数計算,累乗が含まれる計算について、基礎の確認だけでなく複数の判断や計算処理を組み合わせる必要があるため。,基礎：符号・計算順序・用語を1つずつ確認する単問中心。標準：小数・分数・複数項・計算の工夫を入れ、符号判断と処理を組み合わせる。
m-jh1-A-01-16s.txt,1-A-01-16,いろいろな計算－累乗が含まれる計算,累乗が含まれる計算,問題5,標準レベル,99,±10,1.2,正負の数の乗除・符号判断,正負の数・乗法・除法・分数計算,累乗が含まれる計算について、基礎の確認だけでなく複数の判断や計算処理を組み合わせる必要があるため。,基礎：符号・計算順序・用語を1つずつ確認する単問中心。標準：小数・分数・複数項・計算の工夫を入れ、符号判断と処理を組み合わせる。
m-jh1-A-01-17b.txt,1-A-01-17,いろいろな計算－分配法則を利用した計算,分配法則を利用した計算,問題1,基礎レベル,58,±10,1.0,文字式の構造理解・式変形,正負の数・文字式の基本,,基礎：文字式の用語や1段階の式変形を確認する。標準：複数の項、符号、分配法則、同類項の整理を組み合わせて処理させる。
m-jh1-A-01-17b.txt,1-A-01-17,いろいろな計算－分配法則を利用した計算,分配法則を利用した計算,問題2,基礎レベル,62,±10,1.0,文字式の構造理解・式変形,正負の数・文字式の基本,,基礎：文字式の用語や1段階の式変形を確認する。標準：複数の項、符号、分配法則、同類項の整理を組み合わせて処理させる。
m-jh1-A-01-17b.txt,1-A-01-17,いろいろな計算－分配法則を利用した計算,分配法則を利用した計算,問題3,基礎レベル,66,±10,1.0,文字式の構造理解・式変形,正負の数・文字式の基本,,基礎：文字式の用語や1段階の式変形を確認する。標準：複数の項、符号、分配法則、同類項の整理を組み合わせて処理させる。
m-jh1-A-01-17b.txt,1-A-01-17,いろいろな計算－分配法則を利用した計算,分配法則を利用した計算,問題4,基礎レベル,70,±10,1.0,文字式の構造理解・式変形,正負の数・文字式の基本,,基礎：文字式の用語や1段階の式変形を確認する。標準：複数の項、符号、分配法則、同類項の整理を組み合わせて処理させる。
m-jh1-A-01-17s.txt,1-A-01-17,いろいろな計算－分配法則を利用した計算,分配法則を利用した計算,問題1,標準レベル,86,±10,1.2,文字式の構造理解・式変形,正負の数・文字式の基本,分配法則を利用した計算について、基礎の確認だけでなく複数の判断や計算処理を組み合わせる必要があるため。,基礎：文字式の用語や1段階の式変形を確認する。標準：複数の項、符号、分配法則、同類項の整理を組み合わせて処理させる。
m-jh1-A-01-17s.txt,1-A-01-17,いろいろな計算－分配法則を利用した計算,分配法則を利用した計算,問題2,標準レベル,90,±10,1.2,文字式の構造理解・式変形,正負の数・文字式の基本,分配法則を利用した計算について、基礎の確認だけでなく複数の判断や計算処理を組み合わせる必要があるため。,基礎：文字式の用語や1段階の式変形を確認する。標準：複数の項、符号、分配法則、同類項の整理を組み合わせて処理させる。
m-jh1-A-01-17s.txt,1-A-01-17,いろいろな計算－分配法則を利用した計算,分配法則を利用した計算,問題3,標準レベル,94,±10,1.2,文字式の構造理解・式変形,正負の数・文字式の基本,分配法則を利用した計算について、基礎の確認だけでなく複数の判断や計算処理を組み合わせる必要があるため。,基礎：文字式の用語や1段階の式変形を確認する。標準：複数の項、符号、分配法則、同類項の整理を組み合わせて処理させる。
m-jh1-A-01-17s.txt,1-A-01-17,いろいろな計算－分配法則を利用した計算,分配法則を利用した計算,問題4,標準レベル,98,±10,1.2,文字式の構造理解・式変形,正負の数・文字式の基本,分配法則を利用した計算について、基礎の確認だけでなく複数の判断や計算処理を組み合わせる必要があるため。,基礎：文字式の用語や1段階の式変形を確認する。標準：複数の項、符号、分配法則、同類項の整理を組み合わせて処理させる。
m-jh1-A-01-17s.txt,1-A-01-17,いろいろな計算－分配法則を利用した計算,分配法則を利用した計算,問題5,標準レベル,102,±10,1.3,文字式の構造理解・式変形,正負の数・文字式の基本,分配法則を利用した計算について、基礎の確認だけでなく複数の判断や計算処理を組み合わせる必要があるため。,基礎：文字式の用語や1段階の式変形を確認する。標準：複数の項、符号、分配法則、同類項の整理を組み合わせて処理させる。
m-jh1-A-01-17s.txt,1-A-01-17,いろいろな計算－分配法則を利用した計算,分配法則を利用した計算,問題6,標準レベル,106,±10,1.3,文字式の構造理解・式変形,正負の数・文字式の基本,分配法則を利用した計算について、基礎の確認だけでなく複数の判断や計算処理を組み合わせる必要があるため。,基礎：文字式の用語や1段階の式変形を確認する。標準：複数の項、符号、分配法則、同類項の整理を組み合わせて処理させる。
m-jh1-A-01-18b.txt,1-A-01-18,いろいろな計算－数の集合（数＞整数＞自然数）,数の集合（数＞整数＞自然数）,問題1,基礎レベル,61,±10,1.0,計算処理・概念理解,前単元の基本事項,,基礎：符号・計算順序・用語を1つずつ確認する単問中心。標準：小数・分数・複数項・計算の工夫を入れ、符号判断と処理を組み合わせる。
m-jh1-A-01-18b.txt,1-A-01-18,いろいろな計算－数の集合（数＞整数＞自然数）,数の集合（数＞整数＞自然数）,問題2,基礎レベル,65,±10,1.0,計算処理・概念理解,前単元の基本事項,,基礎：符号・計算順序・用語を1つずつ確認する単問中心。標準：小数・分数・複数項・計算の工夫を入れ、符号判断と処理を組み合わせる。
m-jh1-A-01-18b.txt,1-A-01-18,いろいろな計算－数の集合（数＞整数＞自然数）,数の集合（数＞整数＞自然数）,問題3,基礎レベル,69,±10,1.0,計算処理・概念理解,前単元の基本事項,,基礎：符号・計算順序・用語を1つずつ確認する単問中心。標準：小数・分数・複数項・計算の工夫を入れ、符号判断と処理を組み合わせる。
m-jh1-A-01-18b.txt,1-A-01-18,いろいろな計算－数の集合（数＞整数＞自然数）,数の集合（数＞整数＞自然数）,問題4,基礎レベル,73,±10,1.0,計算処理・概念理解,前単元の基本事項,,基礎：符号・計算順序・用語を1つずつ確認する単問中心。標準：小数・分数・複数項・計算の工夫を入れ、符号判断と処理を組み合わせる。
m-jh1-A-01-18b.txt,1-A-01-18,いろいろな計算－数の集合（数＞整数＞自然数）,数の集合（数＞整数＞自然数）,問題5,基礎レベル,77,±10,1.0,計算処理・概念理解,前単元の基本事項,,基礎：符号・計算順序・用語を1つずつ確認する単問中心。標準：小数・分数・複数項・計算の工夫を入れ、符号判断と処理を組み合わせる。
m-jh1-A-01-18b.txt,1-A-01-18,いろいろな計算－数の集合（数＞整数＞自然数）,数の集合（数＞整数＞自然数）,問題6,基礎レベル,81,±10,1.1,計算処理・概念理解,前単元の基本事項,,基礎：符号・計算順序・用語を1つずつ確認する単問中心。標準：小数・分数・複数項・計算の工夫を入れ、符号判断と処理を組み合わせる。
m-jh1-A-01-18b.txt,1-A-01-18,いろいろな計算－数の集合（数＞整数＞自然数）,数の集合（数＞整数＞自然数）,問題7,基礎レベル,85,±10,1.1,計算処理・概念理解,前単元の基本事項,,基礎：符号・計算順序・用語を1つずつ確認する単問中心。標準：小数・分数・複数項・計算の工夫を入れ、符号判断と処理を組み合わせる。
m-jh1-A-01-18b.txt,1-A-01-18,いろいろな計算－数の集合（数＞整数＞自然数）,数の集合（数＞整数＞自然数）,問題8,基礎レベル,89,±10,1.1,計算処理・概念理解,前単元の基本事項,,基礎：符号・計算順序・用語を1つずつ確認する単問中心。標準：小数・分数・複数項・計算の工夫を入れ、符号判断と処理を組み合わせる。
m-jh1-A-01-19b.txt,1-A-01-19,いろいろな計算－正の数・負の数の利用（表問題）,正の数・負の数の利用（表問題）,問題1,基礎レベル,64,±10,1.0,計算処理・概念理解,前単元の基本事項,,基礎：定義・公式・基本手順を1つずつ確認する。標準：条件整理や複数手順を加え、定期テスト中心問題として判断力を問う。
m-jh1-A-01-19b.txt,1-A-01-19,いろいろな計算－正の数・負の数の利用（表問題）,正の数・負の数の利用（表問題）,問題2,基礎レベル,68,±10,1.0,計算処理・概念理解,前単元の基本事項,,基礎：定義・公式・基本手順を1つずつ確認する。標準：条件整理や複数手順を加え、定期テスト中心問題として判断力を問う。
m-jh1-A-01-19b.txt,1-A-01-19,いろいろな計算－正の数・負の数の利用（表問題）,正の数・負の数の利用（表問題）,問題3,基礎レベル,72,±10,1.0,計算処理・概念理解,前単元の基本事項,,基礎：定義・公式・基本手順を1つずつ確認する。標準：条件整理や複数手順を加え、定期テスト中心問題として判断力を問う。
m-jh1-A-01-19s.txt,1-A-01-19,いろいろな計算－正の数・負の数の利用（表問題）,正の数・負の数の利用（表問題）,問題1,標準レベル,92,±10,1.2,計算処理・概念理解,前単元の基本事項,正の数・負の数の利用（表問題）について、基礎の確認だけでなく複数の判断や計算処理を組み合わせる必要があるため。,基礎：定義・公式・基本手順を1つずつ確認する。標準：条件整理や複数手順を加え、定期テスト中心問題として判断力を問う。
m-jh1-A-01-19s.txt,1-A-01-19,いろいろな計算－正の数・負の数の利用（表問題）,正の数・負の数の利用（表問題）,問題2,標準レベル,96,±10,1.2,計算処理・概念理解,前単元の基本事項,正の数・負の数の利用（表問題）について、基礎の確認だけでなく複数の判断や計算処理を組み合わせる必要があるため。,基礎：定義・公式・基本手順を1つずつ確認する。標準：条件整理や複数手順を加え、定期テスト中心問題として判断力を問う。
m-jh1-A-01-19s.txt,1-A-01-19,いろいろな計算－正の数・負の数の利用（表問題）,正の数・負の数の利用（表問題）,問題3,標準レベル,100,±10,1.3,計算処理・概念理解,前単元の基本事項,正の数・負の数の利用（表問題）について、基礎の確認だけでなく複数の判断や計算処理を組み合わせる必要があるため。,基礎：定義・公式・基本手順を1つずつ確認する。標準：条件整理や複数手順を加え、定期テスト中心問題として判断力を問う。
m-jh1-A-01-20b.txt,1-A-01-20,いろいろな計算－素数と素因数分解,素数と素因数分解,問題1,基礎レベル,67,±10,1.0,因数分解の公式適用・構造認識,展開・乗法の公式・共通因数,,基礎：共通因数や公式を直接使って因数分解する。標準：共通因数を先にくくる、積と和を探す、置き換えるなど構造判断を加える。
m-jh1-A-01-20b.txt,1-A-01-20,いろいろな計算－素数と素因数分解,素数と素因数分解,問題2,基礎レベル,71,±10,1.0,因数分解の公式適用・構造認識,展開・乗法の公式・共通因数,,基礎：共通因数や公式を直接使って因数分解する。標準：共通因数を先にくくる、積と和を探す、置き換えるなど構造判断を加える。
m-jh1-A-01-20b.txt,1-A-01-20,いろいろな計算－素数と素因数分解,素数と素因数分解,問題3,基礎レベル,75,±10,1.0,因数分解の公式適用・構造認識,展開・乗法の公式・共通因数,,基礎：共通因数や公式を直接使って因数分解する。標準：共通因数を先にくくる、積と和を探す、置き換えるなど構造判断を加える。
m-jh1-A-01-20b.txt,1-A-01-20,いろいろな計算－素数と素因数分解,素数と素因数分解,問題4,基礎レベル,79,±10,1.0,因数分解の公式適用・構造認識,展開・乗法の公式・共通因数,,基礎：共通因数や公式を直接使って因数分解する。標準：共通因数を先にくくる、積と和を探す、置き換えるなど構造判断を加える。
m-jh1-A-01-20b.txt,1-A-01-20,いろいろな計算－素数と素因数分解,素数と素因数分解,問題5,基礎レベル,83,±10,1.1,因数分解の公式適用・構造認識,展開・乗法の公式・共通因数,,基礎：共通因数や公式を直接使って因数分解する。標準：共通因数を先にくくる、積と和を探す、置き換えるなど構造判断を加える。
m-jh1-A-01-21b.txt,1-A-01-21,いろいろな計算－素因数分解の利用,素因数分解の利用,問題1,基礎レベル,70,±10,1.0,平方根の性質・根号計算,正負の数・平方数・根号の意味,,基礎：平方根の意味、大小、根号計算の基本を確認する。標準：変形、近似、条件判断を組み合わせて根号の性質を使い分ける。
m-jh1-A-01-21b.txt,1-A-01-21,いろいろな計算－素因数分解の利用,素因数分解の利用,問題2,基礎レベル,74,±10,1.0,平方根の性質・根号計算,正負の数・平方数・根号の意味,,基礎：平方根の意味、大小、根号計算の基本を確認する。標準：変形、近似、条件判断を組み合わせて根号の性質を使い分ける。
m-jh1-A-01-21b.txt,1-A-01-21,いろいろな計算－素因数分解の利用,素因数分解の利用,問題3,基礎レベル,78,±10,1.0,平方根の性質・根号計算,正負の数・平方数・根号の意味,,基礎：平方根の意味、大小、根号計算の基本を確認する。標準：変形、近似、条件判断を組み合わせて根号の性質を使い分ける。
m-jh1-A-01-21s.txt,1-A-01-21,いろいろな計算－素因数分解の利用,素因数分解の利用,問題1,標準レベル,98,±10,1.2,平方根の性質・根号計算,正負の数・平方数・根号の意味,素因数分解の利用について、基礎の確認だけでなく複数の判断や計算処理を組み合わせる必要があるため。,基礎：平方根の意味、大小、根号計算の基本を確認する。標準：変形、近似、条件判断を組み合わせて根号の性質を使い分ける。
m-jh1-A-01-21s.txt,1-A-01-21,いろいろな計算－素因数分解の利用,素因数分解の利用,問題2,標準レベル,102,±10,1.3,平方根の性質・根号計算,正負の数・平方数・根号の意味,素因数分解の利用について、基礎の確認だけでなく複数の判断や計算処理を組み合わせる必要があるため。,基礎：平方根の意味、大小、根号計算の基本を確認する。標準：変形、近似、条件判断を組み合わせて根号の性質を使い分ける。
m-jh1-A-01-21s.txt,1-A-01-21,いろいろな計算－素因数分解の利用,素因数分解の利用,問題3,標準レベル,106,±10,1.3,平方根の性質・根号計算,正負の数・平方数・根号の意味,素因数分解の利用について、基礎の確認だけでなく複数の判断や計算処理を組み合わせる必要があるため。,基礎：平方根の意味、大小、根号計算の基本を確認する。標準：変形、近似、条件判断を組み合わせて根号の性質を使い分ける。
m-jh1-A-02-01b.txt,1-A-02-01,文字と式－文字を使った式,文字を使った式,問題1,基礎レベル,28,±10,1.0,文字式の構造理解・式変形,正負の数・文字式の基本,,基礎：文字式の用語や1段階の式変形を確認する。標準：複数の項、符号、分配法則、同類項の整理を組み合わせて処理させる。
m-jh1-A-02-01b.txt,1-A-02-01,文字と式－文字を使った式,文字を使った式,問題2,基礎レベル,32,±10,1.0,文字式の構造理解・式変形,正負の数・文字式の基本,,基礎：文字式の用語や1段階の式変形を確認する。標準：複数の項、符号、分配法則、同類項の整理を組み合わせて処理させる。
m-jh1-A-02-01b.txt,1-A-02-01,文字と式－文字を使った式,文字を使った式,問題3,基礎レベル,36,±10,1.0,文字式の構造理解・式変形,正負の数・文字式の基本,,基礎：文字式の用語や1段階の式変形を確認する。標準：複数の項、符号、分配法則、同類項の整理を組み合わせて処理させる。
m-jh1-A-02-01b.txt,1-A-02-01,文字と式－文字を使った式,文字を使った式,問題4,基礎レベル,40,±10,1.0,文字式の構造理解・式変形,正負の数・文字式の基本,,基礎：文字式の用語や1段階の式変形を確認する。標準：複数の項、符号、分配法則、同類項の整理を組み合わせて処理させる。
m-jh1-A-02-01b.txt,1-A-02-01,文字と式－文字を使った式,文字を使った式,問題5,基礎レベル,44,±10,1.0,文字式の構造理解・式変形,正負の数・文字式の基本,,基礎：文字式の用語や1段階の式変形を確認する。標準：複数の項、符号、分配法則、同類項の整理を組み合わせて処理させる。
m-jh1-A-02-01b.txt,1-A-02-01,文字と式－文字を使った式,文字を使った式,問題6,基礎レベル,48,±10,1.0,文字式の構造理解・式変形,正負の数・文字式の基本,,基礎：文字式の用語や1段階の式変形を確認する。標準：複数の項、符号、分配法則、同類項の整理を組み合わせて処理させる。
m-jh1-A-02-02b.txt,1-A-02-02,文字と式－文字式の表し方,文字式の表し方,問題1,基礎レベル,31,±10,1.0,文字式の構造理解・式変形,正負の数・文字式の基本,,基礎：文字式の用語や1段階の式変形を確認する。標準：複数の項、符号、分配法則、同類項の整理を組み合わせて処理させる。
m-jh1-A-02-02b.txt,1-A-02-02,文字と式－文字式の表し方,文字式の表し方,問題2,基礎レベル,35,±10,1.0,文字式の構造理解・式変形,正負の数・文字式の基本,,基礎：文字式の用語や1段階の式変形を確認する。標準：複数の項、符号、分配法則、同類項の整理を組み合わせて処理させる。
m-jh1-A-02-02b.txt,1-A-02-02,文字と式－文字式の表し方,文字式の表し方,問題3,基礎レベル,39,±10,1.0,文字式の構造理解・式変形,正負の数・文字式の基本,,基礎：文字式の用語や1段階の式変形を確認する。標準：複数の項、符号、分配法則、同類項の整理を組み合わせて処理させる。
m-jh1-A-02-02b.txt,1-A-02-02,文字と式－文字式の表し方,文字式の表し方,問題4,基礎レベル,43,±10,1.0,文字式の構造理解・式変形,正負の数・文字式の基本,,基礎：文字式の用語や1段階の式変形を確認する。標準：複数の項、符号、分配法則、同類項の整理を組み合わせて処理させる。
m-jh1-A-02-02b.txt,1-A-02-02,文字と式－文字式の表し方,文字式の表し方,問題5,基礎レベル,47,±10,1.0,文字式の構造理解・式変形,正負の数・文字式の基本,,基礎：文字式の用語や1段階の式変形を確認する。標準：複数の項、符号、分配法則、同類項の整理を組み合わせて処理させる。
m-jh1-A-02-02b.txt,1-A-02-02,文字と式－文字式の表し方,文字式の表し方,問題6,基礎レベル,51,±10,1.0,文字式の構造理解・式変形,正負の数・文字式の基本,,基礎：文字式の用語や1段階の式変形を確認する。標準：複数の項、符号、分配法則、同類項の整理を組み合わせて処理させる。
m-jh1-A-02-02b.txt,1-A-02-02,文字と式－文字式の表し方,文字式の表し方,問題7,基礎レベル,55,±10,1.0,文字式の構造理解・式変形,正負の数・文字式の基本,,基礎：文字式の用語や1段階の式変形を確認する。標準：複数の項、符号、分配法則、同類項の整理を組み合わせて処理させる。
m-jh1-A-02-02b.txt,1-A-02-02,文字と式－文字式の表し方,文字式の表し方,問題8,基礎レベル,59,±10,1.0,文字式の構造理解・式変形,正負の数・文字式の基本,,基礎：文字式の用語や1段階の式変形を確認する。標準：複数の項、符号、分配法則、同類項の整理を組み合わせて処理させる。
m-jh1-A-02-02b.txt,1-A-02-02,文字と式－文字式の表し方,文字式の表し方,問題9,基礎レベル,63,±10,1.0,文字式の構造理解・式変形,正負の数・文字式の基本,,基礎：文字式の用語や1段階の式変形を確認する。標準：複数の項、符号、分配法則、同類項の整理を組み合わせて処理させる。
m-jh1-A-02-02b.txt,1-A-02-02,文字と式－文字式の表し方,文字式の表し方,問題10,基礎レベル,67,±10,1.0,文字式の構造理解・式変形,正負の数・文字式の基本,,基礎：文字式の用語や1段階の式変形を確認する。標準：複数の項、符号、分配法則、同類項の整理を組み合わせて処理させる。
m-jh1-A-02-02b.txt,1-A-02-02,文字と式－文字式の表し方,文字式の表し方,問題11,基礎レベル,71,±10,1.0,文字式の構造理解・式変形,正負の数・文字式の基本,,基礎：文字式の用語や1段階の式変形を確認する。標準：複数の項、符号、分配法則、同類項の整理を組み合わせて処理させる。
m-jh1-A-02-02b.txt,1-A-02-02,文字と式－文字式の表し方,文字式の表し方,問題12,基礎レベル,75,±10,1.0,文字式の構造理解・式変形,正負の数・文字式の基本,,基礎：文字式の用語や1段階の式変形を確認する。標準：複数の項、符号、分配法則、同類項の整理を組み合わせて処理させる。
m-jh1-A-02-02b.txt,1-A-02-02,文字と式－文字式の表し方,文字式の表し方,問題13,基礎レベル,79,±10,1.0,文字式の構造理解・式変形,正負の数・文字式の基本,,基礎：文字式の用語や1段階の式変形を確認する。標準：複数の項、符号、分配法則、同類項の整理を組み合わせて処理させる。
m-jh1-A-02-03b.txt,1-A-02-03,文字と式－いろいろな数量と文字式,いろいろな数量と文字式,問題1,基礎レベル,34,±10,1.0,文字式の構造理解・式変形,正負の数・文字式の基本,,基礎：文字式の用語や1段階の式変形を確認する。標準：複数の項、符号、分配法則、同類項の整理を組み合わせて処理させる。
m-jh1-A-02-03b.txt,1-A-02-03,文字と式－いろいろな数量と文字式,いろいろな数量と文字式,問題2,基礎レベル,38,±10,1.0,文字式の構造理解・式変形,正負の数・文字式の基本,,基礎：文字式の用語や1段階の式変形を確認する。標準：複数の項、符号、分配法則、同類項の整理を組み合わせて処理させる。
m-jh1-A-02-03b.txt,1-A-02-03,文字と式－いろいろな数量と文字式,いろいろな数量と文字式,問題3,基礎レベル,42,±10,1.0,文字式の構造理解・式変形,正負の数・文字式の基本,,基礎：文字式の用語や1段階の式変形を確認する。標準：複数の項、符号、分配法則、同類項の整理を組み合わせて処理させる。
m-jh1-A-02-03b.txt,1-A-02-03,文字と式－いろいろな数量と文字式,いろいろな数量と文字式,問題4,基礎レベル,46,±10,1.0,文字式の構造理解・式変形,正負の数・文字式の基本,,基礎：文字式の用語や1段階の式変形を確認する。標準：複数の項、符号、分配法則、同類項の整理を組み合わせて処理させる。
m-jh1-A-02-03b.txt,1-A-02-03,文字と式－いろいろな数量と文字式,いろいろな数量と文字式,問題5,基礎レベル,50,±10,1.0,文字式の構造理解・式変形,正負の数・文字式の基本,,基礎：文字式の用語や1段階の式変形を確認する。標準：複数の項、符号、分配法則、同類項の整理を組み合わせて処理させる。
m-jh1-A-02-03s.txt,1-A-02-03,文字と式－いろいろな数量と文字式,いろいろな数量と文字式,問題1,標準レベル,62,±10,1.2,文字式の構造理解・式変形,正負の数・文字式の基本,いろいろな数量と文字式について、基礎の確認だけでなく複数の判断や計算処理を組み合わせる必要があるため。,基礎：文字式の用語や1段階の式変形を確認する。標準：複数の項、符号、分配法則、同類項の整理を組み合わせて処理させる。
m-jh1-A-02-03s.txt,1-A-02-03,文字と式－いろいろな数量と文字式,いろいろな数量と文字式,問題2,標準レベル,66,±10,1.2,文字式の構造理解・式変形,正負の数・文字式の基本,いろいろな数量と文字式について、基礎の確認だけでなく複数の判断や計算処理を組み合わせる必要があるため。,基礎：文字式の用語や1段階の式変形を確認する。標準：複数の項、符号、分配法則、同類項の整理を組み合わせて処理させる。
m-jh1-A-02-03s.txt,1-A-02-03,文字と式－いろいろな数量と文字式,いろいろな数量と文字式,問題3,標準レベル,70,±10,1.2,文字式の構造理解・式変形,正負の数・文字式の基本,いろいろな数量と文字式について、基礎の確認だけでなく複数の判断や計算処理を組み合わせる必要があるため。,基礎：文字式の用語や1段階の式変形を確認する。標準：複数の項、符号、分配法則、同類項の整理を組み合わせて処理させる。
m-jh1-A-02-03s.txt,1-A-02-03,文字と式－いろいろな数量と文字式,いろいろな数量と文字式,問題4,標準レベル,74,±10,1.2,文字式の構造理解・式変形,正負の数・文字式の基本,いろいろな数量と文字式について、基礎の確認だけでなく複数の判断や計算処理を組み合わせる必要があるため。,基礎：文字式の用語や1段階の式変形を確認する。標準：複数の項、符号、分配法則、同類項の整理を組み合わせて処理させる。
m-jh1-A-02-03s.txt,1-A-02-03,文字と式－いろいろな数量と文字式,いろいろな数量と文字式,問題5,標準レベル,78,±10,1.2,文字式の構造理解・式変形,正負の数・文字式の基本,いろいろな数量と文字式について、基礎の確認だけでなく複数の判断や計算処理を組み合わせる必要があるため。,基礎：文字式の用語や1段階の式変形を確認する。標準：複数の項、符号、分配法則、同類項の整理を組み合わせて処理させる。
m-jh1-A-02-03s.txt,1-A-02-03,文字と式－いろいろな数量と文字式,いろいろな数量と文字式,問題6,標準レベル,82,±10,1.2,文字式の構造理解・式変形,正負の数・文字式の基本,いろいろな数量と文字式について、基礎の確認だけでなく複数の判断や計算処理を組み合わせる必要があるため。,基礎：文字式の用語や1段階の式変形を確認する。標準：複数の項、符号、分配法則、同類項の整理を組み合わせて処理させる。
m-jh1-A-02-03s.txt,1-A-02-03,文字と式－いろいろな数量と文字式,いろいろな数量と文字式,問題7,標準レベル,86,±10,1.2,文字式の構造理解・式変形,正負の数・文字式の基本,いろいろな数量と文字式について、基礎の確認だけでなく複数の判断や計算処理を組み合わせる必要があるため。,基礎：文字式の用語や1段階の式変形を確認する。標準：複数の項、符号、分配法則、同類項の整理を組み合わせて処理させる。
m-jh1-A-02-03s.txt,1-A-02-03,文字と式－いろいろな数量と文字式,いろいろな数量と文字式,問題8,標準レベル,90,±10,1.2,文字式の構造理解・式変形,正負の数・文字式の基本,いろいろな数量と文字式について、基礎の確認だけでなく複数の判断や計算処理を組み合わせる必要があるため。,基礎：文字式の用語や1段階の式変形を確認する。標準：複数の項、符号、分配法則、同類項の整理を組み合わせて処理させる。
m-jh1-A-02-03s.txt,1-A-02-03,文字と式－いろいろな数量と文字式,いろいろな数量と文字式,問題9,標準レベル,94,±10,1.2,文字式の構造理解・式変形,正負の数・文字式の基本,いろいろな数量と文字式について、基礎の確認だけでなく複数の判断や計算処理を組み合わせる必要があるため。,基礎：文字式の用語や1段階の式変形を確認する。標準：複数の項、符号、分配法則、同類項の整理を組み合わせて処理させる。
m-jh1-A-02-03s.txt,1-A-02-03,文字と式－いろいろな数量と文字式,いろいろな数量と文字式,問題10,標準レベル,98,±10,1.2,文字式の構造理解・式変形,正負の数・文字式の基本,いろいろな数量と文字式について、基礎の確認だけでなく複数の判断や計算処理を組み合わせる必要があるため。,基礎：文字式の用語や1段階の式変形を確認する。標準：複数の項、符号、分配法則、同類項の整理を組み合わせて処理させる。
m-jh1-A-02-03s.txt,1-A-02-03,文字と式－いろいろな数量と文字式,いろいろな数量と文字式,問題11,標準レベル,102,±10,1.3,文字式の構造理解・式変形,正負の数・文字式の基本,いろいろな数量と文字式について、基礎の確認だけでなく複数の判断や計算処理を組み合わせる必要があるため。,基礎：文字式の用語や1段階の式変形を確認する。標準：複数の項、符号、分配法則、同類項の整理を組み合わせて処理させる。
m-jh1-A-02-03s.txt,1-A-02-03,文字と式－いろいろな数量と文字式,いろいろな数量と文字式,問題12,標準レベル,106,±10,1.3,文字式の構造理解・式変形,正負の数・文字式の基本,いろいろな数量と文字式について、基礎の確認だけでなく複数の判断や計算処理を組み合わせる必要があるため。,基礎：文字式の用語や1段階の式変形を確認する。標準：複数の項、符号、分配法則、同類項の整理を組み合わせて処理させる。
m-jh1-A-02-04b.txt,1-A-02-04,文字と式－式の値（代入）,式の値（代入）,問題1,基礎レベル,37,±10,1.0,文字式の構造理解・式変形,正負の数・文字式の基本,,基礎：文字式の用語や1段階の式変形を確認する。標準：複数の項、符号、分配法則、同類項の整理を組み合わせて処理させる。
m-jh1-A-02-04b.txt,1-A-02-04,文字と式－式の値（代入）,式の値（代入）,問題2,基礎レベル,41,±10,1.0,文字式の構造理解・式変形,正負の数・文字式の基本,,基礎：文字式の用語や1段階の式変形を確認する。標準：複数の項、符号、分配法則、同類項の整理を組み合わせて処理させる。
m-jh1-A-02-04b.txt,1-A-02-04,文字と式－式の値（代入）,式の値（代入）,問題3,基礎レベル,45,±10,1.0,文字式の構造理解・式変形,正負の数・文字式の基本,,基礎：文字式の用語や1段階の式変形を確認する。標準：複数の項、符号、分配法則、同類項の整理を組み合わせて処理させる。
m-jh1-A-02-04b.txt,1-A-02-04,文字と式－式の値（代入）,式の値（代入）,問題4,基礎レベル,49,±10,1.0,文字式の構造理解・式変形,正負の数・文字式の基本,,基礎：文字式の用語や1段階の式変形を確認する。標準：複数の項、符号、分配法則、同類項の整理を組み合わせて処理させる。
m-jh1-A-02-04b.txt,1-A-02-04,文字と式－式の値（代入）,式の値（代入）,問題5,基礎レベル,53,±10,1.0,文字式の構造理解・式変形,正負の数・文字式の基本,,基礎：文字式の用語や1段階の式変形を確認する。標準：複数の項、符号、分配法則、同類項の整理を組み合わせて処理させる。
m-jh1-A-02-04b.txt,1-A-02-04,文字と式－式の値（代入）,式の値（代入）,問題6,基礎レベル,57,±10,1.0,文字式の構造理解・式変形,正負の数・文字式の基本,,基礎：文字式の用語や1段階の式変形を確認する。標準：複数の項、符号、分配法則、同類項の整理を組み合わせて処理させる。
m-jh1-A-02-04b.txt,1-A-02-04,文字と式－式の値（代入）,式の値（代入）,問題7,基礎レベル,61,±10,1.0,文字式の構造理解・式変形,正負の数・文字式の基本,,基礎：文字式の用語や1段階の式変形を確認する。標準：複数の項、符号、分配法則、同類項の整理を組み合わせて処理させる。
m-jh1-A-02-04b.txt,1-A-02-04,文字と式－式の値（代入）,式の値（代入）,問題8,基礎レベル,65,±10,1.0,文字式の構造理解・式変形,正負の数・文字式の基本,,基礎：文字式の用語や1段階の式変形を確認する。標準：複数の項、符号、分配法則、同類項の整理を組み合わせて処理させる。
m-jh1-A-02-04b.txt,1-A-02-04,文字と式－式の値（代入）,式の値（代入）,問題9,基礎レベル,69,±10,1.0,文字式の構造理解・式変形,正負の数・文字式の基本,,基礎：文字式の用語や1段階の式変形を確認する。標準：複数の項、符号、分配法則、同類項の整理を組み合わせて処理させる。
m-jh1-A-02-04b.txt,1-A-02-04,文字と式－式の値（代入）,式の値（代入）,問題10,基礎レベル,73,±10,1.0,文字式の構造理解・式変形,正負の数・文字式の基本,,基礎：文字式の用語や1段階の式変形を確認する。標準：複数の項、符号、分配法則、同類項の整理を組み合わせて処理させる。
m-jh1-A-02-04b.txt,1-A-02-04,文字と式－式の値（代入）,式の値（代入）,問題11,基礎レベル,77,±10,1.0,文字式の構造理解・式変形,正負の数・文字式の基本,,基礎：文字式の用語や1段階の式変形を確認する。標準：複数の項、符号、分配法則、同類項の整理を組み合わせて処理させる。
m-jh1-A-02-04b.txt,1-A-02-04,文字と式－式の値（代入）,式の値（代入）,問題12,基礎レベル,81,±10,1.1,文字式の構造理解・式変形,正負の数・文字式の基本,,基礎：文字式の用語や1段階の式変形を確認する。標準：複数の項、符号、分配法則、同類項の整理を組み合わせて処理させる。
m-jh1-A-02-04b.txt,1-A-02-04,文字と式－式の値（代入）,式の値（代入）,問題13,基礎レベル,85,±10,1.1,文字式の構造理解・式変形,正負の数・文字式の基本,,基礎：文字式の用語や1段階の式変形を確認する。標準：複数の項、符号、分配法則、同類項の整理を組み合わせて処理させる。
m-jh1-A-02-04s.txt,1-A-02-04,文字と式－式の値（代入）,式の値（代入）,問題1,標準レベル,65,±10,1.2,文字式の構造理解・式変形,正負の数・文字式の基本,式の値（代入）について、基礎の確認だけでなく複数の判断や計算処理を組み合わせる必要があるため。,基礎：文字式の用語や1段階の式変形を確認する。標準：複数の項、符号、分配法則、同類項の整理を組み合わせて処理させる。
m-jh1-A-02-04s.txt,1-A-02-04,文字と式－式の値（代入）,式の値（代入）,問題2,標準レベル,69,±10,1.2,文字式の構造理解・式変形,正負の数・文字式の基本,式の値（代入）について、基礎の確認だけでなく複数の判断や計算処理を組み合わせる必要があるため。,基礎：文字式の用語や1段階の式変形を確認する。標準：複数の項、符号、分配法則、同類項の整理を組み合わせて処理させる。
m-jh1-A-02-05b.txt,1-A-02-05,文字と式－項と係数の関係,項と係数の関係,問題1,基礎レベル,40,±10,1.0,文字式の構造理解・式変形,正負の数・文字式の基本,,基礎：文字式の用語や1段階の式変形を確認する。標準：複数の項、符号、分配法則、同類項の整理を組み合わせて処理させる。
m-jh1-A-02-05b.txt,1-A-02-05,文字と式－項と係数の関係,項と係数の関係,問題2,基礎レベル,44,±10,1.0,文字式の構造理解・式変形,正負の数・文字式の基本,,基礎：文字式の用語や1段階の式変形を確認する。標準：複数の項、符号、分配法則、同類項の整理を組み合わせて処理させる。
m-jh1-A-02-05b.txt,1-A-02-05,文字と式－項と係数の関係,項と係数の関係,問題3,基礎レベル,48,±10,1.0,文字式の構造理解・式変形,正負の数・文字式の基本,,基礎：文字式の用語や1段階の式変形を確認する。標準：複数の項、符号、分配法則、同類項の整理を組み合わせて処理させる。
m-jh1-A-02-05b.txt,1-A-02-05,文字と式－項と係数の関係,項と係数の関係,問題4,基礎レベル,52,±10,1.0,文字式の構造理解・式変形,正負の数・文字式の基本,,基礎：文字式の用語や1段階の式変形を確認する。標準：複数の項、符号、分配法則、同類項の整理を組み合わせて処理させる。
m-jh1-A-02-05b.txt,1-A-02-05,文字と式－項と係数の関係,項と係数の関係,問題5,基礎レベル,56,±10,1.0,文字式の構造理解・式変形,正負の数・文字式の基本,,基礎：文字式の用語や1段階の式変形を確認する。標準：複数の項、符号、分配法則、同類項の整理を組み合わせて処理させる。
m-jh1-A-02-05s.txt,1-A-02-05,文字と式－項と係数の関係,項と係数の関係,問題1,標準レベル,68,±10,1.2,文字式の構造理解・式変形,正負の数・文字式の基本,項と係数の関係について、基礎の確認だけでなく複数の判断や計算処理を組み合わせる必要があるため。,基礎：文字式の用語や1段階の式変形を確認する。標準：複数の項、符号、分配法則、同類項の整理を組み合わせて処理させる。
m-jh1-A-02-05s.txt,1-A-02-05,文字と式－項と係数の関係,項と係数の関係,問題2,標準レベル,72,±10,1.2,文字式の構造理解・式変形,正負の数・文字式の基本,項と係数の関係について、基礎の確認だけでなく複数の判断や計算処理を組み合わせる必要があるため。,基礎：文字式の用語や1段階の式変形を確認する。標準：複数の項、符号、分配法則、同類項の整理を組み合わせて処理させる。
m-jh1-A-02-06b.txt,1-A-02-06,文字と式－文字式の加法と減法,文字式の加法と減法,問題1,基礎レベル,43,±10,1.0,正負の数の符号判断・計算処理,小学校の数・数直線・正負の数,,基礎：符号・計算順序・用語を1つずつ確認する単問中心。標準：小数・分数・複数項・計算の工夫を入れ、符号判断と処理を組み合わせる。
m-jh1-A-02-06b.txt,1-A-02-06,文字と式－文字式の加法と減法,文字式の加法と減法,問題2,基礎レベル,47,±10,1.0,正負の数の符号判断・計算処理,小学校の数・数直線・正負の数,,基礎：符号・計算順序・用語を1つずつ確認する単問中心。標準：小数・分数・複数項・計算の工夫を入れ、符号判断と処理を組み合わせる。
m-jh1-A-02-06b.txt,1-A-02-06,文字と式－文字式の加法と減法,文字式の加法と減法,問題3,基礎レベル,51,±10,1.0,正負の数の符号判断・計算処理,小学校の数・数直線・正負の数,,基礎：符号・計算順序・用語を1つずつ確認する単問中心。標準：小数・分数・複数項・計算の工夫を入れ、符号判断と処理を組み合わせる。
m-jh1-A-02-06b.txt,1-A-02-06,文字と式－文字式の加法と減法,文字式の加法と減法,問題4,基礎レベル,55,±10,1.0,正負の数の符号判断・計算処理,小学校の数・数直線・正負の数,,基礎：符号・計算順序・用語を1つずつ確認する単問中心。標準：小数・分数・複数項・計算の工夫を入れ、符号判断と処理を組み合わせる。
m-jh1-A-02-06b.txt,1-A-02-06,文字と式－文字式の加法と減法,文字式の加法と減法,問題5,基礎レベル,59,±10,1.0,正負の数の符号判断・計算処理,小学校の数・数直線・正負の数,,基礎：符号・計算順序・用語を1つずつ確認する単問中心。標準：小数・分数・複数項・計算の工夫を入れ、符号判断と処理を組み合わせる。
m-jh1-A-02-06b.txt,1-A-02-06,文字と式－文字式の加法と減法,文字式の加法と減法,問題6,基礎レベル,63,±10,1.0,正負の数の符号判断・計算処理,小学校の数・数直線・正負の数,,基礎：符号・計算順序・用語を1つずつ確認する単問中心。標準：小数・分数・複数項・計算の工夫を入れ、符号判断と処理を組み合わせる。
m-jh1-A-02-06b.txt,1-A-02-06,文字と式－文字式の加法と減法,文字式の加法と減法,問題7,基礎レベル,67,±10,1.0,正負の数の符号判断・計算処理,小学校の数・数直線・正負の数,,基礎：符号・計算順序・用語を1つずつ確認する単問中心。標準：小数・分数・複数項・計算の工夫を入れ、符号判断と処理を組み合わせる。
m-jh1-A-02-06s.txt,1-A-02-06,文字と式－文字式の加法と減法,文字式の加法と減法,問題1,標準レベル,71,±10,1.2,正負の数の符号判断・計算処理,小学校の数・数直線・正負の数,文字式の加法と減法について、基礎の確認だけでなく複数の判断や計算処理を組み合わせる必要があるため。,基礎：符号・計算順序・用語を1つずつ確認する単問中心。標準：小数・分数・複数項・計算の工夫を入れ、符号判断と処理を組み合わせる。
m-jh1-A-02-06s.txt,1-A-02-06,文字と式－文字式の加法と減法,文字式の加法と減法,問題2,標準レベル,75,±10,1.2,正負の数の符号判断・計算処理,小学校の数・数直線・正負の数,文字式の加法と減法について、基礎の確認だけでなく複数の判断や計算処理を組み合わせる必要があるため。,基礎：符号・計算順序・用語を1つずつ確認する単問中心。標準：小数・分数・複数項・計算の工夫を入れ、符号判断と処理を組み合わせる。
m-jh1-A-02-07b.txt,1-A-02-07,文字と式－1次式の乗法（項が1つ・項が複数・分数）,1次式の乗法（項が1つ・項が複数・分数）,問題1,基礎レベル,46,±10,1.0,正負の数の乗除・符号判断,正負の数・乗法・除法・分数計算,,基礎：符号・計算順序・用語を1つずつ確認する単問中心。標準：小数・分数・複数項・計算の工夫を入れ、符号判断と処理を組み合わせる。
m-jh1-A-02-07b.txt,1-A-02-07,文字と式－1次式の乗法（項が1つ・項が複数・分数）,1次式の乗法（項が1つ・項が複数・分数）,問題2,基礎レベル,50,±10,1.0,正負の数の乗除・符号判断,正負の数・乗法・除法・分数計算,,基礎：符号・計算順序・用語を1つずつ確認する単問中心。標準：小数・分数・複数項・計算の工夫を入れ、符号判断と処理を組み合わせる。
m-jh1-A-02-07b.txt,1-A-02-07,文字と式－1次式の乗法（項が1つ・項が複数・分数）,1次式の乗法（項が1つ・項が複数・分数）,問題3,基礎レベル,54,±10,1.0,正負の数の乗除・符号判断,正負の数・乗法・除法・分数計算,,基礎：符号・計算順序・用語を1つずつ確認する単問中心。標準：小数・分数・複数項・計算の工夫を入れ、符号判断と処理を組み合わせる。
m-jh1-A-02-07b.txt,1-A-02-07,文字と式－1次式の乗法（項が1つ・項が複数・分数）,1次式の乗法（項が1つ・項が複数・分数）,問題4,基礎レベル,58,±10,1.0,正負の数の乗除・符号判断,正負の数・乗法・除法・分数計算,,基礎：符号・計算順序・用語を1つずつ確認する単問中心。標準：小数・分数・複数項・計算の工夫を入れ、符号判断と処理を組み合わせる。
m-jh1-A-02-07b.txt,1-A-02-07,文字と式－1次式の乗法（項が1つ・項が複数・分数）,1次式の乗法（項が1つ・項が複数・分数）,問題5,基礎レベル,62,±10,1.0,正負の数の乗除・符号判断,正負の数・乗法・除法・分数計算,,基礎：符号・計算順序・用語を1つずつ確認する単問中心。標準：小数・分数・複数項・計算の工夫を入れ、符号判断と処理を組み合わせる。
m-jh1-A-02-07b.txt,1-A-02-07,文字と式－1次式の乗法（項が1つ・項が複数・分数）,1次式の乗法（項が1つ・項が複数・分数）,問題6,基礎レベル,66,±10,1.0,正負の数の乗除・符号判断,正負の数・乗法・除法・分数計算,,基礎：符号・計算順序・用語を1つずつ確認する単問中心。標準：小数・分数・複数項・計算の工夫を入れ、符号判断と処理を組み合わせる。
m-jh1-A-02-07s.txt,1-A-02-07,文字と式－1次式の乗法（項が1つ・項が複数・分数）,1次式の乗法（項が1つ・項が複数・分数）,問題1,標準レベル,74,±10,1.2,正負の数の乗除・符号判断,正負の数・乗法・除法・分数計算,1次式の乗法（項が1つ・項が複数・分数）について、基礎の確認だけでなく複数の判断や計算処理を組み合わせる必要があるため。,基礎：符号・計算順序・用語を1つずつ確認する単問中心。標準：小数・分数・複数項・計算の工夫を入れ、符号判断と処理を組み合わせる。
m-jh1-A-02-07s.txt,1-A-02-07,文字と式－1次式の乗法（項が1つ・項が複数・分数）,1次式の乗法（項が1つ・項が複数・分数）,問題2,標準レベル,78,±10,1.2,正負の数の乗除・符号判断,正負の数・乗法・除法・分数計算,1次式の乗法（項が1つ・項が複数・分数）について、基礎の確認だけでなく複数の判断や計算処理を組み合わせる必要があるため。,基礎：符号・計算順序・用語を1つずつ確認する単問中心。標準：小数・分数・複数項・計算の工夫を入れ、符号判断と処理を組み合わせる。
m-jh1-A-02-08b.txt,1-A-02-08,文字と式－1次式の除法（項が1つ・項が複数）,1次式の除法（項が1つ・項が複数）,問題1,基礎レベル,49,±10,1.0,正負の数の乗除・符号判断,正負の数・乗法・除法・分数計算,,基礎：符号・計算順序・用語を1つずつ確認する単問中心。標準：小数・分数・複数項・計算の工夫を入れ、符号判断と処理を組み合わせる。
m-jh1-A-02-08b.txt,1-A-02-08,文字と式－1次式の除法（項が1つ・項が複数）,1次式の除法（項が1つ・項が複数）,問題2,基礎レベル,53,±10,1.0,正負の数の乗除・符号判断,正負の数・乗法・除法・分数計算,,基礎：符号・計算順序・用語を1つずつ確認する単問中心。標準：小数・分数・複数項・計算の工夫を入れ、符号判断と処理を組み合わせる。
m-jh1-A-02-08b.txt,1-A-02-08,文字と式－1次式の除法（項が1つ・項が複数）,1次式の除法（項が1つ・項が複数）,問題3,基礎レベル,57,±10,1.0,正負の数の乗除・符号判断,正負の数・乗法・除法・分数計算,,基礎：符号・計算順序・用語を1つずつ確認する単問中心。標準：小数・分数・複数項・計算の工夫を入れ、符号判断と処理を組み合わせる。
m-jh1-A-02-08b.txt,1-A-02-08,文字と式－1次式の除法（項が1つ・項が複数）,1次式の除法（項が1つ・項が複数）,問題4,基礎レベル,61,±10,1.0,正負の数の乗除・符号判断,正負の数・乗法・除法・分数計算,,基礎：符号・計算順序・用語を1つずつ確認する単問中心。標準：小数・分数・複数項・計算の工夫を入れ、符号判断と処理を組み合わせる。
m-jh1-A-02-08s.txt,1-A-02-08,文字と式－1次式の除法（項が1つ・項が複数）,1次式の除法（項が1つ・項が複数）,問題1,標準レベル,77,±10,1.2,正負の数の乗除・符号判断,正負の数・乗法・除法・分数計算,1次式の除法（項が1つ・項が複数）について、基礎の確認だけでなく複数の判断や計算処理を組み合わせる必要があるため。,基礎：符号・計算順序・用語を1つずつ確認する単問中心。標準：小数・分数・複数項・計算の工夫を入れ、符号判断と処理を組み合わせる。
m-jh1-A-02-08s.txt,1-A-02-08,文字と式－1次式の除法（項が1つ・項が複数）,1次式の除法（項が1つ・項が複数）,問題2,標準レベル,81,±10,1.2,正負の数の乗除・符号判断,正負の数・乗法・除法・分数計算,1次式の除法（項が1つ・項が複数）について、基礎の確認だけでなく複数の判断や計算処理を組み合わせる必要があるため。,基礎：符号・計算順序・用語を1つずつ確認する単問中心。標準：小数・分数・複数項・計算の工夫を入れ、符号判断と処理を組み合わせる。
m-jh1-A-02-09b.txt,1-A-02-09,文字と式－1次式の計算（分配法則）,1次式の計算（分配法則）,問題1,基礎レベル,52,±10,1.0,文字式の構造理解・式変形,正負の数・文字式の基本,,基礎：文字式の用語や1段階の式変形を確認する。標準：複数の項、符号、分配法則、同類項の整理を組み合わせて処理させる。
m-jh1-A-02-09b.txt,1-A-02-09,文字と式－1次式の計算（分配法則）,1次式の計算（分配法則）,問題2,基礎レベル,56,±10,1.0,文字式の構造理解・式変形,正負の数・文字式の基本,,基礎：文字式の用語や1段階の式変形を確認する。標準：複数の項、符号、分配法則、同類項の整理を組み合わせて処理させる。
m-jh1-A-02-09b.txt,1-A-02-09,文字と式－1次式の計算（分配法則）,1次式の計算（分配法則）,問題3,基礎レベル,60,±10,1.0,文字式の構造理解・式変形,正負の数・文字式の基本,,基礎：文字式の用語や1段階の式変形を確認する。標準：複数の項、符号、分配法則、同類項の整理を組み合わせて処理させる。
m-jh1-A-02-09b.txt,1-A-02-09,文字と式－1次式の計算（分配法則）,1次式の計算（分配法則）,問題4,基礎レベル,64,±10,1.0,文字式の構造理解・式変形,正負の数・文字式の基本,,基礎：文字式の用語や1段階の式変形を確認する。標準：複数の項、符号、分配法則、同類項の整理を組み合わせて処理させる。
m-jh1-A-02-09s.txt,1-A-02-09,文字と式－1次式の計算（分配法則）,1次式の計算（分配法則）,問題1,標準レベル,80,±10,1.2,文字式の構造理解・式変形,正負の数・文字式の基本,1次式の計算（分配法則）について、基礎の確認だけでなく複数の判断や計算処理を組み合わせる必要があるため。,基礎：文字式の用語や1段階の式変形を確認する。標準：複数の項、符号、分配法則、同類項の整理を組み合わせて処理させる。
m-jh1-A-02-09s.txt,1-A-02-09,文字と式－1次式の計算（分配法則）,1次式の計算（分配法則）,問題2,標準レベル,84,±10,1.2,文字式の構造理解・式変形,正負の数・文字式の基本,1次式の計算（分配法則）について、基礎の確認だけでなく複数の判断や計算処理を組み合わせる必要があるため。,基礎：文字式の用語や1段階の式変形を確認する。標準：複数の項、符号、分配法則、同類項の整理を組み合わせて処理させる。
m-jh1-A-02-09s.txt,1-A-02-09,文字と式－1次式の計算（分配法則）,1次式の計算（分配法則）,問題3,標準レベル,88,±10,1.2,文字式の構造理解・式変形,正負の数・文字式の基本,1次式の計算（分配法則）について、基礎の確認だけでなく複数の判断や計算処理を組み合わせる必要があるため。,基礎：文字式の用語や1段階の式変形を確認する。標準：複数の項、符号、分配法則、同類項の整理を組み合わせて処理させる。
m-jh1-A-02-09s.txt,1-A-02-09,文字と式－1次式の計算（分配法則）,1次式の計算（分配法則）,問題4,標準レベル,92,±10,1.2,文字式の構造理解・式変形,正負の数・文字式の基本,1次式の計算（分配法則）について、基礎の確認だけでなく複数の判断や計算処理を組み合わせる必要があるため。,基礎：文字式の用語や1段階の式変形を確認する。標準：複数の項、符号、分配法則、同類項の整理を組み合わせて処理させる。
m-jh1-A-02-10b.txt,1-A-02-10,文字と式－文字式の利用（等式）,文字式の利用（等式）,問題1,基礎レベル,55,±10,1.0,文字式の構造理解・式変形,正負の数・文字式の基本,,基礎：文字式の用語や1段階の式変形を確認する。標準：複数の項、符号、分配法則、同類項の整理を組み合わせて処理させる。
m-jh1-A-02-10b.txt,1-A-02-10,文字と式－文字式の利用（等式）,文字式の利用（等式）,問題2,基礎レベル,59,±10,1.0,文字式の構造理解・式変形,正負の数・文字式の基本,,基礎：文字式の用語や1段階の式変形を確認する。標準：複数の項、符号、分配法則、同類項の整理を組み合わせて処理させる。
m-jh1-A-02-10b.txt,1-A-02-10,文字と式－文字式の利用（等式）,文字式の利用（等式）,問題3,基礎レベル,63,±10,1.0,文字式の構造理解・式変形,正負の数・文字式の基本,,基礎：文字式の用語や1段階の式変形を確認する。標準：複数の項、符号、分配法則、同類項の整理を組み合わせて処理させる。
m-jh1-A-02-10b.txt,1-A-02-10,文字と式－文字式の利用（等式）,文字式の利用（等式）,問題4,基礎レベル,67,±10,1.0,文字式の構造理解・式変形,正負の数・文字式の基本,,基礎：文字式の用語や1段階の式変形を確認する。標準：複数の項、符号、分配法則、同類項の整理を組み合わせて処理させる。
m-jh1-A-02-10s.txt,1-A-02-10,文字と式－文字式の利用（等式）,文字式の利用（等式）,問題1,標準レベル,83,±10,1.2,文字式の構造理解・式変形,正負の数・文字式の基本,文字式の利用（等式）について、基礎の確認だけでなく複数の判断や計算処理を組み合わせる必要があるため。,基礎：文字式の用語や1段階の式変形を確認する。標準：複数の項、符号、分配法則、同類項の整理を組み合わせて処理させる。
m-jh1-A-02-10s.txt,1-A-02-10,文字と式－文字式の利用（等式）,文字式の利用（等式）,問題2,標準レベル,87,±10,1.2,文字式の構造理解・式変形,正負の数・文字式の基本,文字式の利用（等式）について、基礎の確認だけでなく複数の判断や計算処理を組み合わせる必要があるため。,基礎：文字式の用語や1段階の式変形を確認する。標準：複数の項、符号、分配法則、同類項の整理を組み合わせて処理させる。
m-jh1-A-02-10s.txt,1-A-02-10,文字と式－文字式の利用（等式）,文字式の利用（等式）,問題3,標準レベル,91,±10,1.2,文字式の構造理解・式変形,正負の数・文字式の基本,文字式の利用（等式）について、基礎の確認だけでなく複数の判断や計算処理を組み合わせる必要があるため。,基礎：文字式の用語や1段階の式変形を確認する。標準：複数の項、符号、分配法則、同類項の整理を組み合わせて処理させる。
m-jh1-A-02-10s.txt,1-A-02-10,文字と式－文字式の利用（等式）,文字式の利用（等式）,問題4,標準レベル,95,±10,1.2,文字式の構造理解・式変形,正負の数・文字式の基本,文字式の利用（等式）について、基礎の確認だけでなく複数の判断や計算処理を組み合わせる必要があるため。,基礎：文字式の用語や1段階の式変形を確認する。標準：複数の項、符号、分配法則、同類項の整理を組み合わせて処理させる。
m-jh1-A-02-11b.txt,1-A-02-11,文字と式－文字式の利用（不等式）,文字式の利用（不等式）,問題1,基礎レベル,58,±10,1.0,文字式の構造理解・式変形,正負の数・文字式の基本,,基礎：文字式の用語や1段階の式変形を確認する。標準：複数の項、符号、分配法則、同類項の整理を組み合わせて処理させる。
m-jh1-A-02-11b.txt,1-A-02-11,文字と式－文字式の利用（不等式）,文字式の利用（不等式）,問題2,基礎レベル,62,±10,1.0,文字式の構造理解・式変形,正負の数・文字式の基本,,基礎：文字式の用語や1段階の式変形を確認する。標準：複数の項、符号、分配法則、同類項の整理を組み合わせて処理させる。
m-jh1-A-02-11b.txt,1-A-02-11,文字と式－文字式の利用（不等式）,文字式の利用（不等式）,問題3,基礎レベル,66,±10,1.0,文字式の構造理解・式変形,正負の数・文字式の基本,,基礎：文字式の用語や1段階の式変形を確認する。標準：複数の項、符号、分配法則、同類項の整理を組み合わせて処理させる。
m-jh1-A-02-11b.txt,1-A-02-11,文字と式－文字式の利用（不等式）,文字式の利用（不等式）,問題4,基礎レベル,70,±10,1.0,文字式の構造理解・式変形,正負の数・文字式の基本,,基礎：文字式の用語や1段階の式変形を確認する。標準：複数の項、符号、分配法則、同類項の整理を組み合わせて処理させる。
m-jh1-A-02-11s.txt,1-A-02-11,文字と式－文字式の利用（不等式）,文字式の利用（不等式）,問題1,標準レベル,86,±10,1.2,文字式の構造理解・式変形,正負の数・文字式の基本,文字式の利用（不等式）について、基礎の確認だけでなく複数の判断や計算処理を組み合わせる必要があるため。,基礎：文字式の用語や1段階の式変形を確認する。標準：複数の項、符号、分配法則、同類項の整理を組み合わせて処理させる。
m-jh1-A-02-11s.txt,1-A-02-11,文字と式－文字式の利用（不等式）,文字式の利用（不等式）,問題2,標準レベル,90,±10,1.2,文字式の構造理解・式変形,正負の数・文字式の基本,文字式の利用（不等式）について、基礎の確認だけでなく複数の判断や計算処理を組み合わせる必要があるため。,基礎：文字式の用語や1段階の式変形を確認する。標準：複数の項、符号、分配法則、同類項の整理を組み合わせて処理させる。
m-jh1-A-02-11s.txt,1-A-02-11,文字と式－文字式の利用（不等式）,文字式の利用（不等式）,問題3,標準レベル,94,±10,1.2,文字式の構造理解・式変形,正負の数・文字式の基本,文字式の利用（不等式）について、基礎の確認だけでなく複数の判断や計算処理を組み合わせる必要があるため。,基礎：文字式の用語や1段階の式変形を確認する。標準：複数の項、符号、分配法則、同類項の整理を組み合わせて処理させる。
m-jh1-A-02-11s.txt,1-A-02-11,文字と式－文字式の利用（不等式）,文字式の利用（不等式）,問題4,標準レベル,98,±10,1.2,文字式の構造理解・式変形,正負の数・文字式の基本,文字式の利用（不等式）について、基礎の確認だけでなく複数の判断や計算処理を組み合わせる必要があるため。,基礎：文字式の用語や1段階の式変形を確認する。標準：複数の項、符号、分配法則、同類項の整理を組み合わせて処理させる。
m-jh1-A-03-01b.txt,1-A-03-01,１次方程式－方程式とその解（代入）①,方程式とその解（代入）①,問題1,基礎レベル,46,±10,1.0,文字式の構造理解・式変形,正負の数・文字式の基本,,基礎：文字式の用語や1段階の式変形を確認する。標準：複数の項、符号、分配法則、同類項の整理を組み合わせて処理させる。
m-jh1-A-03-01b.txt,1-A-03-01,１次方程式－方程式とその解（代入）①,方程式とその解（代入）①,問題2,基礎レベル,50,±10,1.0,文字式の構造理解・式変形,正負の数・文字式の基本,,基礎：文字式の用語や1段階の式変形を確認する。標準：複数の項、符号、分配法則、同類項の整理を組み合わせて処理させる。
m-jh1-A-03-02b.txt,1-A-03-02,１次方程式－方程式とその解（代入）②,方程式とその解（代入）②,問題1,基礎レベル,49,±10,1.0,文字式の構造理解・式変形,正負の数・文字式の基本,,基礎：文字式の用語や1段階の式変形を確認する。標準：複数の項、符号、分配法則、同類項の整理を組み合わせて処理させる。
m-jh1-A-03-02b.txt,1-A-03-02,１次方程式－方程式とその解（代入）②,方程式とその解（代入）②,問題2,基礎レベル,53,±10,1.0,文字式の構造理解・式変形,正負の数・文字式の基本,,基礎：文字式の用語や1段階の式変形を確認する。標準：複数の項、符号、分配法則、同類項の整理を組み合わせて処理させる。
m-jh1-A-03-03b.txt,1-A-03-03,１次方程式－等式の性質（加法性質・減法性質・乗法性質・除法性質）,等式の性質（加法性質・減法性質・乗法性質・除法性質）,問題1,基礎レベル,52,±10,1.0,正負の数の符号判断・計算処理,小学校の数・数直線・正負の数,,基礎：符号・計算順序・用語を1つずつ確認する単問中心。標準：小数・分数・複数項・計算の工夫を入れ、符号判断と処理を組み合わせる。
m-jh1-A-03-03b.txt,1-A-03-03,１次方程式－等式の性質（加法性質・減法性質・乗法性質・除法性質）,等式の性質（加法性質・減法性質・乗法性質・除法性質）,問題2,基礎レベル,56,±10,1.0,正負の数の符号判断・計算処理,小学校の数・数直線・正負の数,,基礎：符号・計算順序・用語を1つずつ確認する単問中心。標準：小数・分数・複数項・計算の工夫を入れ、符号判断と処理を組み合わせる。
m-jh1-A-03-03b.txt,1-A-03-03,１次方程式－等式の性質（加法性質・減法性質・乗法性質・除法性質）,等式の性質（加法性質・減法性質・乗法性質・除法性質）,問題3,基礎レベル,60,±10,1.0,正負の数の符号判断・計算処理,小学校の数・数直線・正負の数,,基礎：符号・計算順序・用語を1つずつ確認する単問中心。標準：小数・分数・複数項・計算の工夫を入れ、符号判断と処理を組み合わせる。
m-jh1-A-03-03b.txt,1-A-03-03,１次方程式－等式の性質（加法性質・減法性質・乗法性質・除法性質）,等式の性質（加法性質・減法性質・乗法性質・除法性質）,問題4,基礎レベル,64,±10,1.0,正負の数の符号判断・計算処理,小学校の数・数直線・正負の数,,基礎：符号・計算順序・用語を1つずつ確認する単問中心。標準：小数・分数・複数項・計算の工夫を入れ、符号判断と処理を組み合わせる。
m-jh1-A-03-03b.txt,1-A-03-03,１次方程式－等式の性質（加法性質・減法性質・乗法性質・除法性質）,等式の性質（加法性質・減法性質・乗法性質・除法性質）,問題5,基礎レベル,68,±10,1.0,正負の数の符号判断・計算処理,小学校の数・数直線・正負の数,,基礎：符号・計算順序・用語を1つずつ確認する単問中心。標準：小数・分数・複数項・計算の工夫を入れ、符号判断と処理を組み合わせる。
m-jh1-A-03-03b.txt,1-A-03-03,１次方程式－等式の性質（加法性質・減法性質・乗法性質・除法性質）,等式の性質（加法性質・減法性質・乗法性質・除法性質）,問題6,基礎レベル,72,±10,1.0,正負の数の符号判断・計算処理,小学校の数・数直線・正負の数,,基礎：符号・計算順序・用語を1つずつ確認する単問中心。標準：小数・分数・複数項・計算の工夫を入れ、符号判断と処理を組み合わせる。
m-jh1-A-03-03b.txt,1-A-03-03,１次方程式－等式の性質（加法性質・減法性質・乗法性質・除法性質）,等式の性質（加法性質・減法性質・乗法性質・除法性質）,問題7,基礎レベル,76,±10,1.0,正負の数の符号判断・計算処理,小学校の数・数直線・正負の数,,基礎：符号・計算順序・用語を1つずつ確認する単問中心。標準：小数・分数・複数項・計算の工夫を入れ、符号判断と処理を組み合わせる。
m-jh1-A-03-03b.txt,1-A-03-03,１次方程式－等式の性質（加法性質・減法性質・乗法性質・除法性質）,等式の性質（加法性質・減法性質・乗法性質・除法性質）,問題8,基礎レベル,80,±10,1.1,正負の数の符号判断・計算処理,小学校の数・数直線・正負の数,,基礎：符号・計算順序・用語を1つずつ確認する単問中心。標準：小数・分数・複数項・計算の工夫を入れ、符号判断と処理を組み合わせる。
m-jh1-A-03-03s.txt,1-A-03-03,１次方程式－等式の性質（加法性質・減法性質・乗法性質・除法性質）,等式の性質（加法性質・減法性質・乗法性質・除法性質）,問題1,標準レベル,80,±10,1.2,正負の数の符号判断・計算処理,小学校の数・数直線・正負の数,等式の性質（加法性質・減法性質・乗法性質・除法性質）について、基礎の確認だけでなく複数の判断や計算処理を組み合わせる必要があるため。,基礎：符号・計算順序・用語を1つずつ確認する単問中心。標準：小数・分数・複数項・計算の工夫を入れ、符号判断と処理を組み合わせる。
m-jh1-A-03-03s.txt,1-A-03-03,１次方程式－等式の性質（加法性質・減法性質・乗法性質・除法性質）,等式の性質（加法性質・減法性質・乗法性質・除法性質）,問題2,標準レベル,84,±10,1.2,正負の数の符号判断・計算処理,小学校の数・数直線・正負の数,等式の性質（加法性質・減法性質・乗法性質・除法性質）について、基礎の確認だけでなく複数の判断や計算処理を組み合わせる必要があるため。,基礎：符号・計算順序・用語を1つずつ確認する単問中心。標準：小数・分数・複数項・計算の工夫を入れ、符号判断と処理を組み合わせる。
m-jh1-A-03-04b.txt,1-A-03-04,１次方程式－移項を利用した１次方程式の解き方,移項を利用した１次方程式の解き方,問題1,基礎レベル,55,±10,1.0,文字式の構造理解・式変形,正負の数・文字式の基本,,基礎：文字式の用語や1段階の式変形を確認する。標準：複数の項、符号、分配法則、同類項の整理を組み合わせて処理させる。
m-jh1-A-03-04b.txt,1-A-03-04,１次方程式－移項を利用した１次方程式の解き方,移項を利用した１次方程式の解き方,問題2,基礎レベル,59,±10,1.0,文字式の構造理解・式変形,正負の数・文字式の基本,,基礎：文字式の用語や1段階の式変形を確認する。標準：複数の項、符号、分配法則、同類項の整理を組み合わせて処理させる。
m-jh1-A-03-04b.txt,1-A-03-04,１次方程式－移項を利用した１次方程式の解き方,移項を利用した１次方程式の解き方,問題3,基礎レベル,63,±10,1.0,文字式の構造理解・式変形,正負の数・文字式の基本,,基礎：文字式の用語や1段階の式変形を確認する。標準：複数の項、符号、分配法則、同類項の整理を組み合わせて処理させる。
m-jh1-A-03-04b.txt,1-A-03-04,１次方程式－移項を利用した１次方程式の解き方,移項を利用した１次方程式の解き方,問題4,基礎レベル,67,±10,1.0,文字式の構造理解・式変形,正負の数・文字式の基本,,基礎：文字式の用語や1段階の式変形を確認する。標準：複数の項、符号、分配法則、同類項の整理を組み合わせて処理させる。
m-jh1-A-03-04s.txt,1-A-03-04,１次方程式－移項を利用した１次方程式の解き方,移項を利用した１次方程式の解き方,問題1,標準レベル,83,±10,1.2,文字式の構造理解・式変形,正負の数・文字式の基本,移項を利用した１次方程式の解き方について、基礎の確認だけでなく複数の判断や計算処理を組み合わせる必要があるため。,基礎：文字式の用語や1段階の式変形を確認する。標準：複数の項、符号、分配法則、同類項の整理を組み合わせて処理させる。
m-jh1-A-03-04s.txt,1-A-03-04,１次方程式－移項を利用した１次方程式の解き方,移項を利用した１次方程式の解き方,問題2,標準レベル,87,±10,1.2,文字式の構造理解・式変形,正負の数・文字式の基本,移項を利用した１次方程式の解き方について、基礎の確認だけでなく複数の判断や計算処理を組み合わせる必要があるため。,基礎：文字式の用語や1段階の式変形を確認する。標準：複数の項、符号、分配法則、同類項の整理を組み合わせて処理させる。
m-jh1-A-03-05b.txt,1-A-03-05,１次方程式－かっこのある方程式の解き方,かっこのある方程式の解き方,問題1,基礎レベル,58,±10,1.0,文字式の構造理解・式変形,正負の数・文字式の基本,,基礎：文字式の用語や1段階の式変形を確認する。標準：複数の項、符号、分配法則、同類項の整理を組み合わせて処理させる。
m-jh1-A-03-05b.txt,1-A-03-05,１次方程式－かっこのある方程式の解き方,かっこのある方程式の解き方,問題2,基礎レベル,62,±10,1.0,文字式の構造理解・式変形,正負の数・文字式の基本,,基礎：文字式の用語や1段階の式変形を確認する。標準：複数の項、符号、分配法則、同類項の整理を組み合わせて処理させる。
m-jh1-A-03-05s.txt,1-A-03-05,１次方程式－かっこのある方程式の解き方,かっこのある方程式の解き方,問題1,標準レベル,86,±10,1.2,文字式の構造理解・式変形,正負の数・文字式の基本,かっこのある方程式の解き方について、基礎の確認だけでなく複数の判断や計算処理を組み合わせる必要があるため。,基礎：文字式の用語や1段階の式変形を確認する。標準：複数の項、符号、分配法則、同類項の整理を組み合わせて処理させる。
m-jh1-A-03-05s.txt,1-A-03-05,１次方程式－かっこのある方程式の解き方,かっこのある方程式の解き方,問題2,標準レベル,90,±10,1.2,文字式の構造理解・式変形,正負の数・文字式の基本,かっこのある方程式の解き方について、基礎の確認だけでなく複数の判断や計算処理を組み合わせる必要があるため。,基礎：文字式の用語や1段階の式変形を確認する。標準：複数の項、符号、分配法則、同類項の整理を組み合わせて処理させる。
m-jh1-A-03-06b.txt,1-A-03-06,１次方程式－小数が含まれる方程式の解き方,小数が含まれる方程式の解き方,問題1,基礎レベル,61,±10,1.0,文字式の構造理解・式変形,正負の数・文字式の基本,,基礎：文字式の用語や1段階の式変形を確認する。標準：複数の項、符号、分配法則、同類項の整理を組み合わせて処理させる。
m-jh1-A-03-06b.txt,1-A-03-06,１次方程式－小数が含まれる方程式の解き方,小数が含まれる方程式の解き方,問題2,基礎レベル,65,±10,1.0,文字式の構造理解・式変形,正負の数・文字式の基本,,基礎：文字式の用語や1段階の式変形を確認する。標準：複数の項、符号、分配法則、同類項の整理を組み合わせて処理させる。
m-jh1-A-03-06s.txt,1-A-03-06,１次方程式－小数が含まれる方程式の解き方,小数が含まれる方程式の解き方,問題1,標準レベル,89,±10,1.2,文字式の構造理解・式変形,正負の数・文字式の基本,小数が含まれる方程式の解き方について、基礎の確認だけでなく複数の判断や計算処理を組み合わせる必要があるため。,基礎：文字式の用語や1段階の式変形を確認する。標準：複数の項、符号、分配法則、同類項の整理を組み合わせて処理させる。
m-jh1-A-03-06s.txt,1-A-03-06,１次方程式－小数が含まれる方程式の解き方,小数が含まれる方程式の解き方,問題2,標準レベル,93,±10,1.2,文字式の構造理解・式変形,正負の数・文字式の基本,小数が含まれる方程式の解き方について、基礎の確認だけでなく複数の判断や計算処理を組み合わせる必要があるため。,基礎：文字式の用語や1段階の式変形を確認する。標準：複数の項、符号、分配法則、同類項の整理を組み合わせて処理させる。
m-jh1-A-03-07b.txt,1-A-03-07,１次方程式－分数が含まれる方程式の解き方,分数が含まれる方程式の解き方,問題1,基礎レベル,64,±10,1.0,文字式の構造理解・式変形,正負の数・文字式の基本,,基礎：文字式の用語や1段階の式変形を確認する。標準：複数の項、符号、分配法則、同類項の整理を組み合わせて処理させる。
m-jh1-A-03-07b.txt,1-A-03-07,１次方程式－分数が含まれる方程式の解き方,分数が含まれる方程式の解き方,問題2,基礎レベル,68,±10,1.0,文字式の構造理解・式変形,正負の数・文字式の基本,,基礎：文字式の用語や1段階の式変形を確認する。標準：複数の項、符号、分配法則、同類項の整理を組み合わせて処理させる。
m-jh1-A-03-07s.txt,1-A-03-07,１次方程式－分数が含まれる方程式の解き方,分数が含まれる方程式の解き方,問題1,標準レベル,92,±10,1.2,文字式の構造理解・式変形,正負の数・文字式の基本,分数が含まれる方程式の解き方について、基礎の確認だけでなく複数の判断や計算処理を組み合わせる必要があるため。,基礎：文字式の用語や1段階の式変形を確認する。標準：複数の項、符号、分配法則、同類項の整理を組み合わせて処理させる。
m-jh1-A-03-07s.txt,1-A-03-07,１次方程式－分数が含まれる方程式の解き方,分数が含まれる方程式の解き方,問題2,標準レベル,96,±10,1.2,文字式の構造理解・式変形,正負の数・文字式の基本,分数が含まれる方程式の解き方について、基礎の確認だけでなく複数の判断や計算処理を組み合わせる必要があるため。,基礎：文字式の用語や1段階の式変形を確認する。標準：複数の項、符号、分配法則、同類項の整理を組み合わせて処理させる。
m-jh1-A-03-08b.txt,1-A-03-08,１次方程式－比例式,比例式,問題1,基礎レベル,67,±10,1.0,文字式の構造理解・式変形,正負の数・文字式の基本,,基礎：文字式の用語や1段階の式変形を確認する。標準：複数の項、符号、分配法則、同類項の整理を組み合わせて処理させる。
m-jh1-A-03-08b.txt,1-A-03-08,１次方程式－比例式,比例式,問題2,基礎レベル,71,±10,1.0,文字式の構造理解・式変形,正負の数・文字式の基本,,基礎：文字式の用語や1段階の式変形を確認する。標準：複数の項、符号、分配法則、同類項の整理を組み合わせて処理させる。
m-jh1-A-03-08s.txt,1-A-03-08,１次方程式－比例式,比例式,問題1,標準レベル,95,±10,1.2,文字式の構造理解・式変形,正負の数・文字式の基本,比例式について、基礎の確認だけでなく複数の判断や計算処理を組み合わせる必要があるため。,基礎：文字式の用語や1段階の式変形を確認する。標準：複数の項、符号、分配法則、同類項の整理を組み合わせて処理させる。
m-jh1-A-03-08s.txt,1-A-03-08,１次方程式－比例式,比例式,問題2,標準レベル,99,±10,1.2,文字式の構造理解・式変形,正負の数・文字式の基本,比例式について、基礎の確認だけでなく複数の判断や計算処理を組み合わせる必要があるため。,基礎：文字式の用語や1段階の式変形を確認する。標準：複数の項、符号、分配法則、同類項の整理を組み合わせて処理させる。
m-jh1-A-03-09b.txt,1-A-03-09,１次方程式－方程式の解と定数,方程式の解と定数,問題1,基礎レベル,70,±10,1.0,文字式の構造理解・式変形,正負の数・文字式の基本,,基礎：文字式の用語や1段階の式変形を確認する。標準：複数の項、符号、分配法則、同類項の整理を組み合わせて処理させる。
m-jh1-A-03-09s.txt,1-A-03-09,１次方程式－方程式の解と定数,方程式の解と定数,問題1,標準レベル,98,±10,1.2,文字式の構造理解・式変形,正負の数・文字式の基本,方程式の解と定数について、基礎の確認だけでなく複数の判断や計算処理を組み合わせる必要があるため。,基礎：文字式の用語や1段階の式変形を確認する。標準：複数の項、符号、分配法則、同類項の整理を組み合わせて処理させる。
m-jh1-A-03-10b.txt,1-A-03-10,１次方程式－代金の問題,代金の問題,問題1,基礎レベル,73,±10,1.0,文字式の構造理解・式変形,正負の数・文字式の基本,,基礎：文字式の用語や1段階の式変形を確認する。標準：複数の項、符号、分配法則、同類項の整理を組み合わせて処理させる。
m-jh1-A-03-10b.txt,1-A-03-10,１次方程式－代金の問題,代金の問題,問題2,基礎レベル,77,±10,1.0,文字式の構造理解・式変形,正負の数・文字式の基本,,基礎：文字式の用語や1段階の式変形を確認する。標準：複数の項、符号、分配法則、同類項の整理を組み合わせて処理させる。
m-jh1-A-03-10s.txt,1-A-03-10,１次方程式－代金の問題,代金の問題,問題1,標準レベル,101,±10,1.3,文字式の構造理解・式変形,正負の数・文字式の基本,代金の問題について、基礎の確認だけでなく複数の判断や計算処理を組み合わせる必要があるため。,基礎：文字式の用語や1段階の式変形を確認する。標準：複数の項、符号、分配法則、同類項の整理を組み合わせて処理させる。
m-jh1-A-03-10s.txt,1-A-03-10,１次方程式－代金の問題,代金の問題,問題2,標準レベル,105,±10,1.3,文字式の構造理解・式変形,正負の数・文字式の基本,代金の問題について、基礎の確認だけでなく複数の判断や計算処理を組み合わせる必要があるため。,基礎：文字式の用語や1段階の式変形を確認する。標準：複数の項、符号、分配法則、同類項の整理を組み合わせて処理させる。
m-jh1-A-03-11b.txt,1-A-03-11,１次方程式－過不足の問題,過不足の問題,問題1,基礎レベル,76,±10,1.0,文字式の構造理解・式変形,正負の数・文字式の基本,,基礎：文字式の用語や1段階の式変形を確認する。標準：複数の項、符号、分配法則、同類項の整理を組み合わせて処理させる。
m-jh1-A-03-11b.txt,1-A-03-11,１次方程式－過不足の問題,過不足の問題,問題2,基礎レベル,80,±10,1.1,文字式の構造理解・式変形,正負の数・文字式の基本,,基礎：文字式の用語や1段階の式変形を確認する。標準：複数の項、符号、分配法則、同類項の整理を組み合わせて処理させる。
m-jh1-A-03-11s.txt,1-A-03-11,１次方程式－過不足の問題,過不足の問題,問題1,標準レベル,104,±10,1.3,文字式の構造理解・式変形,正負の数・文字式の基本,過不足の問題について、基礎の確認だけでなく複数の判断や計算処理を組み合わせる必要があるため。,基礎：文字式の用語や1段階の式変形を確認する。標準：複数の項、符号、分配法則、同類項の整理を組み合わせて処理させる。
m-jh1-A-03-11s.txt,1-A-03-11,１次方程式－過不足の問題,過不足の問題,問題2,標準レベル,108,±10,1.3,文字式の構造理解・式変形,正負の数・文字式の基本,過不足の問題について、基礎の確認だけでなく複数の判断や計算処理を組み合わせる必要があるため。,基礎：文字式の用語や1段階の式変形を確認する。標準：複数の項、符号、分配法則、同類項の整理を組み合わせて処理させる。
m-jh1-A-03-12b.txt,1-A-03-12,１次方程式－速さに関する問題,速さに関する問題,問題1,基礎レベル,79,±10,1.0,文字式の構造理解・式変形,正負の数・文字式の基本,,基礎：文字式の用語や1段階の式変形を確認する。標準：複数の項、符号、分配法則、同類項の整理を組み合わせて処理させる。
m-jh1-A-03-12b.txt,1-A-03-12,１次方程式－速さに関する問題,速さに関する問題,問題2,基礎レベル,83,±10,1.1,文字式の構造理解・式変形,正負の数・文字式の基本,,基礎：文字式の用語や1段階の式変形を確認する。標準：複数の項、符号、分配法則、同類項の整理を組み合わせて処理させる。
m-jh1-A-03-12s.txt,1-A-03-12,１次方程式－速さに関する問題,速さに関する問題,問題1,標準レベル,107,±10,1.3,文字式の構造理解・式変形,正負の数・文字式の基本,速さに関する問題について、基礎の確認だけでなく複数の判断や計算処理を組み合わせる必要があるため。,基礎：文字式の用語や1段階の式変形を確認する。標準：複数の項、符号、分配法則、同類項の整理を組み合わせて処理させる。
m-jh1-A-03-12s.txt,1-A-03-12,１次方程式－速さに関する問題,速さに関する問題,問題2,標準レベル,111,±10,1.3,文字式の構造理解・式変形,正負の数・文字式の基本,速さに関する問題について、基礎の確認だけでなく複数の判断や計算処理を組み合わせる必要があるため。,基礎：文字式の用語や1段階の式変形を確認する。標準：複数の項、符号、分配法則、同類項の整理を組み合わせて処理させる。
m-jh1-A-03-13b.txt,1-A-03-14,１次方程式－割合問題,割合問題,問題1,基礎レベル,85,±10,1.1,文字式の構造理解・式変形,正負の数・文字式の基本,,基礎：文字式の用語や1段階の式変形を確認する。標準：複数の項、符号、分配法則、同類項の整理を組み合わせて処理させる。
m-jh1-A-03-13b.txt,1-A-03-14,１次方程式－割合問題,割合問題,問題2,基礎レベル,89,±10,1.1,文字式の構造理解・式変形,正負の数・文字式の基本,,基礎：文字式の用語や1段階の式変形を確認する。標準：複数の項、符号、分配法則、同類項の整理を組み合わせて処理させる。
m-jh1-A-03-13b.txt,1-A-03-14,１次方程式－割合問題,割合問題,問題3,基礎レベル,93,±10,1.1,文字式の構造理解・式変形,正負の数・文字式の基本,,基礎：文字式の用語や1段階の式変形を確認する。標準：複数の項、符号、分配法則、同類項の整理を組み合わせて処理させる。
m-jh1-A-03-13s.txt,1-A-03-14,１次方程式－割合問題,割合問題,問題1,標準レベル,113,±10,1.3,文字式の構造理解・式変形,正負の数・文字式の基本,割合問題について、基礎の確認だけでなく複数の判断や計算処理を組み合わせる必要があるため。,基礎：文字式の用語や1段階の式変形を確認する。標準：複数の項、符号、分配法則、同類項の整理を組み合わせて処理させる。
m-jh1-A-03-13s.txt,1-A-03-14,１次方程式－割合問題,割合問題,問題2,標準レベル,117,±10,1.3,文字式の構造理解・式変形,正負の数・文字式の基本,割合問題について、基礎の確認だけでなく複数の判断や計算処理を組み合わせる必要があるため。,基礎：文字式の用語や1段階の式変形を確認する。標準：複数の項、符号、分配法則、同類項の整理を組み合わせて処理させる。
m-jh1-A-03-13s.txt,1-A-03-14,１次方程式－割合問題,割合問題,問題3,標準レベル,121,±10,1.3,文字式の構造理解・式変形,正負の数・文字式の基本,割合問題について、基礎の確認だけでなく複数の判断や計算処理を組み合わせる必要があるため。,基礎：文字式の用語や1段階の式変形を確認する。標準：複数の項、符号、分配法則、同類項の整理を組み合わせて処理させる。
m-jh2-A-01-01b.txt,2-A-01-01,多項式の計算－多項式と項,多項式と項,問題1,基礎レベル,105,±10,1.1,文字式の構造理解・式変形,正負の数・文字式の基本,,基礎：文字式の用語や1段階の式変形を確認する。標準：複数の項、符号、分配法則、同類項の整理を組み合わせて処理させる。
m-jh2-A-01-01b.txt,2-A-01-01,多項式の計算－多項式と項,多項式と項,問題2,基礎レベル,109,±10,1.1,文字式の構造理解・式変形,正負の数・文字式の基本,,基礎：文字式の用語や1段階の式変形を確認する。標準：複数の項、符号、分配法則、同類項の整理を組み合わせて処理させる。
m-jh2-A-01-02b.txt,2-A-01-02,多項式の計算－項の次数,項の次数,問題1,基礎レベル,108,±10,1.1,文字式の構造理解・式変形,正負の数・文字式の基本,,基礎：文字式の用語や1段階の式変形を確認する。標準：複数の項、符号、分配法則、同類項の整理を組み合わせて処理させる。
m-jh2-A-01-02b.txt,2-A-01-02,多項式の計算－項の次数,項の次数,問題2,基礎レベル,112,±10,1.1,文字式の構造理解・式変形,正負の数・文字式の基本,,基礎：文字式の用語や1段階の式変形を確認する。標準：複数の項、符号、分配法則、同類項の整理を組み合わせて処理させる。
m-jh2-A-01-03b.txt,2-A-01-03,多項式の計算－式の次数,式の次数,問題1,基礎レベル,111,±10,1.1,文字式の構造理解・式変形,正負の数・文字式の基本,,基礎：文字式の用語や1段階の式変形を確認する。標準：複数の項、符号、分配法則、同類項の整理を組み合わせて処理させる。
m-jh2-A-01-03b.txt,2-A-01-03,多項式の計算－式の次数,式の次数,問題2,基礎レベル,115,±10,1.1,文字式の構造理解・式変形,正負の数・文字式の基本,,基礎：文字式の用語や1段階の式変形を確認する。標準：複数の項、符号、分配法則、同類項の整理を組み合わせて処理させる。
m-jh2-A-01-04b.txt,2-A-01-04,多項式の計算－同類項,同類項,問題1,基礎レベル,114,±10,1.1,文字式の構造理解・式変形,正負の数・文字式の基本,,基礎：文字式の用語や1段階の式変形を確認する。標準：複数の項、符号、分配法則、同類項の整理を組み合わせて処理させる。
m-jh2-A-01-04b.txt,2-A-01-04,多項式の計算－同類項,同類項,問題2,基礎レベル,118,±10,1.1,文字式の構造理解・式変形,正負の数・文字式の基本,,基礎：文字式の用語や1段階の式変形を確認する。標準：複数の項、符号、分配法則、同類項の整理を組み合わせて処理させる。
m-jh2-A-01-04b.txt,2-A-01-04,多項式の計算－同類項,同類項,問題3,基礎レベル,122,±10,1.1,文字式の構造理解・式変形,正負の数・文字式の基本,,基礎：文字式の用語や1段階の式変形を確認する。標準：複数の項、符号、分配法則、同類項の整理を組み合わせて処理させる。
m-jh2-A-01-04s.txt,2-A-01-04,多項式の計算－同類項,同類項,問題1,標準レベル,142,±10,1.3,文字式の構造理解・式変形,正負の数・文字式の基本,同類項について、基礎の確認だけでなく複数の判断や計算処理を組み合わせる必要があるため。,基礎：文字式の用語や1段階の式変形を確認する。標準：複数の項、符号、分配法則、同類項の整理を組み合わせて処理させる。
m-jh2-A-01-04s.txt,2-A-01-04,多項式の計算－同類項,同類項,問題2,標準レベル,146,±10,1.3,文字式の構造理解・式変形,正負の数・文字式の基本,同類項について、基礎の確認だけでなく複数の判断や計算処理を組み合わせる必要があるため。,基礎：文字式の用語や1段階の式変形を確認する。標準：複数の項、符号、分配法則、同類項の整理を組み合わせて処理させる。
m-jh2-A-01-05b.txt,2-A-01-05,多項式の計算－多項式の加法と減法,多項式の加法と減法,問題1,基礎レベル,117,±10,1.1,正負の数の符号判断・計算処理,小学校の数・数直線・正負の数,,基礎：符号・計算順序・用語を1つずつ確認する単問中心。標準：小数・分数・複数項・計算の工夫を入れ、符号判断と処理を組み合わせる。
m-jh2-A-01-05b.txt,2-A-01-05,多項式の計算－多項式の加法と減法,多項式の加法と減法,問題2,基礎レベル,121,±10,1.1,正負の数の符号判断・計算処理,小学校の数・数直線・正負の数,,基礎：符号・計算順序・用語を1つずつ確認する単問中心。標準：小数・分数・複数項・計算の工夫を入れ、符号判断と処理を組み合わせる。
m-jh2-A-01-05s.txt,2-A-01-05,多項式の計算－多項式の加法と減法,多項式の加法と減法,問題1,標準レベル,145,±10,1.3,正負の数の符号判断・計算処理,小学校の数・数直線・正負の数,多項式の加法と減法について、基礎の確認だけでなく複数の判断や計算処理を組み合わせる必要があるため。,基礎：符号・計算順序・用語を1つずつ確認する単問中心。標準：小数・分数・複数項・計算の工夫を入れ、符号判断と処理を組み合わせる。
m-jh2-A-01-05s.txt,2-A-01-05,多項式の計算－多項式の加法と減法,多項式の加法と減法,問題2,標準レベル,149,±10,1.3,正負の数の符号判断・計算処理,小学校の数・数直線・正負の数,多項式の加法と減法について、基礎の確認だけでなく複数の判断や計算処理を組み合わせる必要があるため。,基礎：符号・計算順序・用語を1つずつ確認する単問中心。標準：小数・分数・複数項・計算の工夫を入れ、符号判断と処理を組み合わせる。
m-jh2-A-01-06b.txt,2-A-01-06,多項式の計算－数と多項式の乗法,数と多項式の乗法,問題1,基礎レベル,120,±10,1.1,正負の数の乗除・符号判断,正負の数・乗法・除法・分数計算,,基礎：符号・計算順序・用語を1つずつ確認する単問中心。標準：小数・分数・複数項・計算の工夫を入れ、符号判断と処理を組み合わせる。
m-jh2-A-01-06b.txt,2-A-01-06,多項式の計算－数と多項式の乗法,数と多項式の乗法,問題2,基礎レベル,124,±10,1.1,正負の数の乗除・符号判断,正負の数・乗法・除法・分数計算,,基礎：符号・計算順序・用語を1つずつ確認する単問中心。標準：小数・分数・複数項・計算の工夫を入れ、符号判断と処理を組み合わせる。
m-jh2-A-01-06s.txt,2-A-01-06,多項式の計算－数と多項式の乗法,数と多項式の乗法,問題1,標準レベル,148,±10,1.3,正負の数の乗除・符号判断,正負の数・乗法・除法・分数計算,数と多項式の乗法について、基礎の確認だけでなく複数の判断や計算処理を組み合わせる必要があるため。,基礎：符号・計算順序・用語を1つずつ確認する単問中心。標準：小数・分数・複数項・計算の工夫を入れ、符号判断と処理を組み合わせる。
m-jh2-A-01-06s.txt,2-A-01-06,多項式の計算－数と多項式の乗法,数と多項式の乗法,問題2,標準レベル,152,±10,1.3,正負の数の乗除・符号判断,正負の数・乗法・除法・分数計算,数と多項式の乗法について、基礎の確認だけでなく複数の判断や計算処理を組み合わせる必要があるため。,基礎：符号・計算順序・用語を1つずつ確認する単問中心。標準：小数・分数・複数項・計算の工夫を入れ、符号判断と処理を組み合わせる。
m-jh2-A-01-07b.txt,2-A-01-07,多項式の計算－多項式と数の除法,多項式と数の除法,問題1,基礎レベル,123,±10,1.1,正負の数の乗除・符号判断,正負の数・乗法・除法・分数計算,,基礎：符号・計算順序・用語を1つずつ確認する単問中心。標準：小数・分数・複数項・計算の工夫を入れ、符号判断と処理を組み合わせる。
m-jh2-A-01-07b.txt,2-A-01-07,多項式の計算－多項式と数の除法,多項式と数の除法,問題2,基礎レベル,127,±10,1.1,正負の数の乗除・符号判断,正負の数・乗法・除法・分数計算,,基礎：符号・計算順序・用語を1つずつ確認する単問中心。標準：小数・分数・複数項・計算の工夫を入れ、符号判断と処理を組み合わせる。
m-jh2-A-01-07s.txt,2-A-01-07,多項式の計算－多項式と数の除法,多項式と数の除法,問題1,標準レベル,151,±10,1.3,正負の数の乗除・符号判断,正負の数・乗法・除法・分数計算,多項式と数の除法について、基礎の確認だけでなく複数の判断や計算処理を組み合わせる必要があるため。,基礎：符号・計算順序・用語を1つずつ確認する単問中心。標準：小数・分数・複数項・計算の工夫を入れ、符号判断と処理を組み合わせる。
m-jh2-A-01-07s.txt,2-A-01-07,多項式の計算－多項式と数の除法,多項式と数の除法,問題2,標準レベル,155,±10,1.3,正負の数の乗除・符号判断,正負の数・乗法・除法・分数計算,多項式と数の除法について、基礎の確認だけでなく複数の判断や計算処理を組み合わせる必要があるため。,基礎：符号・計算順序・用語を1つずつ確認する単問中心。標準：小数・分数・複数項・計算の工夫を入れ、符号判断と処理を組み合わせる。
m-jh2-A-01-08b.txt,2-A-01-08,多項式の計算－分配法則を利用する加法と減法（分数を含まない）,分配法則を利用する加法と減法（分数を含まない）,問題1,基礎レベル,126,±10,1.1,正負の数の符号判断・計算処理,小学校の数・数直線・正負の数,,基礎：符号・計算順序・用語を1つずつ確認する単問中心。標準：小数・分数・複数項・計算の工夫を入れ、符号判断と処理を組み合わせる。
m-jh2-A-01-08b.txt,2-A-01-08,多項式の計算－分配法則を利用する加法と減法（分数を含まない）,分配法則を利用する加法と減法（分数を含まない）,問題2,基礎レベル,130,±10,1.1,正負の数の符号判断・計算処理,小学校の数・数直線・正負の数,,基礎：符号・計算順序・用語を1つずつ確認する単問中心。標準：小数・分数・複数項・計算の工夫を入れ、符号判断と処理を組み合わせる。
m-jh2-A-01-08s.txt,2-A-01-08,多項式の計算－分配法則を利用する加法と減法（分数を含まない）,分配法則を利用する加法と減法（分数を含まない）,問題1,標準レベル,154,±10,1.3,正負の数の符号判断・計算処理,小学校の数・数直線・正負の数,分配法則を利用する加法と減法（分数を含まない）について、基礎の確認だけでなく複数の判断や計算処理を組み合わせる必要があるため。,基礎：符号・計算順序・用語を1つずつ確認する単問中心。標準：小数・分数・複数項・計算の工夫を入れ、符号判断と処理を組み合わせる。
m-jh2-A-01-08s.txt,2-A-01-08,多項式の計算－分配法則を利用する加法と減法（分数を含まない）,分配法則を利用する加法と減法（分数を含まない）,問題2,標準レベル,158,±10,1.3,正負の数の符号判断・計算処理,小学校の数・数直線・正負の数,分配法則を利用する加法と減法（分数を含まない）について、基礎の確認だけでなく複数の判断や計算処理を組み合わせる必要があるため。,基礎：符号・計算順序・用語を1つずつ確認する単問中心。標準：小数・分数・複数項・計算の工夫を入れ、符号判断と処理を組み合わせる。
m-jh2-A-01-09b.txt,2-A-01-09,多項式の計算－分配法則を利用する加法と減法（分数を含む）,分配法則を利用する加法と減法（分数を含む）,問題1,基礎レベル,129,±10,1.1,正負の数の符号判断・計算処理,小学校の数・数直線・正負の数,,基礎：符号・計算順序・用語を1つずつ確認する単問中心。標準：小数・分数・複数項・計算の工夫を入れ、符号判断と処理を組み合わせる。
m-jh2-A-01-09b.txt,2-A-01-09,多項式の計算－分配法則を利用する加法と減法（分数を含む）,分配法則を利用する加法と減法（分数を含む）,問題2,基礎レベル,133,±10,1.1,正負の数の符号判断・計算処理,小学校の数・数直線・正負の数,,基礎：符号・計算順序・用語を1つずつ確認する単問中心。標準：小数・分数・複数項・計算の工夫を入れ、符号判断と処理を組み合わせる。
m-jh2-A-01-09s.txt,2-A-01-09,多項式の計算－分配法則を利用する加法と減法（分数を含む）,分配法則を利用する加法と減法（分数を含む）,問題1,標準レベル,157,±10,1.3,正負の数の符号判断・計算処理,小学校の数・数直線・正負の数,分配法則を利用する加法と減法（分数を含む）について、基礎の確認だけでなく複数の判断や計算処理を組み合わせる必要があるため。,基礎：符号・計算順序・用語を1つずつ確認する単問中心。標準：小数・分数・複数項・計算の工夫を入れ、符号判断と処理を組み合わせる。
m-jh2-A-01-09s.txt,2-A-01-09,多項式の計算－分配法則を利用する加法と減法（分数を含む）,分配法則を利用する加法と減法（分数を含む）,問題2,標準レベル,161,±10,1.3,正負の数の符号判断・計算処理,小学校の数・数直線・正負の数,分配法則を利用する加法と減法（分数を含む）について、基礎の確認だけでなく複数の判断や計算処理を組み合わせる必要があるため。,基礎：符号・計算順序・用語を1つずつ確認する単問中心。標準：小数・分数・複数項・計算の工夫を入れ、符号判断と処理を組み合わせる。
m-jh2-A-01-10b.txt,2-A-01-10,多項式の計算－単項式の乗法,単項式の乗法,問題1,基礎レベル,132,±10,1.1,正負の数の乗除・符号判断,正負の数・乗法・除法・分数計算,,基礎：符号・計算順序・用語を1つずつ確認する単問中心。標準：小数・分数・複数項・計算の工夫を入れ、符号判断と処理を組み合わせる。
m-jh2-A-01-10b.txt,2-A-01-10,多項式の計算－単項式の乗法,単項式の乗法,問題2,基礎レベル,136,±10,1.1,正負の数の乗除・符号判断,正負の数・乗法・除法・分数計算,,基礎：符号・計算順序・用語を1つずつ確認する単問中心。標準：小数・分数・複数項・計算の工夫を入れ、符号判断と処理を組み合わせる。
m-jh2-A-01-10b.txt,2-A-01-10,多項式の計算－単項式の乗法,単項式の乗法,問題3,基礎レベル,140,±10,1.1,正負の数の乗除・符号判断,正負の数・乗法・除法・分数計算,,基礎：符号・計算順序・用語を1つずつ確認する単問中心。標準：小数・分数・複数項・計算の工夫を入れ、符号判断と処理を組み合わせる。
m-jh2-A-01-10s.txt,2-A-01-10,多項式の計算－単項式の乗法,単項式の乗法,問題1,標準レベル,160,±10,1.3,正負の数の乗除・符号判断,正負の数・乗法・除法・分数計算,単項式の乗法について、基礎の確認だけでなく複数の判断や計算処理を組み合わせる必要があるため。,基礎：符号・計算順序・用語を1つずつ確認する単問中心。標準：小数・分数・複数項・計算の工夫を入れ、符号判断と処理を組み合わせる。
m-jh2-A-01-10s.txt,2-A-01-10,多項式の計算－単項式の乗法,単項式の乗法,問題2,標準レベル,164,±10,1.3,正負の数の乗除・符号判断,正負の数・乗法・除法・分数計算,単項式の乗法について、基礎の確認だけでなく複数の判断や計算処理を組み合わせる必要があるため。,基礎：符号・計算順序・用語を1つずつ確認する単問中心。標準：小数・分数・複数項・計算の工夫を入れ、符号判断と処理を組み合わせる。
m-jh2-A-01-11b.txt,2-A-01-11,多項式の計算－単項式の除法,単項式の除法,問題1,基礎レベル,135,±10,1.1,正負の数の乗除・符号判断,正負の数・乗法・除法・分数計算,,基礎：符号・計算順序・用語を1つずつ確認する単問中心。標準：小数・分数・複数項・計算の工夫を入れ、符号判断と処理を組み合わせる。
m-jh2-A-01-11b.txt,2-A-01-11,多項式の計算－単項式の除法,単項式の除法,問題2,基礎レベル,139,±10,1.1,正負の数の乗除・符号判断,正負の数・乗法・除法・分数計算,,基礎：符号・計算順序・用語を1つずつ確認する単問中心。標準：小数・分数・複数項・計算の工夫を入れ、符号判断と処理を組み合わせる。
m-jh2-A-01-11s.txt,2-A-01-11,多項式の計算－単項式の除法,単項式の除法,問題1,標準レベル,163,±10,1.3,正負の数の乗除・符号判断,正負の数・乗法・除法・分数計算,単項式の除法について、基礎の確認だけでなく複数の判断や計算処理を組み合わせる必要があるため。,基礎：符号・計算順序・用語を1つずつ確認する単問中心。標準：小数・分数・複数項・計算の工夫を入れ、符号判断と処理を組み合わせる。
m-jh2-A-01-11s.txt,2-A-01-11,多項式の計算－単項式の除法,単項式の除法,問題2,標準レベル,167,±10,1.3,正負の数の乗除・符号判断,正負の数・乗法・除法・分数計算,単項式の除法について、基礎の確認だけでなく複数の判断や計算処理を組み合わせる必要があるため。,基礎：符号・計算順序・用語を1つずつ確認する単問中心。標準：小数・分数・複数項・計算の工夫を入れ、符号判断と処理を組み合わせる。
m-jh2-A-01-12b.txt,2-A-01-12,多項式の計算－単項式の乗法・除法混合,単項式の乗法・除法混合,問題1,基礎レベル,138,±10,1.1,正負の数の乗除・符号判断,正負の数・乗法・除法・分数計算,,基礎：符号・計算順序・用語を1つずつ確認する単問中心。標準：小数・分数・複数項・計算の工夫を入れ、符号判断と処理を組み合わせる。
m-jh2-A-01-12b.txt,2-A-01-12,多項式の計算－単項式の乗法・除法混合,単項式の乗法・除法混合,問題2,基礎レベル,142,±10,1.1,正負の数の乗除・符号判断,正負の数・乗法・除法・分数計算,,基礎：符号・計算順序・用語を1つずつ確認する単問中心。標準：小数・分数・複数項・計算の工夫を入れ、符号判断と処理を組み合わせる。
m-jh2-A-01-12s.txt,2-A-01-12,多項式の計算－単項式の乗法・除法混合,単項式の乗法・除法混合,問題1,標準レベル,166,±10,1.3,正負の数の乗除・符号判断,正負の数・乗法・除法・分数計算,単項式の乗法・除法混合について、基礎の確認だけでなく複数の判断や計算処理を組み合わせる必要があるため。,基礎：符号・計算順序・用語を1つずつ確認する単問中心。標準：小数・分数・複数項・計算の工夫を入れ、符号判断と処理を組み合わせる。
m-jh2-A-01-12s.txt,2-A-01-12,多項式の計算－単項式の乗法・除法混合,単項式の乗法・除法混合,問題2,標準レベル,170,±10,1.3,正負の数の乗除・符号判断,正負の数・乗法・除法・分数計算,単項式の乗法・除法混合について、基礎の確認だけでなく複数の判断や計算処理を組み合わせる必要があるため。,基礎：符号・計算順序・用語を1つずつ確認する単問中心。標準：小数・分数・複数項・計算の工夫を入れ、符号判断と処理を組み合わせる。
m-jh2-A-01-13b.txt,2-A-01-13,多項式の計算－式の値,式の値,問題1,基礎レベル,141,±10,1.1,文字式の構造理解・式変形,正負の数・文字式の基本,,基礎：文字式の用語や1段階の式変形を確認する。標準：複数の項、符号、分配法則、同類項の整理を組み合わせて処理させる。
m-jh2-A-01-13b.txt,2-A-01-13,多項式の計算－式の値,式の値,問題2,基礎レベル,145,±10,1.1,文字式の構造理解・式変形,正負の数・文字式の基本,,基礎：文字式の用語や1段階の式変形を確認する。標準：複数の項、符号、分配法則、同類項の整理を組み合わせて処理させる。
m-jh2-A-01-13s.txt,2-A-01-13,多項式の計算－式の値,式の値,問題1,標準レベル,169,±10,1.3,文字式の構造理解・式変形,正負の数・文字式の基本,式の値について、基礎の確認だけでなく複数の判断や計算処理を組み合わせる必要があるため。,基礎：文字式の用語や1段階の式変形を確認する。標準：複数の項、符号、分配法則、同類項の整理を組み合わせて処理させる。
m-jh2-A-01-13s.txt,2-A-01-13,多項式の計算－式の値,式の値,問題2,標準レベル,173,±10,1.3,文字式の構造理解・式変形,正負の数・文字式の基本,式の値について、基礎の確認だけでなく複数の判断や計算処理を組み合わせる必要があるため。,基礎：文字式の用語や1段階の式変形を確認する。標準：複数の項、符号、分配法則、同類項の整理を組み合わせて処理させる。
m-jh2-A-02-01b.txt,2-A-02-01,文字式の利用－整数に関するいろいろな性質,整数に関するいろいろな性質,問題1,基礎レベル,123,±10,1.1,文字式の構造理解・式変形,正負の数・文字式の基本,,基礎：文字式の用語や1段階の式変形を確認する。標準：複数の項、符号、分配法則、同類項の整理を組み合わせて処理させる。
m-jh2-A-02-01b.txt,2-A-02-01,文字式の利用－整数に関するいろいろな性質,整数に関するいろいろな性質,問題2,基礎レベル,127,±10,1.1,文字式の構造理解・式変形,正負の数・文字式の基本,,基礎：文字式の用語や1段階の式変形を確認する。標準：複数の項、符号、分配法則、同類項の整理を組み合わせて処理させる。
m-jh2-A-02-01s.txt,2-A-02-01,文字式の利用－整数に関するいろいろな性質,整数に関するいろいろな性質,問題1,標準レベル,151,±10,1.3,文字式の構造理解・式変形,正負の数・文字式の基本,整数に関するいろいろな性質について、基礎の確認だけでなく複数の判断や計算処理を組み合わせる必要があるため。,基礎：文字式の用語や1段階の式変形を確認する。標準：複数の項、符号、分配法則、同類項の整理を組み合わせて処理させる。
m-jh2-A-02-01s.txt,2-A-02-01,文字式の利用－整数に関するいろいろな性質,整数に関するいろいろな性質,問題2,標準レベル,155,±10,1.3,文字式の構造理解・式変形,正負の数・文字式の基本,整数に関するいろいろな性質について、基礎の確認だけでなく複数の判断や計算処理を組み合わせる必要があるため。,基礎：文字式の用語や1段階の式変形を確認する。標準：複数の項、符号、分配法則、同類項の整理を組み合わせて処理させる。
m-jh2-A-02-02b.txt,2-A-02-02,文字式の利用－図形と文字式,図形と文字式,問題1,基礎レベル,126,±10,1.1,文字式の構造理解・式変形,正負の数・文字式の基本,,基礎：文字式の用語や1段階の式変形を確認する。標準：複数の項、符号、分配法則、同類項の整理を組み合わせて処理させる。
m-jh2-A-02-02b.txt,2-A-02-02,文字式の利用－図形と文字式,図形と文字式,問題2,基礎レベル,130,±10,1.1,文字式の構造理解・式変形,正負の数・文字式の基本,,基礎：文字式の用語や1段階の式変形を確認する。標準：複数の項、符号、分配法則、同類項の整理を組み合わせて処理させる。
m-jh2-A-02-02s.txt,2-A-02-02,文字式の利用－図形と文字式,図形と文字式,問題1,標準レベル,154,±10,1.3,文字式の構造理解・式変形,正負の数・文字式の基本,図形と文字式について、基礎の確認だけでなく複数の判断や計算処理を組み合わせる必要があるため。,基礎：文字式の用語や1段階の式変形を確認する。標準：複数の項、符号、分配法則、同類項の整理を組み合わせて処理させる。
m-jh2-A-02-02s.txt,2-A-02-02,文字式の利用－図形と文字式,図形と文字式,問題2,標準レベル,158,±10,1.3,文字式の構造理解・式変形,正負の数・文字式の基本,図形と文字式について、基礎の確認だけでなく複数の判断や計算処理を組み合わせる必要があるため。,基礎：文字式の用語や1段階の式変形を確認する。標準：複数の項、符号、分配法則、同類項の整理を組み合わせて処理させる。
m-jh2-A-02-03b.txt,2-A-02-03,文字式の利用－等式の変形,等式の変形,問題1,基礎レベル,129,±10,1.1,文字式の構造理解・式変形,正負の数・文字式の基本,,基礎：文字式の用語や1段階の式変形を確認する。標準：複数の項、符号、分配法則、同類項の整理を組み合わせて処理させる。
m-jh2-A-02-03b.txt,2-A-02-03,文字式の利用－等式の変形,等式の変形,問題2,基礎レベル,133,±10,1.1,文字式の構造理解・式変形,正負の数・文字式の基本,,基礎：文字式の用語や1段階の式変形を確認する。標準：複数の項、符号、分配法則、同類項の整理を組み合わせて処理させる。
m-jh2-A-02-03b.txt,2-A-02-03,文字式の利用－等式の変形,等式の変形,問題3,基礎レベル,137,±10,1.1,文字式の構造理解・式変形,正負の数・文字式の基本,,基礎：文字式の用語や1段階の式変形を確認する。標準：複数の項、符号、分配法則、同類項の整理を組み合わせて処理させる。
m-jh2-A-02-03s.txt,2-A-02-03,文字式の利用－等式の変形,等式の変形,問題1,標準レベル,157,±10,1.3,文字式の構造理解・式変形,正負の数・文字式の基本,等式の変形について、基礎の確認だけでなく複数の判断や計算処理を組み合わせる必要があるため。,基礎：文字式の用語や1段階の式変形を確認する。標準：複数の項、符号、分配法則、同類項の整理を組み合わせて処理させる。
m-jh2-A-02-03s.txt,2-A-02-03,文字式の利用－等式の変形,等式の変形,問題2,標準レベル,161,±10,1.3,文字式の構造理解・式変形,正負の数・文字式の基本,等式の変形について、基礎の確認だけでなく複数の判断や計算処理を組み合わせる必要があるため。,基礎：文字式の用語や1段階の式変形を確認する。標準：複数の項、符号、分配法則、同類項の整理を組み合わせて処理させる。
m-jh2-A-03-01b.txt,2-A-03-01,連立方程式－連立方程式とその解,連立方程式とその解,問題1,基礎レベル,141,±10,1.1,文字式の構造理解・式変形,正負の数・文字式の基本,,基礎：文字式の用語や1段階の式変形を確認する。標準：複数の項、符号、分配法則、同類項の整理を組み合わせて処理させる。
m-jh2-A-03-01b.txt,2-A-03-01,連立方程式－連立方程式とその解,連立方程式とその解,問題2,基礎レベル,145,±10,1.1,文字式の構造理解・式変形,正負の数・文字式の基本,,基礎：文字式の用語や1段階の式変形を確認する。標準：複数の項、符号、分配法則、同類項の整理を組み合わせて処理させる。
m-jh2-A-03-01b.txt,2-A-03-01,連立方程式－連立方程式とその解,連立方程式とその解,問題3,基礎レベル,149,±10,1.1,文字式の構造理解・式変形,正負の数・文字式の基本,,基礎：文字式の用語や1段階の式変形を確認する。標準：複数の項、符号、分配法則、同類項の整理を組み合わせて処理させる。
m-jh2-A-03-01b.txt,2-A-03-01,連立方程式－連立方程式とその解,連立方程式とその解,問題4,基礎レベル,153,±10,1.1,文字式の構造理解・式変形,正負の数・文字式の基本,,基礎：文字式の用語や1段階の式変形を確認する。標準：複数の項、符号、分配法則、同類項の整理を組み合わせて処理させる。
m-jh2-A-03-01s.txt,2-A-03-01,連立方程式－連立方程式とその解,連立方程式とその解,問題1,標準レベル,169,±10,1.3,文字式の構造理解・式変形,正負の数・文字式の基本,連立方程式とその解について、基礎の確認だけでなく複数の判断や計算処理を組み合わせる必要があるため。,基礎：文字式の用語や1段階の式変形を確認する。標準：複数の項、符号、分配法則、同類項の整理を組み合わせて処理させる。
m-jh2-A-03-01s.txt,2-A-03-01,連立方程式－連立方程式とその解,連立方程式とその解,問題2,標準レベル,173,±10,1.3,文字式の構造理解・式変形,正負の数・文字式の基本,連立方程式とその解について、基礎の確認だけでなく複数の判断や計算処理を組み合わせる必要があるため。,基礎：文字式の用語や1段階の式変形を確認する。標準：複数の項、符号、分配法則、同類項の整理を組み合わせて処理させる。
m-jh2-A-03-02b.txt,2-A-03-02,連立方程式－加減法①2つの式をそのまま加減する,加減法①2つの式をそのまま加減する,問題1,基礎レベル,144,±10,1.1,正負の数の符号判断・計算処理,小学校の数・数直線・正負の数,,基礎：符号・計算順序・用語を1つずつ確認する単問中心。標準：小数・分数・複数項・計算の工夫を入れ、符号判断と処理を組み合わせる。
m-jh2-A-03-02b.txt,2-A-03-02,連立方程式－加減法①2つの式をそのまま加減する,加減法①2つの式をそのまま加減する,問題2,基礎レベル,148,±10,1.1,正負の数の符号判断・計算処理,小学校の数・数直線・正負の数,,基礎：符号・計算順序・用語を1つずつ確認する単問中心。標準：小数・分数・複数項・計算の工夫を入れ、符号判断と処理を組み合わせる。
m-jh2-A-03-02s.txt,2-A-03-02,連立方程式－加減法①2つの式をそのまま加減する,加減法①2つの式をそのまま加減する,問題1,標準レベル,172,±10,1.3,正負の数の符号判断・計算処理,小学校の数・数直線・正負の数,加減法①2つの式をそのまま加減するについて、基礎の確認だけでなく複数の判断や計算処理を組み合わせる必要があるため。,基礎：符号・計算順序・用語を1つずつ確認する単問中心。標準：小数・分数・複数項・計算の工夫を入れ、符号判断と処理を組み合わせる。
m-jh2-A-03-02s.txt,2-A-03-02,連立方程式－加減法①2つの式をそのまま加減する,加減法①2つの式をそのまま加減する,問題2,標準レベル,176,±10,1.3,正負の数の符号判断・計算処理,小学校の数・数直線・正負の数,加減法①2つの式をそのまま加減するについて、基礎の確認だけでなく複数の判断や計算処理を組み合わせる必要があるため。,基礎：符号・計算順序・用語を1つずつ確認する単問中心。標準：小数・分数・複数項・計算の工夫を入れ、符号判断と処理を組み合わせる。
m-jh2-A-03-03b.txt,2-A-03-03,連立方程式－加減法②1つの式の両辺を何倍かして加減する,加減法②1つの式の両辺を何倍かして加減する,問題1,基礎レベル,147,±10,1.1,正負の数の符号判断・計算処理,小学校の数・数直線・正負の数,,基礎：符号・計算順序・用語を1つずつ確認する単問中心。標準：小数・分数・複数項・計算の工夫を入れ、符号判断と処理を組み合わせる。
m-jh2-A-03-03b.txt,2-A-03-03,連立方程式－加減法②1つの式の両辺を何倍かして加減する,加減法②1つの式の両辺を何倍かして加減する,問題2,基礎レベル,151,±10,1.1,正負の数の符号判断・計算処理,小学校の数・数直線・正負の数,,基礎：符号・計算順序・用語を1つずつ確認する単問中心。標準：小数・分数・複数項・計算の工夫を入れ、符号判断と処理を組み合わせる。
m-jh2-A-03-03s.txt,2-A-03-03,連立方程式－加減法②1つの式の両辺を何倍かして加減する,加減法②1つの式の両辺を何倍かして加減する,問題1,標準レベル,175,±10,1.3,正負の数の符号判断・計算処理,小学校の数・数直線・正負の数,加減法②1つの式の両辺を何倍かして加減するについて、基礎の確認だけでなく複数の判断や計算処理を組み合わせる必要があるため。,基礎：符号・計算順序・用語を1つずつ確認する単問中心。標準：小数・分数・複数項・計算の工夫を入れ、符号判断と処理を組み合わせる。
m-jh2-A-03-03s.txt,2-A-03-03,連立方程式－加減法②1つの式の両辺を何倍かして加減する,加減法②1つの式の両辺を何倍かして加減する,問題2,標準レベル,179,±10,1.3,正負の数の符号判断・計算処理,小学校の数・数直線・正負の数,加減法②1つの式の両辺を何倍かして加減するについて、基礎の確認だけでなく複数の判断や計算処理を組み合わせる必要があるため。,基礎：符号・計算順序・用語を1つずつ確認する単問中心。標準：小数・分数・複数項・計算の工夫を入れ、符号判断と処理を組み合わせる。
m-jh2-A-03-04b.txt,2-A-03-04,連立方程式－加減法③それぞれの式の両辺を何倍かして加減する,加減法③それぞれの式の両辺を何倍かして加減する,問題1,基礎レベル,150,±10,1.1,正負の数の符号判断・計算処理,小学校の数・数直線・正負の数,,基礎：符号・計算順序・用語を1つずつ確認する単問中心。標準：小数・分数・複数項・計算の工夫を入れ、符号判断と処理を組み合わせる。
m-jh2-A-03-04b.txt,2-A-03-04,連立方程式－加減法③それぞれの式の両辺を何倍かして加減する,加減法③それぞれの式の両辺を何倍かして加減する,問題2,基礎レベル,154,±10,1.1,正負の数の符号判断・計算処理,小学校の数・数直線・正負の数,,基礎：符号・計算順序・用語を1つずつ確認する単問中心。標準：小数・分数・複数項・計算の工夫を入れ、符号判断と処理を組み合わせる。
m-jh2-A-03-04s.txt,2-A-03-04,連立方程式－加減法③それぞれの式の両辺を何倍かして加減する,加減法③それぞれの式の両辺を何倍かして加減する,問題1,標準レベル,178,±10,1.3,正負の数の符号判断・計算処理,小学校の数・数直線・正負の数,加減法③それぞれの式の両辺を何倍かして加減するについて、基礎の確認だけでなく複数の判断や計算処理を組み合わせる必要があるため。,基礎：符号・計算順序・用語を1つずつ確認する単問中心。標準：小数・分数・複数項・計算の工夫を入れ、符号判断と処理を組み合わせる。
m-jh2-A-03-04s.txt,2-A-03-04,連立方程式－加減法③それぞれの式の両辺を何倍かして加減する,加減法③それぞれの式の両辺を何倍かして加減する,問題2,標準レベル,182,±10,1.3,正負の数の符号判断・計算処理,小学校の数・数直線・正負の数,加減法③それぞれの式の両辺を何倍かして加減するについて、基礎の確認だけでなく複数の判断や計算処理を組み合わせる必要があるため。,基礎：符号・計算順序・用語を1つずつ確認する単問中心。標準：小数・分数・複数項・計算の工夫を入れ、符号判断と処理を組み合わせる。
m-jh2-A-03-05b.txt,2-A-03-05,連立方程式－代入法　1つの式から、x= 〜もしくは、y=〜という形を作り、もう一方の式に代入して解く,代入法　1つの式から、x= 〜もしくは、y=〜という形を作り、もう一方の式に代入して解く,問題1,基礎レベル,153,±10,1.1,文字式の構造理解・式変形,正負の数・文字式の基本,,基礎：文字式の用語や1段階の式変形を確認する。標準：複数の項、符号、分配法則、同類項の整理を組み合わせて処理させる。
m-jh2-A-03-05b.txt,2-A-03-05,連立方程式－代入法　1つの式から、x= 〜もしくは、y=〜という形を作り、もう一方の式に代入して解く,代入法　1つの式から、x= 〜もしくは、y=〜という形を作り、もう一方の式に代入して解く,問題2,基礎レベル,157,±10,1.1,文字式の構造理解・式変形,正負の数・文字式の基本,,基礎：文字式の用語や1段階の式変形を確認する。標準：複数の項、符号、分配法則、同類項の整理を組み合わせて処理させる。
m-jh2-A-03-06b.txt,2-A-03-06,連立方程式－加減法か代入法を選んで解く,加減法か代入法を選んで解く,問題1,基礎レベル,156,±10,1.1,正負の数の符号判断・計算処理,小学校の数・数直線・正負の数,,基礎：符号・計算順序・用語を1つずつ確認する単問中心。標準：小数・分数・複数項・計算の工夫を入れ、符号判断と処理を組み合わせる。
m-jh2-A-03-06b.txt,2-A-03-06,連立方程式－加減法か代入法を選んで解く,加減法か代入法を選んで解く,問題2,基礎レベル,160,±10,1.1,正負の数の符号判断・計算処理,小学校の数・数直線・正負の数,,基礎：符号・計算順序・用語を1つずつ確認する単問中心。標準：小数・分数・複数項・計算の工夫を入れ、符号判断と処理を組み合わせる。
m-jh2-A-03-06s.txt,2-A-03-06,連立方程式－加減法か代入法を選んで解く,加減法か代入法を選んで解く,問題1,標準レベル,184,±10,1.3,正負の数の符号判断・計算処理,小学校の数・数直線・正負の数,加減法か代入法を選んで解くについて、基礎の確認だけでなく複数の判断や計算処理を組み合わせる必要があるため。,基礎：符号・計算順序・用語を1つずつ確認する単問中心。標準：小数・分数・複数項・計算の工夫を入れ、符号判断と処理を組み合わせる。
m-jh2-A-03-06s.txt,2-A-03-06,連立方程式－加減法か代入法を選んで解く,加減法か代入法を選んで解く,問題2,標準レベル,188,±10,1.3,正負の数の符号判断・計算処理,小学校の数・数直線・正負の数,加減法か代入法を選んで解くについて、基礎の確認だけでなく複数の判断や計算処理を組み合わせる必要があるため。,基礎：符号・計算順序・用語を1つずつ確認する単問中心。標準：小数・分数・複数項・計算の工夫を入れ、符号判断と処理を組み合わせる。
m-jh2-A-03-07b.txt,2-A-03-07,連立方程式－かっこのある連立方程式,かっこのある連立方程式,問題1,基礎レベル,159,±10,1.1,文字式の構造理解・式変形,正負の数・文字式の基本,,基礎：文字式の用語や1段階の式変形を確認する。標準：複数の項、符号、分配法則、同類項の整理を組み合わせて処理させる。
m-jh2-A-03-07s.txt,2-A-03-07,連立方程式－かっこのある連立方程式,かっこのある連立方程式,問題1,標準レベル,187,±10,1.3,文字式の構造理解・式変形,正負の数・文字式の基本,かっこのある連立方程式について、基礎の確認だけでなく複数の判断や計算処理を組み合わせる必要があるため。,基礎：文字式の用語や1段階の式変形を確認する。標準：複数の項、符号、分配法則、同類項の整理を組み合わせて処理させる。
m-jh2-A-03-08b.txt,2-A-03-08,連立方程式－係数に分数を含む連立方程式,係数に分数を含む連立方程式,問題1,基礎レベル,162,±10,1.1,文字式の構造理解・式変形,正負の数・文字式の基本,,基礎：文字式の用語や1段階の式変形を確認する。標準：複数の項、符号、分配法則、同類項の整理を組み合わせて処理させる。
m-jh2-A-03-08b.txt,2-A-03-08,連立方程式－係数に分数を含む連立方程式,係数に分数を含む連立方程式,問題2,基礎レベル,166,±10,1.1,文字式の構造理解・式変形,正負の数・文字式の基本,,基礎：文字式の用語や1段階の式変形を確認する。標準：複数の項、符号、分配法則、同類項の整理を組み合わせて処理させる。
m-jh2-A-03-08s.txt,2-A-03-08,連立方程式－係数に分数を含む連立方程式,係数に分数を含む連立方程式,問題1,標準レベル,190,±10,1.3,文字式の構造理解・式変形,正負の数・文字式の基本,係数に分数を含む連立方程式について、基礎の確認だけでなく複数の判断や計算処理を組み合わせる必要があるため。,基礎：文字式の用語や1段階の式変形を確認する。標準：複数の項、符号、分配法則、同類項の整理を組み合わせて処理させる。
m-jh2-A-03-08s.txt,2-A-03-08,連立方程式－係数に分数を含む連立方程式,係数に分数を含む連立方程式,問題2,標準レベル,194,±10,1.3,文字式の構造理解・式変形,正負の数・文字式の基本,係数に分数を含む連立方程式について、基礎の確認だけでなく複数の判断や計算処理を組み合わせる必要があるため。,基礎：文字式の用語や1段階の式変形を確認する。標準：複数の項、符号、分配法則、同類項の整理を組み合わせて処理させる。
m-jh2-A-03-09b.txt,2-A-03-09,連立方程式－係数に小数を含む連立方程式,係数に小数を含む連立方程式,問題1,基礎レベル,165,±10,1.1,文字式の構造理解・式変形,正負の数・文字式の基本,,基礎：文字式の用語や1段階の式変形を確認する。標準：複数の項、符号、分配法則、同類項の整理を組み合わせて処理させる。
m-jh2-A-03-09s.txt,2-A-03-09,連立方程式－係数に小数を含む連立方程式,係数に小数を含む連立方程式,問題1,標準レベル,193,±10,1.3,文字式の構造理解・式変形,正負の数・文字式の基本,係数に小数を含む連立方程式について、基礎の確認だけでなく複数の判断や計算処理を組み合わせる必要があるため。,基礎：文字式の用語や1段階の式変形を確認する。標準：複数の項、符号、分配法則、同類項の整理を組み合わせて処理させる。
m-jh2-A-03-10b.txt,2-A-03-10,連立方程式－A＝B=Cの形をした連立方程式,A＝B=Cの形をした連立方程式,問題1,基礎レベル,168,±10,1.1,文字式の構造理解・式変形,正負の数・文字式の基本,,基礎：文字式の用語や1段階の式変形を確認する。標準：複数の項、符号、分配法則、同類項の整理を組み合わせて処理させる。
m-jh2-A-03-10b.txt,2-A-03-10,連立方程式－A＝B=Cの形をした連立方程式,A＝B=Cの形をした連立方程式,問題2,基礎レベル,172,±10,1.1,文字式の構造理解・式変形,正負の数・文字式の基本,,基礎：文字式の用語や1段階の式変形を確認する。標準：複数の項、符号、分配法則、同類項の整理を組み合わせて処理させる。
m-jh2-A-03-10s.txt,2-A-03-10,連立方程式－A＝B=Cの形をした連立方程式,A＝B=Cの形をした連立方程式,問題1,標準レベル,196,±10,1.3,文字式の構造理解・式変形,正負の数・文字式の基本,A＝B=Cの形をした連立方程式について、基礎の確認だけでなく複数の判断や計算処理を組み合わせる必要があるため。,基礎：文字式の用語や1段階の式変形を確認する。標準：複数の項、符号、分配法則、同類項の整理を組み合わせて処理させる。
m-jh2-A-03-10s.txt,2-A-03-10,連立方程式－A＝B=Cの形をした連立方程式,A＝B=Cの形をした連立方程式,問題2,標準レベル,200,±10,1.3,文字式の構造理解・式変形,正負の数・文字式の基本,A＝B=Cの形をした連立方程式について、基礎の確認だけでなく複数の判断や計算処理を組み合わせる必要があるため。,基礎：文字式の用語や1段階の式変形を確認する。標準：複数の項、符号、分配法則、同類項の整理を組み合わせて処理させる。
m-jh2-A-03-11b.txt,2-A-03-11,連立方程式－連立方程式の文章題（数、量、代金の問題）,連立方程式の文章題（数、量、代金の問題）,問題1,基礎レベル,171,±10,1.1,文字式の構造理解・式変形,正負の数・文字式の基本,,基礎：文字式の用語や1段階の式変形を確認する。標準：複数の項、符号、分配法則、同類項の整理を組み合わせて処理させる。
m-jh2-A-03-11s.txt,2-A-03-11,連立方程式－連立方程式の文章題（数、量、代金の問題）,連立方程式の文章題（数、量、代金の問題）,問題1,標準レベル,199,±10,1.3,文字式の構造理解・式変形,正負の数・文字式の基本,連立方程式の文章題（数、量、代金の問題）について、基礎の確認だけでなく複数の判断や計算処理を組み合わせる必要があるため。,基礎：文字式の用語や1段階の式変形を確認する。標準：複数の項、符号、分配法則、同類項の整理を組み合わせて処理させる。
m-jh2-A-03-12b.txt,2-A-03-12,連立方程式－連立方程式の文章題（数字の問題）,連立方程式の文章題（数字の問題）,問題1,基礎レベル,174,±10,1.1,文字式の構造理解・式変形,正負の数・文字式の基本,,基礎：文字式の用語や1段階の式変形を確認する。標準：複数の項、符号、分配法則、同類項の整理を組み合わせて処理させる。
m-jh2-A-03-12s.txt,2-A-03-12,連立方程式－連立方程式の文章題（数字の問題）,連立方程式の文章題（数字の問題）,問題1,標準レベル,202,±10,1.3,文字式の構造理解・式変形,正負の数・文字式の基本,連立方程式の文章題（数字の問題）について、基礎の確認だけでなく複数の判断や計算処理を組み合わせる必要があるため。,基礎：文字式の用語や1段階の式変形を確認する。標準：複数の項、符号、分配法則、同類項の整理を組み合わせて処理させる。
m-jh2-A-03-13b.txt,2-A-03-13,連立方程式－連立方程式の文章題（速さ、距離、時間に関する問題）,連立方程式の文章題（速さ、距離、時間に関する問題）,問題1,基礎レベル,177,±10,1.1,文字式の構造理解・式変形,正負の数・文字式の基本,,基礎：文字式の用語や1段階の式変形を確認する。標準：複数の項、符号、分配法則、同類項の整理を組み合わせて処理させる。
m-jh2-A-03-13s.txt,2-A-03-13,連立方程式－連立方程式の文章題（速さ、距離、時間に関する問題）,連立方程式の文章題（速さ、距離、時間に関する問題）,問題1,標準レベル,205,±10,1.3,文字式の構造理解・式変形,正負の数・文字式の基本,連立方程式の文章題（速さ、距離、時間に関する問題）について、基礎の確認だけでなく複数の判断や計算処理を組み合わせる必要があるため。,基礎：文字式の用語や1段階の式変形を確認する。標準：複数の項、符号、分配法則、同類項の整理を組み合わせて処理させる。
m-jh2-A-03-14b.txt,2-A-03-14,連立方程式－連立方程式の文章題（割合に関する問題）,連立方程式の文章題（割合に関する問題）,問題1,基礎レベル,180,±10,1.1,文字式の構造理解・式変形,正負の数・文字式の基本,,基礎：文字式の用語や1段階の式変形を確認する。標準：複数の項、符号、分配法則、同類項の整理を組み合わせて処理させる。
m-jh2-A-03-14s.txt,2-A-03-14,連立方程式－連立方程式の文章題（割合に関する問題）,連立方程式の文章題（割合に関する問題）,問題1,標準レベル,208,±10,1.3,文字式の構造理解・式変形,正負の数・文字式の基本,連立方程式の文章題（割合に関する問題）について、基礎の確認だけでなく複数の判断や計算処理を組み合わせる必要があるため。,基礎：文字式の用語や1段階の式変形を確認する。標準：複数の項、符号、分配法則、同類項の整理を組み合わせて処理させる。
m-jh2-A-03-15b.txt,2-A-03-15,連立方程式－連立方程式の文章題（濃度に関する問題）,連立方程式の文章題（濃度に関する問題）,問題1,基礎レベル,183,±10,1.1,文字式の構造理解・式変形,正負の数・文字式の基本,,基礎：文字式の用語や1段階の式変形を確認する。標準：複数の項、符号、分配法則、同類項の整理を組み合わせて処理させる。
m-jh2-A-03-15s.txt,2-A-03-15,連立方程式－連立方程式の文章題（濃度に関する問題）,連立方程式の文章題（濃度に関する問題）,問題1,標準レベル,211,±10,1.3,文字式の構造理解・式変形,正負の数・文字式の基本,連立方程式の文章題（濃度に関する問題）について、基礎の確認だけでなく複数の判断や計算処理を組み合わせる必要があるため。,基礎：文字式の用語や1段階の式変形を確認する。標準：複数の項、符号、分配法則、同類項の整理を組み合わせて処理させる。
m-jh3-A-01-01b.txt,3-A-01-01,多項式の計算－単項式と多項式の乗法,単項式と多項式の乗法,問題1,基礎レベル,185,±10,1.1,正負の数の乗除・符号判断,正負の数・乗法・除法・分数計算,,基礎：符号・計算順序・用語を1つずつ確認する単問中心。標準：小数・分数・複数項・計算の工夫を入れ、符号判断と処理を組み合わせる。
m-jh3-A-01-01b.txt,3-A-01-01,多項式の計算－単項式と多項式の乗法,単項式と多項式の乗法,問題2,基礎レベル,189,±10,1.1,正負の数の乗除・符号判断,正負の数・乗法・除法・分数計算,,基礎：符号・計算順序・用語を1つずつ確認する単問中心。標準：小数・分数・複数項・計算の工夫を入れ、符号判断と処理を組み合わせる。
m-jh3-A-01-01s.txt,3-A-01-01,多項式の計算－単項式と多項式の乗法,単項式と多項式の乗法,問題1,標準レベル,213,±10,1.3,正負の数の乗除・符号判断,正負の数・乗法・除法・分数計算,単項式と多項式の乗法について、基礎の確認だけでなく複数の判断や計算処理を組み合わせる必要があるため。,基礎：符号・計算順序・用語を1つずつ確認する単問中心。標準：小数・分数・複数項・計算の工夫を入れ、符号判断と処理を組み合わせる。
m-jh3-A-01-01s.txt,3-A-01-01,多項式の計算－単項式と多項式の乗法,単項式と多項式の乗法,問題2,標準レベル,217,±10,1.3,正負の数の乗除・符号判断,正負の数・乗法・除法・分数計算,単項式と多項式の乗法について、基礎の確認だけでなく複数の判断や計算処理を組み合わせる必要があるため。,基礎：符号・計算順序・用語を1つずつ確認する単問中心。標準：小数・分数・複数項・計算の工夫を入れ、符号判断と処理を組み合わせる。
m-jh3-A-01-02b.txt,3-A-01-02,多項式の計算－多項式を単項式でわる除法,多項式を単項式でわる除法,問題1,基礎レベル,188,±10,1.1,正負の数の乗除・符号判断,正負の数・乗法・除法・分数計算,,基礎：符号・計算順序・用語を1つずつ確認する単問中心。標準：小数・分数・複数項・計算の工夫を入れ、符号判断と処理を組み合わせる。
m-jh3-A-01-02b.txt,3-A-01-02,多項式の計算－多項式を単項式でわる除法,多項式を単項式でわる除法,問題2,基礎レベル,192,±10,1.1,正負の数の乗除・符号判断,正負の数・乗法・除法・分数計算,,基礎：符号・計算順序・用語を1つずつ確認する単問中心。標準：小数・分数・複数項・計算の工夫を入れ、符号判断と処理を組み合わせる。
m-jh3-A-01-02s.txt,3-A-01-02,多項式の計算－多項式を単項式でわる除法,多項式を単項式でわる除法,問題1,標準レベル,216,±10,1.3,正負の数の乗除・符号判断,正負の数・乗法・除法・分数計算,多項式を単項式でわる除法について、基礎の確認だけでなく複数の判断や計算処理を組み合わせる必要があるため。,基礎：符号・計算順序・用語を1つずつ確認する単問中心。標準：小数・分数・複数項・計算の工夫を入れ、符号判断と処理を組み合わせる。
m-jh3-A-01-02s.txt,3-A-01-02,多項式の計算－多項式を単項式でわる除法,多項式を単項式でわる除法,問題2,標準レベル,220,±10,1.3,正負の数の乗除・符号判断,正負の数・乗法・除法・分数計算,多項式を単項式でわる除法について、基礎の確認だけでなく複数の判断や計算処理を組み合わせる必要があるため。,基礎：符号・計算順序・用語を1つずつ確認する単問中心。標準：小数・分数・複数項・計算の工夫を入れ、符号判断と処理を組み合わせる。
m-jh3-A-01-03b.txt,3-A-01-03,多項式の計算－多項式と多項式の乗法（展開）,多項式と多項式の乗法（展開）,問題1,基礎レベル,191,±10,1.1,正負の数の乗除・符号判断,正負の数・乗法・除法・分数計算,,基礎：符号・計算順序・用語を1つずつ確認する単問中心。標準：小数・分数・複数項・計算の工夫を入れ、符号判断と処理を組み合わせる。
m-jh3-A-01-03b.txt,3-A-01-03,多項式の計算－多項式と多項式の乗法（展開）,多項式と多項式の乗法（展開）,問題2,基礎レベル,195,±10,1.1,正負の数の乗除・符号判断,正負の数・乗法・除法・分数計算,,基礎：符号・計算順序・用語を1つずつ確認する単問中心。標準：小数・分数・複数項・計算の工夫を入れ、符号判断と処理を組み合わせる。
m-jh3-A-01-03b.txt,3-A-01-03,多項式の計算－多項式と多項式の乗法（展開）,多項式と多項式の乗法（展開）,問題3,基礎レベル,199,±10,1.1,正負の数の乗除・符号判断,正負の数・乗法・除法・分数計算,,基礎：符号・計算順序・用語を1つずつ確認する単問中心。標準：小数・分数・複数項・計算の工夫を入れ、符号判断と処理を組み合わせる。
m-jh3-A-01-03s.txt,3-A-01-03,多項式の計算－多項式と多項式の乗法（展開）,多項式と多項式の乗法（展開）,問題1,標準レベル,219,±10,1.3,正負の数の乗除・符号判断,正負の数・乗法・除法・分数計算,多項式と多項式の乗法（展開）について、基礎の確認だけでなく複数の判断や計算処理を組み合わせる必要があるため。,基礎：符号・計算順序・用語を1つずつ確認する単問中心。標準：小数・分数・複数項・計算の工夫を入れ、符号判断と処理を組み合わせる。
m-jh3-A-01-03s.txt,3-A-01-03,多項式の計算－多項式と多項式の乗法（展開）,多項式と多項式の乗法（展開）,問題2,標準レベル,223,±10,1.3,正負の数の乗除・符号判断,正負の数・乗法・除法・分数計算,多項式と多項式の乗法（展開）について、基礎の確認だけでなく複数の判断や計算処理を組み合わせる必要があるため。,基礎：符号・計算順序・用語を1つずつ確認する単問中心。標準：小数・分数・複数項・計算の工夫を入れ、符号判断と処理を組み合わせる。
m-jh3-A-01-04b.txt,3-A-01-04,多項式の計算－多項式の展開（同類項を含む）,多項式の展開（同類項を含む）,問題1,基礎レベル,194,±10,1.1,文字式の構造理解・式変形,正負の数・文字式の基本,,基礎：文字式の用語や1段階の式変形を確認する。標準：複数の項、符号、分配法則、同類項の整理を組み合わせて処理させる。
m-jh3-A-01-04b.txt,3-A-01-04,多項式の計算－多項式の展開（同類項を含む）,多項式の展開（同類項を含む）,問題2,基礎レベル,198,±10,1.1,文字式の構造理解・式変形,正負の数・文字式の基本,,基礎：文字式の用語や1段階の式変形を確認する。標準：複数の項、符号、分配法則、同類項の整理を組み合わせて処理させる。
m-jh3-A-01-04s.txt,3-A-01-04,多項式の計算－多項式の展開（同類項を含む）,多項式の展開（同類項を含む）,問題1,標準レベル,222,±10,1.3,文字式の構造理解・式変形,正負の数・文字式の基本,多項式の展開（同類項を含む）について、基礎の確認だけでなく複数の判断や計算処理を組み合わせる必要があるため。,基礎：文字式の用語や1段階の式変形を確認する。標準：複数の項、符号、分配法則、同類項の整理を組み合わせて処理させる。
m-jh3-A-01-04s.txt,3-A-01-04,多項式の計算－多項式の展開（同類項を含む）,多項式の展開（同類項を含む）,問題2,標準レベル,226,±10,1.3,文字式の構造理解・式変形,正負の数・文字式の基本,多項式の展開（同類項を含む）について、基礎の確認だけでなく複数の判断や計算処理を組み合わせる必要があるため。,基礎：文字式の用語や1段階の式変形を確認する。標準：複数の項、符号、分配法則、同類項の整理を組み合わせて処理させる。
m-jh3-A-01-05b.txt,3-A-01-05,多項式の計算－(x + a)(x + b)の展開,(x + a)(x + b)の展開,問題1,基礎レベル,197,±10,1.1,正負の数の乗除・符号判断,正負の数・乗法・除法・分数計算,,基礎：文字式の用語や1段階の式変形を確認する。標準：複数の項、符号、分配法則、同類項の整理を組み合わせて処理させる。
m-jh3-A-01-05b.txt,3-A-01-05,多項式の計算－(x + a)(x + b)の展開,(x + a)(x + b)の展開,問題2,基礎レベル,201,±10,1.1,正負の数の乗除・符号判断,正負の数・乗法・除法・分数計算,,基礎：文字式の用語や1段階の式変形を確認する。標準：複数の項、符号、分配法則、同類項の整理を組み合わせて処理させる。
m-jh3-A-01-05s.txt,3-A-01-05,多項式の計算－(x + a)(x + b)の展開,(x + a)(x + b)の展開,問題1,標準レベル,225,±10,1.3,正負の数の乗除・符号判断,正負の数・乗法・除法・分数計算,(x + a)(x + b)の展開について、基礎の確認だけでなく複数の判断や計算処理を組み合わせる必要があるため。,基礎：文字式の用語や1段階の式変形を確認する。標準：複数の項、符号、分配法則、同類項の整理を組み合わせて処理させる。
m-jh3-A-01-05s.txt,3-A-01-05,多項式の計算－(x + a)(x + b)の展開,(x + a)(x + b)の展開,問題2,標準レベル,229,±10,1.3,正負の数の乗除・符号判断,正負の数・乗法・除法・分数計算,(x + a)(x + b)の展開について、基礎の確認だけでなく複数の判断や計算処理を組み合わせる必要があるため。,基礎：文字式の用語や1段階の式変形を確認する。標準：複数の項、符号、分配法則、同類項の整理を組み合わせて処理させる。
m-jh3-A-01-06b.txt,3-A-01-06,多項式の計算－(x + a)^2の展開,(x + a)^2の展開,問題1,基礎レベル,200,±10,1.1,正負の数の乗除・符号判断,正負の数・乗法・除法・分数計算,,基礎：文字式の用語や1段階の式変形を確認する。標準：複数の項、符号、分配法則、同類項の整理を組み合わせて処理させる。
m-jh3-A-01-06b.txt,3-A-01-06,多項式の計算－(x + a)^2の展開,(x + a)^2の展開,問題2,基礎レベル,204,±10,1.1,正負の数の乗除・符号判断,正負の数・乗法・除法・分数計算,,基礎：文字式の用語や1段階の式変形を確認する。標準：複数の項、符号、分配法則、同類項の整理を組み合わせて処理させる。
m-jh3-A-01-06s.txt,3-A-01-06,多項式の計算－(x + a)^2の展開,(x + a)^2の展開,問題1,標準レベル,228,±10,1.3,正負の数の乗除・符号判断,正負の数・乗法・除法・分数計算,(x + a)^2の展開について、基礎の確認だけでなく複数の判断や計算処理を組み合わせる必要があるため。,基礎：文字式の用語や1段階の式変形を確認する。標準：複数の項、符号、分配法則、同類項の整理を組み合わせて処理させる。
m-jh3-A-01-06s.txt,3-A-01-06,多項式の計算－(x + a)^2の展開,(x + a)^2の展開,問題2,標準レベル,232,±10,1.3,正負の数の乗除・符号判断,正負の数・乗法・除法・分数計算,(x + a)^2の展開について、基礎の確認だけでなく複数の判断や計算処理を組み合わせる必要があるため。,基礎：文字式の用語や1段階の式変形を確認する。標準：複数の項、符号、分配法則、同類項の整理を組み合わせて処理させる。
m-jh3-A-01-07b.txt,3-A-01-07,多項式の計算－(x - a)^2の展開,(x - a)^2の展開,問題1,基礎レベル,203,±10,1.1,正負の数の乗除・符号判断,正負の数・乗法・除法・分数計算,,基礎：文字式の用語や1段階の式変形を確認する。標準：複数の項、符号、分配法則、同類項の整理を組み合わせて処理させる。
m-jh3-A-01-07b.txt,3-A-01-07,多項式の計算－(x - a)^2の展開,(x - a)^2の展開,問題2,基礎レベル,207,±10,1.1,正負の数の乗除・符号判断,正負の数・乗法・除法・分数計算,,基礎：文字式の用語や1段階の式変形を確認する。標準：複数の項、符号、分配法則、同類項の整理を組み合わせて処理させる。
m-jh3-A-01-08b.txt,3-A-01-08,多項式の計算－(a + b)(a -b)の展開,(a + b)(a -b)の展開,問題1,基礎レベル,206,±10,1.1,正負の数の乗除・符号判断,正負の数・乗法・除法・分数計算,,基礎：文字式の用語や1段階の式変形を確認する。標準：複数の項、符号、分配法則、同類項の整理を組み合わせて処理させる。
m-jh3-A-01-08b.txt,3-A-01-08,多項式の計算－(a + b)(a -b)の展開,(a + b)(a -b)の展開,問題2,基礎レベル,210,±10,1.1,正負の数の乗除・符号判断,正負の数・乗法・除法・分数計算,,基礎：文字式の用語や1段階の式変形を確認する。標準：複数の項、符号、分配法則、同類項の整理を組み合わせて処理させる。
m-jh3-A-01-08s.txt,3-A-01-08,多項式の計算－(a + b)(a -b)の展開,(a + b)(a -b)の展開,問題1,標準レベル,234,±10,1.3,正負の数の乗除・符号判断,正負の数・乗法・除法・分数計算,(a + b)(a -b)の展開について、基礎の確認だけでなく複数の判断や計算処理を組み合わせる必要があるため。,基礎：文字式の用語や1段階の式変形を確認する。標準：複数の項、符号、分配法則、同類項の整理を組み合わせて処理させる。
m-jh3-A-01-08s.txt,3-A-01-08,多項式の計算－(a + b)(a -b)の展開,(a + b)(a -b)の展開,問題2,標準レベル,238,±10,1.3,正負の数の乗除・符号判断,正負の数・乗法・除法・分数計算,(a + b)(a -b)の展開について、基礎の確認だけでなく複数の判断や計算処理を組み合わせる必要があるため。,基礎：文字式の用語や1段階の式変形を確認する。標準：複数の項、符号、分配法則、同類項の整理を組み合わせて処理させる。
m-jh3-A-01-09b.txt,3-A-01-09,多項式の計算－乗法の公式を利用したいろいろな展開,乗法の公式を利用したいろいろな展開,問題1,基礎レベル,209,±10,1.1,正負の数の乗除・符号判断,正負の数・乗法・除法・分数計算,,基礎：符号・計算順序・用語を1つずつ確認する単問中心。標準：小数・分数・複数項・計算の工夫を入れ、符号判断と処理を組み合わせる。
m-jh3-A-01-09b.txt,3-A-01-09,多項式の計算－乗法の公式を利用したいろいろな展開,乗法の公式を利用したいろいろな展開,問題2,基礎レベル,213,±10,1.1,正負の数の乗除・符号判断,正負の数・乗法・除法・分数計算,,基礎：符号・計算順序・用語を1つずつ確認する単問中心。標準：小数・分数・複数項・計算の工夫を入れ、符号判断と処理を組み合わせる。
m-jh3-A-01-09s.txt,3-A-01-09,多項式の計算－乗法の公式を利用したいろいろな展開,乗法の公式を利用したいろいろな展開,問題1,標準レベル,237,±10,1.3,正負の数の乗除・符号判断,正負の数・乗法・除法・分数計算,乗法の公式を利用したいろいろな展開について、基礎の確認だけでなく複数の判断や計算処理を組み合わせる必要があるため。,基礎：符号・計算順序・用語を1つずつ確認する単問中心。標準：小数・分数・複数項・計算の工夫を入れ、符号判断と処理を組み合わせる。
m-jh3-A-01-09s.txt,3-A-01-09,多項式の計算－乗法の公式を利用したいろいろな展開,乗法の公式を利用したいろいろな展開,問題2,標準レベル,241,±10,1.3,正負の数の乗除・符号判断,正負の数・乗法・除法・分数計算,乗法の公式を利用したいろいろな展開について、基礎の確認だけでなく複数の判断や計算処理を組み合わせる必要があるため。,基礎：符号・計算順序・用語を1つずつ確認する単問中心。標準：小数・分数・複数項・計算の工夫を入れ、符号判断と処理を組み合わせる。
m-jh3-A-01-10b.txt,3-A-01-10,多項式の計算－置き換えによる展開,置き換えによる展開,問題1,基礎レベル,212,±10,1.1,正負の数の乗除・符号判断,正負の数・乗法・除法・分数計算,,基礎：文字式の用語や1段階の式変形を確認する。標準：複数の項、符号、分配法則、同類項の整理を組み合わせて処理させる。
m-jh3-A-01-10s.txt,3-A-01-10,多項式の計算－置き換えによる展開,置き換えによる展開,問題1,標準レベル,240,±10,1.3,正負の数の乗除・符号判断,正負の数・乗法・除法・分数計算,置き換えによる展開について、基礎の確認だけでなく複数の判断や計算処理を組み合わせる必要があるため。,基礎：文字式の用語や1段階の式変形を確認する。標準：複数の項、符号、分配法則、同類項の整理を組み合わせて処理させる。
m-jh3-A-02-01b.txt,3-A-02-01,因数分解－共通因数のくくりだし,共通因数のくくりだし,問題1,基礎レベル,203,±10,1.1,因数分解の公式適用・構造認識,展開・乗法の公式・共通因数,,基礎：共通因数や公式を直接使って因数分解する。標準：共通因数を先にくくる、積と和を探す、置き換えるなど構造判断を加える。
m-jh3-A-02-01b.txt,3-A-02-01,因数分解－共通因数のくくりだし,共通因数のくくりだし,問題2,基礎レベル,207,±10,1.1,因数分解の公式適用・構造認識,展開・乗法の公式・共通因数,,基礎：共通因数や公式を直接使って因数分解する。標準：共通因数を先にくくる、積と和を探す、置き換えるなど構造判断を加える。
m-jh3-A-02-01s.txt,3-A-02-01,因数分解－共通因数のくくりだし,共通因数のくくりだし,問題1,標準レベル,231,±10,1.3,因数分解の公式適用・構造認識,展開・乗法の公式・共通因数,共通因数のくくりだしについて、基礎の確認だけでなく複数の判断や計算処理を組み合わせる必要があるため。,基礎：共通因数や公式を直接使って因数分解する。標準：共通因数を先にくくる、積と和を探す、置き換えるなど構造判断を加える。
m-jh3-A-02-01s.txt,3-A-02-01,因数分解－共通因数のくくりだし,共通因数のくくりだし,問題2,標準レベル,235,±10,1.3,因数分解の公式適用・構造認識,展開・乗法の公式・共通因数,共通因数のくくりだしについて、基礎の確認だけでなく複数の判断や計算処理を組み合わせる必要があるため。,基礎：共通因数や公式を直接使って因数分解する。標準：共通因数を先にくくる、積と和を探す、置き換えるなど構造判断を加える。
m-jh3-A-02-02b.txt,3-A-02-02,因数分解－乗法の公式(x + a)(x + b) = x^2 +(a + b)x + abを利用した因数分解,乗法の公式(x + a)(x + b) = x^2 +(a + b)x + abを利用した因数分解,問題1,基礎レベル,206,±10,1.1,正負の数の乗除・符号判断,正負の数・乗法・除法・分数計算,,基礎：符号・計算順序・用語を1つずつ確認する単問中心。標準：小数・分数・複数項・計算の工夫を入れ、符号判断と処理を組み合わせる。
m-jh3-A-02-02b.txt,3-A-02-02,因数分解－乗法の公式(x + a)(x + b) = x^2 +(a + b)x + abを利用した因数分解,乗法の公式(x + a)(x + b) = x^2 +(a + b)x + abを利用した因数分解,問題2,基礎レベル,210,±10,1.1,正負の数の乗除・符号判断,正負の数・乗法・除法・分数計算,,基礎：符号・計算順序・用語を1つずつ確認する単問中心。標準：小数・分数・複数項・計算の工夫を入れ、符号判断と処理を組み合わせる。
m-jh3-A-02-02s.txt,3-A-02-02,因数分解－乗法の公式(x + a)(x + b) = x^2 +(a + b)x + abを利用した因数分解,乗法の公式(x + a)(x + b) = x^2 +(a + b)x + abを利用した因数分解,問題1,標準レベル,234,±10,1.3,正負の数の乗除・符号判断,正負の数・乗法・除法・分数計算,乗法の公式(x + a)(x + b) = x^2 +(a + b)x + abを利用した因数分解について、基礎の確認だけでなく複数の判断や計算処理を組み合わせる必要があるため。,基礎：符号・計算順序・用語を1つずつ確認する単問中心。標準：小数・分数・複数項・計算の工夫を入れ、符号判断と処理を組み合わせる。
m-jh3-A-02-02s.txt,3-A-02-02,因数分解－乗法の公式(x + a)(x + b) = x^2 +(a + b)x + abを利用した因数分解,乗法の公式(x + a)(x + b) = x^2 +(a + b)x + abを利用した因数分解,問題2,標準レベル,238,±10,1.3,正負の数の乗除・符号判断,正負の数・乗法・除法・分数計算,乗法の公式(x + a)(x + b) = x^2 +(a + b)x + abを利用した因数分解について、基礎の確認だけでなく複数の判断や計算処理を組み合わせる必要があるため。,基礎：符号・計算順序・用語を1つずつ確認する単問中心。標準：小数・分数・複数項・計算の工夫を入れ、符号判断と処理を組み合わせる。
m-jh3-A-02-03b.txt,3-A-02-03,"因数分解－(x + a)^2, (x - a)^2の乗法の公式を利用した因数分解","(x + a)^2, (x - a)^2の乗法の公式を利用した因数分解",問題1,基礎レベル,209,±10,1.1,正負の数の乗除・符号判断,正負の数・乗法・除法・分数計算,,基礎：符号・計算順序・用語を1つずつ確認する単問中心。標準：小数・分数・複数項・計算の工夫を入れ、符号判断と処理を組み合わせる。
m-jh3-A-02-03b.txt,3-A-02-03,"因数分解－(x + a)^2, (x - a)^2の乗法の公式を利用した因数分解","(x + a)^2, (x - a)^2の乗法の公式を利用した因数分解",問題2,基礎レベル,213,±10,1.1,正負の数の乗除・符号判断,正負の数・乗法・除法・分数計算,,基礎：符号・計算順序・用語を1つずつ確認する単問中心。標準：小数・分数・複数項・計算の工夫を入れ、符号判断と処理を組み合わせる。
m-jh3-A-02-03s.txt,3-A-02-03,"因数分解－(x + a)^2, (x - a)^2の乗法の公式を利用した因数分解","(x + a)^2, (x - a)^2の乗法の公式を利用した因数分解",問題1,標準レベル,237,±10,1.3,正負の数の乗除・符号判断,正負の数・乗法・除法・分数計算,"(x + a)^2, (x - a)^2の乗法の公式を利用した因数分解について、基礎の確認だけでなく複数の判断や計算処理を組み合わせる必要があるため。",基礎：符号・計算順序・用語を1つずつ確認する単問中心。標準：小数・分数・複数項・計算の工夫を入れ、符号判断と処理を組み合わせる。
m-jh3-A-02-03s.txt,3-A-02-03,"因数分解－(x + a)^2, (x - a)^2の乗法の公式を利用した因数分解","(x + a)^2, (x - a)^2の乗法の公式を利用した因数分解",問題2,標準レベル,241,±10,1.3,正負の数の乗除・符号判断,正負の数・乗法・除法・分数計算,"(x + a)^2, (x - a)^2の乗法の公式を利用した因数分解について、基礎の確認だけでなく複数の判断や計算処理を組み合わせる必要があるため。",基礎：符号・計算順序・用語を1つずつ確認する単問中心。標準：小数・分数・複数項・計算の工夫を入れ、符号判断と処理を組み合わせる。
m-jh3-A-02-04b.txt,3-A-02-04,因数分解－(a + b)(a - b)の乗法の公式を利用した因数分解,(a + b)(a - b)の乗法の公式を利用した因数分解,問題1,基礎レベル,212,±10,1.1,正負の数の乗除・符号判断,正負の数・乗法・除法・分数計算,,基礎：符号・計算順序・用語を1つずつ確認する単問中心。標準：小数・分数・複数項・計算の工夫を入れ、符号判断と処理を組み合わせる。
m-jh3-A-02-04b.txt,3-A-02-04,因数分解－(a + b)(a - b)の乗法の公式を利用した因数分解,(a + b)(a - b)の乗法の公式を利用した因数分解,問題2,基礎レベル,216,±10,1.1,正負の数の乗除・符号判断,正負の数・乗法・除法・分数計算,,基礎：符号・計算順序・用語を1つずつ確認する単問中心。標準：小数・分数・複数項・計算の工夫を入れ、符号判断と処理を組み合わせる。
m-jh3-A-02-04s.txt,3-A-02-04,因数分解－(a + b)(a - b)の乗法の公式を利用した因数分解,(a + b)(a - b)の乗法の公式を利用した因数分解,問題1,標準レベル,240,±10,1.3,正負の数の乗除・符号判断,正負の数・乗法・除法・分数計算,(a + b)(a - b)の乗法の公式を利用した因数分解について、基礎の確認だけでなく複数の判断や計算処理を組み合わせる必要があるため。,基礎：符号・計算順序・用語を1つずつ確認する単問中心。標準：小数・分数・複数項・計算の工夫を入れ、符号判断と処理を組み合わせる。
m-jh3-A-02-04s.txt,3-A-02-04,因数分解－(a + b)(a - b)の乗法の公式を利用した因数分解,(a + b)(a - b)の乗法の公式を利用した因数分解,問題2,標準レベル,244,±10,1.3,正負の数の乗除・符号判断,正負の数・乗法・除法・分数計算,(a + b)(a - b)の乗法の公式を利用した因数分解について、基礎の確認だけでなく複数の判断や計算処理を組み合わせる必要があるため。,基礎：符号・計算順序・用語を1つずつ確認する単問中心。標準：小数・分数・複数項・計算の工夫を入れ、符号判断と処理を組み合わせる。
m-jh3-A-02-05b.txt,3-A-02-05,因数分解－共通因数のくくりだしと乗法の公式を組み合わせた因数分解,共通因数のくくりだしと乗法の公式を組み合わせた因数分解,問題1,基礎レベル,215,±10,1.1,正負の数の乗除・符号判断,正負の数・乗法・除法・分数計算,,基礎：符号・計算順序・用語を1つずつ確認する単問中心。標準：小数・分数・複数項・計算の工夫を入れ、符号判断と処理を組み合わせる。
m-jh3-A-02-05b.txt,3-A-02-05,因数分解－共通因数のくくりだしと乗法の公式を組み合わせた因数分解,共通因数のくくりだしと乗法の公式を組み合わせた因数分解,問題2,基礎レベル,219,±10,1.1,正負の数の乗除・符号判断,正負の数・乗法・除法・分数計算,,基礎：符号・計算順序・用語を1つずつ確認する単問中心。標準：小数・分数・複数項・計算の工夫を入れ、符号判断と処理を組み合わせる。
m-jh3-A-02-05s.txt,3-A-02-05,因数分解－共通因数のくくりだしと乗法の公式を組み合わせた因数分解,共通因数のくくりだしと乗法の公式を組み合わせた因数分解,問題1,標準レベル,243,±10,1.3,正負の数の乗除・符号判断,正負の数・乗法・除法・分数計算,共通因数のくくりだしと乗法の公式を組み合わせた因数分解について、基礎の確認だけでなく複数の判断や計算処理を組み合わせる必要があるため。,基礎：符号・計算順序・用語を1つずつ確認する単問中心。標準：小数・分数・複数項・計算の工夫を入れ、符号判断と処理を組み合わせる。
m-jh3-A-02-05s.txt,3-A-02-05,因数分解－共通因数のくくりだしと乗法の公式を組み合わせた因数分解,共通因数のくくりだしと乗法の公式を組み合わせた因数分解,問題2,標準レベル,247,±10,1.3,正負の数の乗除・符号判断,正負の数・乗法・除法・分数計算,共通因数のくくりだしと乗法の公式を組み合わせた因数分解について、基礎の確認だけでなく複数の判断や計算処理を組み合わせる必要があるため。,基礎：符号・計算順序・用語を1つずつ確認する単問中心。標準：小数・分数・複数項・計算の工夫を入れ、符号判断と処理を組み合わせる。
m-jh3-A-02-06b.txt,3-A-02-06,因数分解－おきかえによる因数分解,おきかえによる因数分解,問題1,基礎レベル,218,±10,1.1,文字式の構造理解・式変形,正負の数・文字式の基本,,基礎：文字式の用語や1段階の式変形を確認する。標準：複数の項、符号、分配法則、同類項の整理を組み合わせて処理させる。
m-jh3-A-02-06b.txt,3-A-02-06,因数分解－おきかえによる因数分解,おきかえによる因数分解,問題2,基礎レベル,222,±10,1.1,文字式の構造理解・式変形,正負の数・文字式の基本,,基礎：文字式の用語や1段階の式変形を確認する。標準：複数の項、符号、分配法則、同類項の整理を組み合わせて処理させる。
m-jh3-A-02-06s.txt,3-A-02-06,因数分解－おきかえによる因数分解,おきかえによる因数分解,問題1,標準レベル,246,±10,1.3,文字式の構造理解・式変形,正負の数・文字式の基本,おきかえによる因数分解について、基礎の確認だけでなく複数の判断や計算処理を組み合わせる必要があるため。,基礎：文字式の用語や1段階の式変形を確認する。標準：複数の項、符号、分配法則、同類項の整理を組み合わせて処理させる。
m-jh3-A-02-06s.txt,3-A-02-06,因数分解－おきかえによる因数分解,おきかえによる因数分解,問題2,標準レベル,250,±10,1.3,文字式の構造理解・式変形,正負の数・文字式の基本,おきかえによる因数分解について、基礎の確認だけでなく複数の判断や計算処理を組み合わせる必要があるため。,基礎：文字式の用語や1段階の式変形を確認する。標準：複数の項、符号、分配法則、同類項の整理を組み合わせて処理させる。
m-jh3-A-03-01b.txt,3-A-03-01,乗法の公式や因数分解の利用－乗法の公式や因数分解を利用した計算,乗法の公式や因数分解を利用した計算,問題1,基礎レベル,221,±10,1.1,正負の数の乗除・符号判断,正負の数・乗法・除法・分数計算,,基礎：符号・計算順序・用語を1つずつ確認する単問中心。標準：小数・分数・複数項・計算の工夫を入れ、符号判断と処理を組み合わせる。
m-jh3-A-03-01b.txt,3-A-03-01,乗法の公式や因数分解の利用－乗法の公式や因数分解を利用した計算,乗法の公式や因数分解を利用した計算,問題2,基礎レベル,225,±10,1.1,正負の数の乗除・符号判断,正負の数・乗法・除法・分数計算,,基礎：符号・計算順序・用語を1つずつ確認する単問中心。標準：小数・分数・複数項・計算の工夫を入れ、符号判断と処理を組み合わせる。
m-jh3-A-03-01b.txt,3-A-03-01,乗法の公式や因数分解の利用－乗法の公式や因数分解を利用した計算,乗法の公式や因数分解を利用した計算,問題3,基礎レベル,229,±10,1.1,正負の数の乗除・符号判断,正負の数・乗法・除法・分数計算,,基礎：符号・計算順序・用語を1つずつ確認する単問中心。標準：小数・分数・複数項・計算の工夫を入れ、符号判断と処理を組み合わせる。
m-jh3-A-03-01s.txt,3-A-03-01,乗法の公式や因数分解の利用－乗法の公式や因数分解を利用した計算,乗法の公式や因数分解を利用した計算,問題1,標準レベル,249,±10,1.3,正負の数の乗除・符号判断,正負の数・乗法・除法・分数計算,乗法の公式や因数分解を利用した計算について、基礎の確認だけでなく複数の判断や計算処理を組み合わせる必要があるため。,基礎：符号・計算順序・用語を1つずつ確認する単問中心。標準：小数・分数・複数項・計算の工夫を入れ、符号判断と処理を組み合わせる。
m-jh3-A-03-01s.txt,3-A-03-01,乗法の公式や因数分解の利用－乗法の公式や因数分解を利用した計算,乗法の公式や因数分解を利用した計算,問題2,標準レベル,253,±10,1.3,正負の数の乗除・符号判断,正負の数・乗法・除法・分数計算,乗法の公式や因数分解を利用した計算について、基礎の確認だけでなく複数の判断や計算処理を組み合わせる必要があるため。,基礎：符号・計算順序・用語を1つずつ確認する単問中心。標準：小数・分数・複数項・計算の工夫を入れ、符号判断と処理を組み合わせる。
m-jh3-A-03-01s.txt,3-A-03-01,乗法の公式や因数分解の利用－乗法の公式や因数分解を利用した計算,乗法の公式や因数分解を利用した計算,問題3,標準レベル,257,±10,1.3,正負の数の乗除・符号判断,正負の数・乗法・除法・分数計算,乗法の公式や因数分解を利用した計算について、基礎の確認だけでなく複数の判断や計算処理を組み合わせる必要があるため。,基礎：符号・計算順序・用語を1つずつ確認する単問中心。標準：小数・分数・複数項・計算の工夫を入れ、符号判断と処理を組み合わせる。
m-jh3-A-03-02b.txt,3-A-03-02,乗法の公式や因数分解の利用－乗法の公式や因数分解を利用してから式への値の代入,乗法の公式や因数分解を利用してから式への値の代入,問題1,基礎レベル,224,±10,1.1,正負の数の乗除・符号判断,正負の数・乗法・除法・分数計算,,基礎：符号・計算順序・用語を1つずつ確認する単問中心。標準：小数・分数・複数項・計算の工夫を入れ、符号判断と処理を組み合わせる。
m-jh3-A-03-02b.txt,3-A-03-02,乗法の公式や因数分解の利用－乗法の公式や因数分解を利用してから式への値の代入,乗法の公式や因数分解を利用してから式への値の代入,問題2,基礎レベル,228,±10,1.1,正負の数の乗除・符号判断,正負の数・乗法・除法・分数計算,,基礎：符号・計算順序・用語を1つずつ確認する単問中心。標準：小数・分数・複数項・計算の工夫を入れ、符号判断と処理を組み合わせる。
m-jh3-A-03-02s.txt,3-A-03-02,乗法の公式や因数分解の利用－乗法の公式や因数分解を利用してから式への値の代入,乗法の公式や因数分解を利用してから式への値の代入,問題1,標準レベル,252,±10,1.3,正負の数の乗除・符号判断,正負の数・乗法・除法・分数計算,乗法の公式や因数分解を利用してから式への値の代入について、基礎の確認だけでなく複数の判断や計算処理を組み合わせる必要があるため。,基礎：符号・計算順序・用語を1つずつ確認する単問中心。標準：小数・分数・複数項・計算の工夫を入れ、符号判断と処理を組み合わせる。
m-jh3-A-03-02s.txt,3-A-03-02,乗法の公式や因数分解の利用－乗法の公式や因数分解を利用してから式への値の代入,乗法の公式や因数分解を利用してから式への値の代入,問題2,標準レベル,256,±10,1.3,正負の数の乗除・符号判断,正負の数・乗法・除法・分数計算,乗法の公式や因数分解を利用してから式への値の代入について、基礎の確認だけでなく複数の判断や計算処理を組み合わせる必要があるため。,基礎：符号・計算順序・用語を1つずつ確認する単問中心。標準：小数・分数・複数項・計算の工夫を入れ、符号判断と処理を組み合わせる。
m-jh3-A-04-01b.txt,3-A-04-01,平方根－2乗するとaになる数（有理数）,2乗するとaになる数（有理数）,問題1,基礎レベル,239,±10,1.1,平方根の性質・根号計算,正負の数・平方数・根号の意味,,基礎：平方根の意味、大小、根号計算の基本を確認する。標準：変形、近似、条件判断を組み合わせて根号の性質を使い分ける。
m-jh3-A-04-01b.txt,3-A-04-01,平方根－2乗するとaになる数（有理数）,2乗するとaになる数（有理数）,問題2,基礎レベル,243,±10,1.1,平方根の性質・根号計算,正負の数・平方数・根号の意味,,基礎：平方根の意味、大小、根号計算の基本を確認する。標準：変形、近似、条件判断を組み合わせて根号の性質を使い分ける。
m-jh3-A-04-01s.txt,3-A-04-01,平方根－2乗するとaになる数（有理数）,2乗するとaになる数（有理数）,問題1,標準レベル,267,±10,1.3,平方根の性質・根号計算,正負の数・平方数・根号の意味,2乗するとaになる数（有理数）について、基礎の確認だけでなく複数の判断や計算処理を組み合わせる必要があるため。,基礎：平方根の意味、大小、根号計算の基本を確認する。標準：変形、近似、条件判断を組み合わせて根号の性質を使い分ける。
m-jh3-A-04-02b.txt,3-A-04-02,平方根－記号を使って平方根を表す,記号を使って平方根を表す,問題1,基礎レベル,242,±10,1.1,平方根の性質・根号計算,正負の数・平方数・根号の意味,,基礎：平方根の意味、大小、根号計算の基本を確認する。標準：変形、近似、条件判断を組み合わせて根号の性質を使い分ける。
m-jh3-A-04-02b.txt,3-A-04-02,平方根－記号を使って平方根を表す,記号を使って平方根を表す,問題2,基礎レベル,245,±10,1.1,平方根の性質・根号計算,正負の数・平方数・根号の意味,,基礎：平方根の意味、大小、根号計算の基本を確認する。標準：変形、近似、条件判断を組み合わせて根号の性質を使い分ける。
m-jh3-A-04-03b.txt,3-A-04-03,平方根－根号のついた数を2乗する,根号のついた数を2乗する,問題1,基礎レベル,245,±10,1.1,平方根の性質・根号計算,正負の数・平方数・根号の意味,,基礎：平方根の意味、大小、根号計算の基本を確認する。標準：変形、近似、条件判断を組み合わせて根号の性質を使い分ける。
m-jh3-A-04-03b.txt,3-A-04-03,平方根－根号のついた数を2乗する,根号のついた数を2乗する,問題2,基礎レベル,245,±10,1.1,平方根の性質・根号計算,正負の数・平方数・根号の意味,,基礎：平方根の意味、大小、根号計算の基本を確認する。標準：変形、近似、条件判断を組み合わせて根号の性質を使い分ける。
m-jh3-A-04-03b.txt,3-A-04-03,平方根－根号のついた数を2乗する,根号のついた数を2乗する,問題3,基礎レベル,245,±10,1.1,平方根の性質・根号計算,正負の数・平方数・根号の意味,,基礎：平方根の意味、大小、根号計算の基本を確認する。標準：変形、近似、条件判断を組み合わせて根号の性質を使い分ける。
m-jh3-A-04-03s.txt,3-A-04-03,平方根－根号のついた数を2乗する,根号のついた数を2乗する,問題1,標準レベル,273,±10,1.3,平方根の性質・根号計算,正負の数・平方数・根号の意味,根号のついた数を2乗するについて、基礎の確認だけでなく複数の判断や計算処理を組み合わせる必要があるため。,基礎：平方根の意味、大小、根号計算の基本を確認する。標準：変形、近似、条件判断を組み合わせて根号の性質を使い分ける。
m-jh3-A-04-04b.txt,3-A-04-04,平方根－根号をはずせる根号のついた数,根号をはずせる根号のついた数,問題1,基礎レベル,245,±10,1.1,平方根の性質・根号計算,正負の数・平方数・根号の意味,,基礎：平方根の意味、大小、根号計算の基本を確認する。標準：変形、近似、条件判断を組み合わせて根号の性質を使い分ける。
m-jh3-A-04-04b.txt,3-A-04-04,平方根－根号をはずせる根号のついた数,根号をはずせる根号のついた数,問題2,基礎レベル,245,±10,1.1,平方根の性質・根号計算,正負の数・平方数・根号の意味,,基礎：平方根の意味、大小、根号計算の基本を確認する。標準：変形、近似、条件判断を組み合わせて根号の性質を使い分ける。
m-jh3-A-04-04b.txt,3-A-04-04,平方根－根号をはずせる根号のついた数,根号をはずせる根号のついた数,問題3,基礎レベル,245,±10,1.1,平方根の性質・根号計算,正負の数・平方数・根号の意味,,基礎：平方根の意味、大小、根号計算の基本を確認する。標準：変形、近似、条件判断を組み合わせて根号の性質を使い分ける。
m-jh3-A-04-04s.txt,3-A-04-04,平方根－根号をはずせる根号のついた数,根号をはずせる根号のついた数,問題1,標準レベル,275,±10,1.3,平方根の性質・根号計算,正負の数・平方数・根号の意味,根号をはずせる根号のついた数について、基礎の確認だけでなく複数の判断や計算処理を組み合わせる必要があるため。,基礎：平方根の意味、大小、根号計算の基本を確認する。標準：変形、近似、条件判断を組み合わせて根号の性質を使い分ける。
m-jh3-A-04-05b.txt,3-A-04-05,平方根－平方根の大小,平方根の大小,問題1,基礎レベル,245,±10,1.1,平方根の性質・根号計算,正負の数・平方数・根号の意味,,基礎：平方根の意味、大小、根号計算の基本を確認する。標準：変形、近似、条件判断を組み合わせて根号の性質を使い分ける。
m-jh3-A-04-05b.txt,3-A-04-05,平方根－平方根の大小,平方根の大小,問題2,基礎レベル,245,±10,1.1,平方根の性質・根号計算,正負の数・平方数・根号の意味,,基礎：平方根の意味、大小、根号計算の基本を確認する。標準：変形、近似、条件判断を組み合わせて根号の性質を使い分ける。
m-jh3-A-04-05s.txt,3-A-04-05,平方根－平方根の大小,平方根の大小,問題1,標準レベル,275,±10,1.3,平方根の性質・根号計算,正負の数・平方数・根号の意味,平方根の大小について、基礎の確認だけでなく複数の判断や計算処理を組み合わせる必要があるため。,基礎：平方根の意味、大小、根号計算の基本を確認する。標準：変形、近似、条件判断を組み合わせて根号の性質を使い分ける。
m-jh3-A-04-05s.txt,3-A-04-05,平方根－平方根の大小,平方根の大小,問題2,標準レベル,275,±10,1.3,平方根の性質・根号計算,正負の数・平方数・根号の意味,平方根の大小について、基礎の確認だけでなく複数の判断や計算処理を組み合わせる必要があるため。,基礎：平方根の意味、大小、根号計算の基本を確認する。標準：変形、近似、条件判断を組み合わせて根号の性質を使い分ける。
m-jh3-A-04-06b.txt,3-A-04-06,平方根－有理数と無理数,有理数と無理数,問題1,基礎レベル,245,±10,1.1,平方根の性質・根号計算,正負の数・平方数・根号の意味,,基礎：平方根の意味、大小、根号計算の基本を確認する。標準：変形、近似、条件判断を組み合わせて根号の性質を使い分ける。
m-jh3-A-04-06b.txt,3-A-04-06,平方根－有理数と無理数,有理数と無理数,問題2,基礎レベル,245,±10,1.1,平方根の性質・根号計算,正負の数・平方数・根号の意味,,基礎：平方根の意味、大小、根号計算の基本を確認する。標準：変形、近似、条件判断を組み合わせて根号の性質を使い分ける。
m-jh3-A-04-07b.txt,3-A-04-07,平方根－平方根の積と商,平方根の積と商,問題1,基礎レベル,245,±10,1.1,平方根の性質・根号計算,正負の数・平方数・根号の意味,,基礎：平方根の意味、大小、根号計算の基本を確認する。標準：変形、近似、条件判断を組み合わせて根号の性質を使い分ける。
m-jh3-A-04-07b.txt,3-A-04-07,平方根－平方根の積と商,平方根の積と商,問題2,基礎レベル,245,±10,1.1,平方根の性質・根号計算,正負の数・平方数・根号の意味,,基礎：平方根の意味、大小、根号計算の基本を確認する。標準：変形、近似、条件判断を組み合わせて根号の性質を使い分ける。
m-jh3-A-04-07b.txt,3-A-04-07,平方根－平方根の積と商,平方根の積と商,問題3,基礎レベル,245,±10,1.1,平方根の性質・根号計算,正負の数・平方数・根号の意味,,基礎：平方根の意味、大小、根号計算の基本を確認する。標準：変形、近似、条件判断を組み合わせて根号の性質を使い分ける。
m-jh3-A-04-07s.txt,3-A-04-07,平方根－平方根の積と商,平方根の積と商,問題1,標準レベル,275,±10,1.3,平方根の性質・根号計算,正負の数・平方数・根号の意味,平方根の積と商について、基礎の確認だけでなく複数の判断や計算処理を組み合わせる必要があるため。,基礎：平方根の意味、大小、根号計算の基本を確認する。標準：変形、近似、条件判断を組み合わせて根号の性質を使い分ける。
m-jh3-A-04-07s.txt,3-A-04-07,平方根－平方根の積と商,平方根の積と商,問題2,標準レベル,275,±10,1.3,平方根の性質・根号計算,正負の数・平方数・根号の意味,平方根の積と商について、基礎の確認だけでなく複数の判断や計算処理を組み合わせる必要があるため。,基礎：平方根の意味、大小、根号計算の基本を確認する。標準：変形、近似、条件判断を組み合わせて根号の性質を使い分ける。
m-jh3-A-04-08b.txt,3-A-04-08,平方根－平方根の変形,平方根の変形,問題1,基礎レベル,245,±10,1.1,平方根の性質・根号計算,正負の数・平方数・根号の意味,,基礎：平方根の意味、大小、根号計算の基本を確認する。標準：変形、近似、条件判断を組み合わせて根号の性質を使い分ける。
m-jh3-A-04-08b.txt,3-A-04-08,平方根－平方根の変形,平方根の変形,問題2,基礎レベル,245,±10,1.1,平方根の性質・根号計算,正負の数・平方数・根号の意味,,基礎：平方根の意味、大小、根号計算の基本を確認する。標準：変形、近似、条件判断を組み合わせて根号の性質を使い分ける。
m-jh3-A-04-08b.txt,3-A-04-08,平方根－平方根の変形,平方根の変形,問題3,基礎レベル,245,±10,1.1,平方根の性質・根号計算,正負の数・平方数・根号の意味,,基礎：平方根の意味、大小、根号計算の基本を確認する。標準：変形、近似、条件判断を組み合わせて根号の性質を使い分ける。
m-jh3-A-04-08s.txt,3-A-04-08,平方根－平方根の変形,平方根の変形,問題1,標準レベル,275,±10,1.3,平方根の性質・根号計算,正負の数・平方数・根号の意味,平方根の変形について、基礎の確認だけでなく複数の判断や計算処理を組み合わせる必要があるため。,基礎：平方根の意味、大小、根号計算の基本を確認する。標準：変形、近似、条件判断を組み合わせて根号の性質を使い分ける。
m-jh3-A-04-08s.txt,3-A-04-08,平方根－平方根の変形,平方根の変形,問題2,標準レベル,275,±10,1.3,平方根の性質・根号計算,正負の数・平方数・根号の意味,平方根の変形について、基礎の確認だけでなく複数の判断や計算処理を組み合わせる必要があるため。,基礎：平方根の意味、大小、根号計算の基本を確認する。標準：変形、近似、条件判断を組み合わせて根号の性質を使い分ける。
m-jh3-A-04-08s.txt,3-A-04-08,平方根－平方根の変形,平方根の変形,問題3,標準レベル,275,±10,1.3,平方根の性質・根号計算,正負の数・平方数・根号の意味,平方根の変形について、基礎の確認だけでなく複数の判断や計算処理を組み合わせる必要があるため。,基礎：平方根の意味、大小、根号計算の基本を確認する。標準：変形、近似、条件判断を組み合わせて根号の性質を使い分ける。
m-jh3-A-04-09b.txt,3-A-04-09,平方根－分母の有理化,分母の有理化,問題1,基礎レベル,245,±10,1.1,文字式の構造理解・式変形,正負の数・文字式の基本,,基礎：文字式の用語や1段階の式変形を確認する。標準：複数の項、符号、分配法則、同類項の整理を組み合わせて処理させる。
m-jh3-A-04-09b.txt,3-A-04-09,平方根－分母の有理化,分母の有理化,問題2,基礎レベル,245,±10,1.1,文字式の構造理解・式変形,正負の数・文字式の基本,,基礎：文字式の用語や1段階の式変形を確認する。標準：複数の項、符号、分配法則、同類項の整理を組み合わせて処理させる。
m-jh3-A-04-09s.txt,3-A-04-09,平方根－分母の有理化,分母の有理化,問題1,標準レベル,275,±10,1.3,文字式の構造理解・式変形,正負の数・文字式の基本,分母の有理化について、基礎の確認だけでなく複数の判断や計算処理を組み合わせる必要があるため。,基礎：文字式の用語や1段階の式変形を確認する。標準：複数の項、符号、分配法則、同類項の整理を組み合わせて処理させる。
m-jh3-A-04-09s.txt,3-A-04-09,平方根－分母の有理化,分母の有理化,問題2,標準レベル,275,±10,1.3,文字式の構造理解・式変形,正負の数・文字式の基本,分母の有理化について、基礎の確認だけでなく複数の判断や計算処理を組み合わせる必要があるため。,基礎：文字式の用語や1段階の式変形を確認する。標準：複数の項、符号、分配法則、同類項の整理を組み合わせて処理させる。
m-jh3-A-04-10b.txt,3-A-04-10,平方根－根号を含む式の乗法や除法,根号を含む式の乗法や除法,問題1,基礎レベル,245,±10,1.1,正負の数の乗除・符号判断,正負の数・乗法・除法・分数計算,,基礎：符号・計算順序・用語を1つずつ確認する単問中心。標準：小数・分数・複数項・計算の工夫を入れ、符号判断と処理を組み合わせる。
m-jh3-A-04-10b.txt,3-A-04-10,平方根－根号を含む式の乗法や除法,根号を含む式の乗法や除法,問題2,基礎レベル,245,±10,1.1,正負の数の乗除・符号判断,正負の数・乗法・除法・分数計算,,基礎：符号・計算順序・用語を1つずつ確認する単問中心。標準：小数・分数・複数項・計算の工夫を入れ、符号判断と処理を組み合わせる。
m-jh3-A-04-10b.txt,3-A-04-10,平方根－根号を含む式の乗法や除法,根号を含む式の乗法や除法,問題3,基礎レベル,245,±10,1.1,正負の数の乗除・符号判断,正負の数・乗法・除法・分数計算,,基礎：符号・計算順序・用語を1つずつ確認する単問中心。標準：小数・分数・複数項・計算の工夫を入れ、符号判断と処理を組み合わせる。
m-jh3-A-04-10b.txt,3-A-04-10,平方根－根号を含む式の乗法や除法,根号を含む式の乗法や除法,問題4,基礎レベル,245,±10,1.1,正負の数の乗除・符号判断,正負の数・乗法・除法・分数計算,,基礎：符号・計算順序・用語を1つずつ確認する単問中心。標準：小数・分数・複数項・計算の工夫を入れ、符号判断と処理を組み合わせる。
m-jh3-A-04-10s.txt,3-A-04-10,平方根－根号を含む式の乗法や除法,根号を含む式の乗法や除法,問題1,標準レベル,275,±10,1.3,正負の数の乗除・符号判断,正負の数・乗法・除法・分数計算,根号を含む式の乗法や除法について、基礎の確認だけでなく複数の判断や計算処理を組み合わせる必要があるため。,基礎：符号・計算順序・用語を1つずつ確認する単問中心。標準：小数・分数・複数項・計算の工夫を入れ、符号判断と処理を組み合わせる。
m-jh3-A-04-10s.txt,3-A-04-10,平方根－根号を含む式の乗法や除法,根号を含む式の乗法や除法,問題2,標準レベル,275,±10,1.3,正負の数の乗除・符号判断,正負の数・乗法・除法・分数計算,根号を含む式の乗法や除法について、基礎の確認だけでなく複数の判断や計算処理を組み合わせる必要があるため。,基礎：符号・計算順序・用語を1つずつ確認する単問中心。標準：小数・分数・複数項・計算の工夫を入れ、符号判断と処理を組み合わせる。
m-jh3-A-04-10s.txt,3-A-04-10,平方根－根号を含む式の乗法や除法,根号を含む式の乗法や除法,問題3,標準レベル,275,±10,1.3,正負の数の乗除・符号判断,正負の数・乗法・除法・分数計算,根号を含む式の乗法や除法について、基礎の確認だけでなく複数の判断や計算処理を組み合わせる必要があるため。,基礎：符号・計算順序・用語を1つずつ確認する単問中心。標準：小数・分数・複数項・計算の工夫を入れ、符号判断と処理を組み合わせる。
m-jh3-A-04-10s.txt,3-A-04-10,平方根－根号を含む式の乗法や除法,根号を含む式の乗法や除法,問題4,標準レベル,275,±10,1.3,正負の数の乗除・符号判断,正負の数・乗法・除法・分数計算,根号を含む式の乗法や除法について、基礎の確認だけでなく複数の判断や計算処理を組み合わせる必要があるため。,基礎：符号・計算順序・用語を1つずつ確認する単問中心。標準：小数・分数・複数項・計算の工夫を入れ、符号判断と処理を組み合わせる。
m-jh3-A-04-11b.txt,3-A-04-11,平方根－根号をふくむ式の加法と減法（根号の中の数が同じ場合）,根号をふくむ式の加法と減法（根号の中の数が同じ場合）,問題1,基礎レベル,245,±10,1.1,正負の数の符号判断・計算処理,小学校の数・数直線・正負の数,,基礎：符号・計算順序・用語を1つずつ確認する単問中心。標準：小数・分数・複数項・計算の工夫を入れ、符号判断と処理を組み合わせる。
m-jh3-A-04-11b.txt,3-A-04-11,平方根－根号をふくむ式の加法と減法（根号の中の数が同じ場合）,根号をふくむ式の加法と減法（根号の中の数が同じ場合）,問題2,基礎レベル,245,±10,1.1,正負の数の符号判断・計算処理,小学校の数・数直線・正負の数,,基礎：符号・計算順序・用語を1つずつ確認する単問中心。標準：小数・分数・複数項・計算の工夫を入れ、符号判断と処理を組み合わせる。
m-jh3-A-04-11s.txt,3-A-04-11,平方根－根号をふくむ式の加法と減法（根号の中の数が同じ場合）,根号をふくむ式の加法と減法（根号の中の数が同じ場合）,問題1,標準レベル,275,±10,1.3,正負の数の符号判断・計算処理,小学校の数・数直線・正負の数,根号をふくむ式の加法と減法（根号の中の数が同じ場合）について、基礎の確認だけでなく複数の判断や計算処理を組み合わせる必要があるため。,基礎：符号・計算順序・用語を1つずつ確認する単問中心。標準：小数・分数・複数項・計算の工夫を入れ、符号判断と処理を組み合わせる。
m-jh3-A-04-11s.txt,3-A-04-11,平方根－根号をふくむ式の加法と減法（根号の中の数が同じ場合）,根号をふくむ式の加法と減法（根号の中の数が同じ場合）,問題2,標準レベル,275,±10,1.3,正負の数の符号判断・計算処理,小学校の数・数直線・正負の数,根号をふくむ式の加法と減法（根号の中の数が同じ場合）について、基礎の確認だけでなく複数の判断や計算処理を組み合わせる必要があるため。,基礎：符号・計算順序・用語を1つずつ確認する単問中心。標準：小数・分数・複数項・計算の工夫を入れ、符号判断と処理を組み合わせる。
m-jh3-A-04-12b.txt,3-A-04-12,平方根－根号をふくむ式の加法と減法（根号の中の数を合わせられる場合）,根号をふくむ式の加法と減法（根号の中の数を合わせられる場合）,問題1,基礎レベル,245,±10,1.1,正負の数の符号判断・計算処理,小学校の数・数直線・正負の数,,基礎：符号・計算順序・用語を1つずつ確認する単問中心。標準：小数・分数・複数項・計算の工夫を入れ、符号判断と処理を組み合わせる。
m-jh3-A-04-12b.txt,3-A-04-12,平方根－根号をふくむ式の加法と減法（根号の中の数を合わせられる場合）,根号をふくむ式の加法と減法（根号の中の数を合わせられる場合）,問題2,基礎レベル,245,±10,1.1,正負の数の符号判断・計算処理,小学校の数・数直線・正負の数,,基礎：符号・計算順序・用語を1つずつ確認する単問中心。標準：小数・分数・複数項・計算の工夫を入れ、符号判断と処理を組み合わせる。
m-jh3-A-04-12s.txt,3-A-04-12,平方根－根号をふくむ式の加法と減法（根号の中の数を合わせられる場合）,根号をふくむ式の加法と減法（根号の中の数を合わせられる場合）,問題1,標準レベル,275,±10,1.3,正負の数の符号判断・計算処理,小学校の数・数直線・正負の数,根号をふくむ式の加法と減法（根号の中の数を合わせられる場合）について、基礎の確認だけでなく複数の判断や計算処理を組み合わせる必要があるため。,基礎：符号・計算順序・用語を1つずつ確認する単問中心。標準：小数・分数・複数項・計算の工夫を入れ、符号判断と処理を組み合わせる。
m-jh3-A-04-12s.txt,3-A-04-12,平方根－根号をふくむ式の加法と減法（根号の中の数を合わせられる場合）,根号をふくむ式の加法と減法（根号の中の数を合わせられる場合）,問題2,標準レベル,275,±10,1.3,正負の数の符号判断・計算処理,小学校の数・数直線・正負の数,根号をふくむ式の加法と減法（根号の中の数を合わせられる場合）について、基礎の確認だけでなく複数の判断や計算処理を組み合わせる必要があるため。,基礎：符号・計算順序・用語を1つずつ確認する単問中心。標準：小数・分数・複数項・計算の工夫を入れ、符号判断と処理を組み合わせる。
m-jh3-A-04-13b.txt,3-A-04-13,平方根－根号をふくむ式の加法と減法（有理化を利用した計算）,根号をふくむ式の加法と減法（有理化を利用した計算）,問題1,基礎レベル,245,±10,1.1,正負の数の符号判断・計算処理,小学校の数・数直線・正負の数,,基礎：符号・計算順序・用語を1つずつ確認する単問中心。標準：小数・分数・複数項・計算の工夫を入れ、符号判断と処理を組み合わせる。
m-jh3-A-04-13b.txt,3-A-04-13,平方根－根号をふくむ式の加法と減法（有理化を利用した計算）,根号をふくむ式の加法と減法（有理化を利用した計算）,問題2,基礎レベル,245,±10,1.1,正負の数の符号判断・計算処理,小学校の数・数直線・正負の数,,基礎：符号・計算順序・用語を1つずつ確認する単問中心。標準：小数・分数・複数項・計算の工夫を入れ、符号判断と処理を組み合わせる。
m-jh3-A-04-13s.txt,3-A-04-13,平方根－根号をふくむ式の加法と減法（有理化を利用した計算）,根号をふくむ式の加法と減法（有理化を利用した計算）,問題1,標準レベル,275,±10,1.3,正負の数の符号判断・計算処理,小学校の数・数直線・正負の数,根号をふくむ式の加法と減法（有理化を利用した計算）について、基礎の確認だけでなく複数の判断や計算処理を組み合わせる必要があるため。,基礎：符号・計算順序・用語を1つずつ確認する単問中心。標準：小数・分数・複数項・計算の工夫を入れ、符号判断と処理を組み合わせる。
m-jh3-A-04-13s.txt,3-A-04-13,平方根－根号をふくむ式の加法と減法（有理化を利用した計算）,根号をふくむ式の加法と減法（有理化を利用した計算）,問題2,標準レベル,275,±10,1.3,正負の数の符号判断・計算処理,小学校の数・数直線・正負の数,根号をふくむ式の加法と減法（有理化を利用した計算）について、基礎の確認だけでなく複数の判断や計算処理を組み合わせる必要があるため。,基礎：符号・計算順序・用語を1つずつ確認する単問中心。標準：小数・分数・複数項・計算の工夫を入れ、符号判断と処理を組み合わせる。
m-jh3-A-04-14b.txt,3-A-04-14,平方根－分配法則を利用した平方根の計算,分配法則を利用した平方根の計算,問題1,基礎レベル,245,±10,1.1,文字式の構造理解・式変形,正負の数・文字式の基本,,基礎：文字式の用語や1段階の式変形を確認する。標準：複数の項、符号、分配法則、同類項の整理を組み合わせて処理させる。
m-jh3-A-04-14b.txt,3-A-04-14,平方根－分配法則を利用した平方根の計算,分配法則を利用した平方根の計算,問題2,基礎レベル,245,±10,1.1,文字式の構造理解・式変形,正負の数・文字式の基本,,基礎：文字式の用語や1段階の式変形を確認する。標準：複数の項、符号、分配法則、同類項の整理を組み合わせて処理させる。
m-jh3-A-04-14s.txt,3-A-04-14,平方根－分配法則を利用した平方根の計算,分配法則を利用した平方根の計算,問題1,標準レベル,275,±10,1.3,文字式の構造理解・式変形,正負の数・文字式の基本,分配法則を利用した平方根の計算について、基礎の確認だけでなく複数の判断や計算処理を組み合わせる必要があるため。,基礎：文字式の用語や1段階の式変形を確認する。標準：複数の項、符号、分配法則、同類項の整理を組み合わせて処理させる。
m-jh3-A-04-14s.txt,3-A-04-14,平方根－分配法則を利用した平方根の計算,分配法則を利用した平方根の計算,問題2,標準レベル,275,±10,1.3,文字式の構造理解・式変形,正負の数・文字式の基本,分配法則を利用した平方根の計算について、基礎の確認だけでなく複数の判断や計算処理を組み合わせる必要があるため。,基礎：文字式の用語や1段階の式変形を確認する。標準：複数の項、符号、分配法則、同類項の整理を組み合わせて処理させる。
m-jh3-A-04-15b.txt,3-A-04-15,平方根－乗法の公式を利用した計算,乗法の公式を利用した計算,問題1,基礎レベル,245,±10,1.1,正負の数の乗除・符号判断,正負の数・乗法・除法・分数計算,,基礎：符号・計算順序・用語を1つずつ確認する単問中心。標準：小数・分数・複数項・計算の工夫を入れ、符号判断と処理を組み合わせる。
m-jh3-A-04-15b.txt,3-A-04-15,平方根－乗法の公式を利用した計算,乗法の公式を利用した計算,問題2,基礎レベル,245,±10,1.1,正負の数の乗除・符号判断,正負の数・乗法・除法・分数計算,,基礎：符号・計算順序・用語を1つずつ確認する単問中心。標準：小数・分数・複数項・計算の工夫を入れ、符号判断と処理を組み合わせる。
m-jh3-A-04-15b.txt,3-A-04-15,平方根－乗法の公式を利用した計算,乗法の公式を利用した計算,問題3,基礎レベル,245,±10,1.1,正負の数の乗除・符号判断,正負の数・乗法・除法・分数計算,,基礎：符号・計算順序・用語を1つずつ確認する単問中心。標準：小数・分数・複数項・計算の工夫を入れ、符号判断と処理を組み合わせる。
m-jh3-A-04-15b.txt,3-A-04-15,平方根－乗法の公式を利用した計算,乗法の公式を利用した計算,問題4,基礎レベル,245,±10,1.1,正負の数の乗除・符号判断,正負の数・乗法・除法・分数計算,,基礎：符号・計算順序・用語を1つずつ確認する単問中心。標準：小数・分数・複数項・計算の工夫を入れ、符号判断と処理を組み合わせる。
m-jh3-A-04-15s.txt,3-A-04-15,平方根－乗法の公式を利用した計算,乗法の公式を利用した計算,問題1,標準レベル,275,±10,1.3,正負の数の乗除・符号判断,正負の数・乗法・除法・分数計算,乗法の公式を利用した計算について、基礎の確認だけでなく複数の判断や計算処理を組み合わせる必要があるため。,基礎：符号・計算順序・用語を1つずつ確認する単問中心。標準：小数・分数・複数項・計算の工夫を入れ、符号判断と処理を組み合わせる。
m-jh3-A-04-15s.txt,3-A-04-15,平方根－乗法の公式を利用した計算,乗法の公式を利用した計算,問題2,標準レベル,275,±10,1.3,正負の数の乗除・符号判断,正負の数・乗法・除法・分数計算,乗法の公式を利用した計算について、基礎の確認だけでなく複数の判断や計算処理を組み合わせる必要があるため。,基礎：符号・計算順序・用語を1つずつ確認する単問中心。標準：小数・分数・複数項・計算の工夫を入れ、符号判断と処理を組み合わせる。
m-jh3-A-04-15s.txt,3-A-04-15,平方根－乗法の公式を利用した計算,乗法の公式を利用した計算,問題3,標準レベル,275,±10,1.3,正負の数の乗除・符号判断,正負の数・乗法・除法・分数計算,乗法の公式を利用した計算について、基礎の確認だけでなく複数の判断や計算処理を組み合わせる必要があるため。,基礎：符号・計算順序・用語を1つずつ確認する単問中心。標準：小数・分数・複数項・計算の工夫を入れ、符号判断と処理を組み合わせる。
m-jh3-A-04-15s.txt,3-A-04-15,平方根－乗法の公式を利用した計算,乗法の公式を利用した計算,問題4,標準レベル,275,±10,1.3,正負の数の乗除・符号判断,正負の数・乗法・除法・分数計算,乗法の公式を利用した計算について、基礎の確認だけでなく複数の判断や計算処理を組み合わせる必要があるため。,基礎：符号・計算順序・用語を1つずつ確認する単問中心。標準：小数・分数・複数項・計算の工夫を入れ、符号判断と処理を組み合わせる。
m-jh3-A-04-16b.txt,3-A-04-16,平方根－平方根の近似値,平方根の近似値,問題1,基礎レベル,245,±10,1.1,平方根の性質・根号計算,正負の数・平方数・根号の意味,,基礎：平方根の意味、大小、根号計算の基本を確認する。標準：変形、近似、条件判断を組み合わせて根号の性質を使い分ける。
m-jh3-A-04-16b.txt,3-A-04-16,平方根－平方根の近似値,平方根の近似値,問題2,基礎レベル,245,±10,1.1,平方根の性質・根号計算,正負の数・平方数・根号の意味,,基礎：平方根の意味、大小、根号計算の基本を確認する。標準：変形、近似、条件判断を組み合わせて根号の性質を使い分ける。
m-jh3-A-04-16s.txt,3-A-04-16,平方根－平方根の近似値,平方根の近似値,問題1,標準レベル,275,±10,1.3,平方根の性質・根号計算,正負の数・平方数・根号の意味,平方根の近似値について、基礎の確認だけでなく複数の判断や計算処理を組み合わせる必要があるため。,基礎：平方根の意味、大小、根号計算の基本を確認する。標準：変形、近似、条件判断を組み合わせて根号の性質を使い分ける。
m-jh3-A-04-16s.txt,3-A-04-16,平方根－平方根の近似値,平方根の近似値,問題2,標準レベル,275,±10,1.3,平方根の性質・根号計算,正負の数・平方数・根号の意味,平方根の近似値について、基礎の確認だけでなく複数の判断や計算処理を組み合わせる必要があるため。,基礎：平方根の意味、大小、根号計算の基本を確認する。標準：変形、近似、条件判断を組み合わせて根号の性質を使い分ける。
m-jh3-A-04-17b.txt,3-A-04-17,平方根－平方根の計算,平方根の計算,問題1,基礎レベル,245,±10,1.1,平方根の性質・根号計算,正負の数・平方数・根号の意味,,基礎：平方根の意味、大小、根号計算の基本を確認する。標準：変形、近似、条件判断を組み合わせて根号の性質を使い分ける。
m-jh3-A-04-17b.txt,3-A-04-17,平方根－平方根の計算,平方根の計算,問題2,基礎レベル,245,±10,1.1,平方根の性質・根号計算,正負の数・平方数・根号の意味,,基礎：平方根の意味、大小、根号計算の基本を確認する。標準：変形、近似、条件判断を組み合わせて根号の性質を使い分ける。
m-jh3-A-04-17s.txt,3-A-04-17,平方根－平方根の計算,平方根の計算,問題1,標準レベル,275,±10,1.3,平方根の性質・根号計算,正負の数・平方数・根号の意味,平方根の計算について、基礎の確認だけでなく複数の判断や計算処理を組み合わせる必要があるため。,基礎：平方根の意味、大小、根号計算の基本を確認する。標準：変形、近似、条件判断を組み合わせて根号の性質を使い分ける。
m-jh3-A-04-17s.txt,3-A-04-17,平方根－平方根の計算,平方根の計算,問題2,標準レベル,275,±10,1.3,平方根の性質・根号計算,正負の数・平方数・根号の意味,平方根の計算について、基礎の確認だけでなく複数の判断や計算処理を組み合わせる必要があるため。,基礎：平方根の意味、大小、根号計算の基本を確認する。標準：変形、近似、条件判断を組み合わせて根号の性質を使い分ける。
m-jh3-A-04-18b.txt,3-A-04-18,平方根－近似値と有効数字,近似値と有効数字,問題1,基礎レベル,245,±10,1.1,平方根の性質・根号計算,正負の数・平方数・根号の意味,,基礎：平方根の意味、大小、根号計算の基本を確認する。標準：変形、近似、条件判断を組み合わせて根号の性質を使い分ける。
m-jh3-A-04-18b.txt,3-A-04-18,平方根－近似値と有効数字,近似値と有効数字,問題2,基礎レベル,245,±10,1.1,平方根の性質・根号計算,正負の数・平方数・根号の意味,,基礎：平方根の意味、大小、根号計算の基本を確認する。標準：変形、近似、条件判断を組み合わせて根号の性質を使い分ける。
m-jh3-A-04-18s.txt,3-A-04-18,平方根－近似値と有効数字,近似値と有効数字,問題1,標準レベル,275,±10,1.3,平方根の性質・根号計算,正負の数・平方数・根号の意味,近似値と有効数字について、基礎の確認だけでなく複数の判断や計算処理を組み合わせる必要があるため。,基礎：平方根の意味、大小、根号計算の基本を確認する。標準：変形、近似、条件判断を組み合わせて根号の性質を使い分ける。
m-jh3-A-04-18s.txt,3-A-04-18,平方根－近似値と有効数字,近似値と有効数字,問題2,標準レベル,275,±10,1.3,平方根の性質・根号計算,正負の数・平方数・根号の意味,近似値と有効数字について、基礎の確認だけでなく複数の判断や計算処理を組み合わせる必要があるため。,基礎：平方根の意味、大小、根号計算の基本を確認する。標準：変形、近似、条件判断を組み合わせて根号の性質を使い分ける。
m-jh3-A-05-01b.txt,3-A-05-01,2次方程式－2次方程式とその解,2次方程式とその解,問題1,基礎レベル,245,±10,1.1,文字式の構造理解・式変形,正負の数・文字式の基本,,基礎：文字式の用語や1段階の式変形を確認する。標準：複数の項、符号、分配法則、同類項の整理を組み合わせて処理させる。
m-jh3-A-05-01b.txt,3-A-05-01,2次方程式－2次方程式とその解,2次方程式とその解,問題2,基礎レベル,245,±10,1.1,文字式の構造理解・式変形,正負の数・文字式の基本,,基礎：文字式の用語や1段階の式変形を確認する。標準：複数の項、符号、分配法則、同類項の整理を組み合わせて処理させる。
m-jh3-A-05-01b.txt,3-A-05-01,2次方程式－2次方程式とその解,2次方程式とその解,問題3,基礎レベル,245,±10,1.1,文字式の構造理解・式変形,正負の数・文字式の基本,,基礎：文字式の用語や1段階の式変形を確認する。標準：複数の項、符号、分配法則、同類項の整理を組み合わせて処理させる。
m-jh3-A-05-02b.txt,3-A-05-02,2次方程式－因数分解された形式の2次方程式の解き方,因数分解された形式の2次方程式の解き方,問題1,基礎レベル,245,±10,1.1,文字式の構造理解・式変形,正負の数・文字式の基本,,基礎：文字式の用語や1段階の式変形を確認する。標準：複数の項、符号、分配法則、同類項の整理を組み合わせて処理させる。
m-jh3-A-05-02b.txt,3-A-05-02,2次方程式－因数分解された形式の2次方程式の解き方,因数分解された形式の2次方程式の解き方,問題2,基礎レベル,245,±10,1.1,文字式の構造理解・式変形,正負の数・文字式の基本,,基礎：文字式の用語や1段階の式変形を確認する。標準：複数の項、符号、分配法則、同類項の整理を組み合わせて処理させる。
m-jh3-A-05-03b.txt,3-A-05-03,2次方程式－因数分解して解く2次方程式,因数分解して解く2次方程式,問題1,基礎レベル,245,±10,1.1,文字式の構造理解・式変形,正負の数・文字式の基本,,基礎：文字式の用語や1段階の式変形を確認する。標準：複数の項、符号、分配法則、同類項の整理を組み合わせて処理させる。
m-jh3-A-05-03b.txt,3-A-05-03,2次方程式－因数分解して解く2次方程式,因数分解して解く2次方程式,問題2,基礎レベル,245,±10,1.1,文字式の構造理解・式変形,正負の数・文字式の基本,,基礎：文字式の用語や1段階の式変形を確認する。標準：複数の項、符号、分配法則、同類項の整理を組み合わせて処理させる。
m-jh3-A-05-04b.txt,3-A-05-04,2次方程式－平方根を使った2次方程式の解き方,平方根を使った2次方程式の解き方,問題1,基礎レベル,245,±10,1.1,文字式の構造理解・式変形,正負の数・文字式の基本,,基礎：文字式の用語や1段階の式変形を確認する。標準：複数の項、符号、分配法則、同類項の整理を組み合わせて処理させる。
m-jh3-A-05-04s.txt,3-A-05-04,2次方程式－平方根を使った2次方程式の解き方,平方根を使った2次方程式の解き方,問題1,標準レベル,275,±10,1.3,文字式の構造理解・式変形,正負の数・文字式の基本,平方根を使った2次方程式の解き方について、基礎の確認だけでなく複数の判断や計算処理を組み合わせる必要があるため。,基礎：文字式の用語や1段階の式変形を確認する。標準：複数の項、符号、分配法則、同類項の整理を組み合わせて処理させる。
m-jh3-A-05-04s.txt,3-A-05-04,2次方程式－平方根を使った2次方程式の解き方,平方根を使った2次方程式の解き方,問題2,標準レベル,275,±10,1.3,文字式の構造理解・式変形,正負の数・文字式の基本,平方根を使った2次方程式の解き方について、基礎の確認だけでなく複数の判断や計算処理を組み合わせる必要があるため。,基礎：文字式の用語や1段階の式変形を確認する。標準：複数の項、符号、分配法則、同類項の整理を組み合わせて処理させる。
m-jh3-A-05-04s.txt,3-A-05-04,2次方程式－平方根を使った2次方程式の解き方,平方根を使った2次方程式の解き方,問題3,標準レベル,275,±10,1.3,文字式の構造理解・式変形,正負の数・文字式の基本,平方根を使った2次方程式の解き方について、基礎の確認だけでなく複数の判断や計算処理を組み合わせる必要があるため。,基礎：文字式の用語や1段階の式変形を確認する。標準：複数の項、符号、分配法則、同類項の整理を組み合わせて処理させる。
m-jh3-A-05-05b.txt,3-A-05-05,2次方程式－因数分解できない2次方程式の解き方：平方完成でx^2+2ax=bの形から解く,因数分解できない2次方程式の解き方：平方完成でx^2+2ax=bの形から解く,問題1,基礎レベル,245,±10,1.1,文字式の構造理解・式変形,正負の数・文字式の基本,,基礎：文字式の用語や1段階の式変形を確認する。標準：複数の項、符号、分配法則、同類項の整理を組み合わせて処理させる。
m-jh3-A-05-05b.txt,3-A-05-05,2次方程式－因数分解できない2次方程式の解き方：平方完成でx^2+2ax=bの形から解く,因数分解できない2次方程式の解き方：平方完成でx^2+2ax=bの形から解く,問題2,基礎レベル,245,±10,1.1,文字式の構造理解・式変形,正負の数・文字式の基本,,基礎：文字式の用語や1段階の式変形を確認する。標準：複数の項、符号、分配法則、同類項の整理を組み合わせて処理させる。
m-jh3-A-05-05s.txt,3-A-05-05,2次方程式－因数分解できない2次方程式の解き方：平方完成でx^2+2ax=bの形から解く,因数分解できない2次方程式の解き方：平方完成でx^2+2ax=bの形から解く,問題1,標準レベル,275,±10,1.3,文字式の構造理解・式変形,正負の数・文字式の基本,因数分解できない2次方程式の解き方：平方完成でx^2+2ax=bの形から解くについて、基礎の確認だけでなく複数の判断や計算処理を組み合わせる必要があるため。,基礎：文字式の用語や1段階の式変形を確認する。標準：複数の項、符号、分配法則、同類項の整理を組み合わせて処理させる。
m-jh3-A-05-05s.txt,3-A-05-05,2次方程式－因数分解できない2次方程式の解き方：平方完成でx^2+2ax=bの形から解く,因数分解できない2次方程式の解き方：平方完成でx^2+2ax=bの形から解く,問題2,標準レベル,275,±10,1.3,文字式の構造理解・式変形,正負の数・文字式の基本,因数分解できない2次方程式の解き方：平方完成でx^2+2ax=bの形から解くについて、基礎の確認だけでなく複数の判断や計算処理を組み合わせる必要があるため。,基礎：文字式の用語や1段階の式変形を確認する。標準：複数の項、符号、分配法則、同類項の整理を組み合わせて処理させる。
m-jh3-A-05-06b.txt,3-A-05-06,2次方程式－2次方程式の解の公式を利用した解き方,2次方程式の解の公式を利用した解き方,問題1,基礎レベル,245,±10,1.1,文字式の構造理解・式変形,正負の数・文字式の基本,,基礎：文字式の用語や1段階の式変形を確認する。標準：複数の項、符号、分配法則、同類項の整理を組み合わせて処理させる。
m-jh3-A-05-06b.txt,3-A-05-06,2次方程式－2次方程式の解の公式を利用した解き方,2次方程式の解の公式を利用した解き方,問題2,基礎レベル,245,±10,1.1,文字式の構造理解・式変形,正負の数・文字式の基本,,基礎：文字式の用語や1段階の式変形を確認する。標準：複数の項、符号、分配法則、同類項の整理を組み合わせて処理させる。
m-jh3-A-05-06s.txt,3-A-05-06,2次方程式－2次方程式の解の公式を利用した解き方,2次方程式の解の公式を利用した解き方,問題1,標準レベル,275,±10,1.3,文字式の構造理解・式変形,正負の数・文字式の基本,2次方程式の解の公式を利用した解き方について、基礎の確認だけでなく複数の判断や計算処理を組み合わせる必要があるため。,基礎：文字式の用語や1段階の式変形を確認する。標準：複数の項、符号、分配法則、同類項の整理を組み合わせて処理させる。
m-jh3-A-05-06s.txt,3-A-05-06,2次方程式－2次方程式の解の公式を利用した解き方,2次方程式の解の公式を利用した解き方,問題2,標準レベル,275,±10,1.3,文字式の構造理解・式変形,正負の数・文字式の基本,2次方程式の解の公式を利用した解き方について、基礎の確認だけでなく複数の判断や計算処理を組み合わせる必要があるため。,基礎：文字式の用語や1段階の式変形を確認する。標準：複数の項、符号、分配法則、同類項の整理を組み合わせて処理させる。
m-jh3-A-05-07b.txt,3-A-05-07,2次方程式－複雑な2次方程式の解き方,複雑な2次方程式の解き方,問題1,基礎レベル,245,±10,1.1,文字式の構造理解・式変形,正負の数・文字式の基本,,基礎：文字式の用語や1段階の式変形を確認する。標準：複数の項、符号、分配法則、同類項の整理を組み合わせて処理させる。
m-jh3-A-05-07b.txt,3-A-05-07,2次方程式－複雑な2次方程式の解き方,複雑な2次方程式の解き方,問題2,基礎レベル,245,±10,1.1,文字式の構造理解・式変形,正負の数・文字式の基本,,基礎：文字式の用語や1段階の式変形を確認する。標準：複数の項、符号、分配法則、同類項の整理を組み合わせて処理させる。
m-jh3-A-05-07s.txt,3-A-05-07,2次方程式－複雑な2次方程式の解き方,複雑な2次方程式の解き方,問題1,標準レベル,275,±10,1.3,文字式の構造理解・式変形,正負の数・文字式の基本,複雑な2次方程式の解き方について、基礎の確認だけでなく複数の判断や計算処理を組み合わせる必要があるため。,基礎：文字式の用語や1段階の式変形を確認する。標準：複数の項、符号、分配法則、同類項の整理を組み合わせて処理させる。
m-jh3-A-05-07s.txt,3-A-05-07,2次方程式－複雑な2次方程式の解き方,複雑な2次方程式の解き方,問題2,標準レベル,275,±10,1.3,文字式の構造理解・式変形,正負の数・文字式の基本,複雑な2次方程式の解き方について、基礎の確認だけでなく複数の判断や計算処理を組み合わせる必要があるため。,基礎：文字式の用語や1段階の式変形を確認する。標準：複数の項、符号、分配法則、同類項の整理を組み合わせて処理させる。
m-jh3-A-05-08b.txt,3-A-05-08,2次方程式－解が与えられた2次方程式,解が与えられた2次方程式,問題1,基礎レベル,245,±10,1.1,文字式の構造理解・式変形,正負の数・文字式の基本,,基礎：文字式の用語や1段階の式変形を確認する。標準：複数の項、符号、分配法則、同類項の整理を組み合わせて処理させる。
m-jh3-A-05-08b.txt,3-A-05-08,2次方程式－解が与えられた2次方程式,解が与えられた2次方程式,問題2,基礎レベル,245,±10,1.1,文字式の構造理解・式変形,正負の数・文字式の基本,,基礎：文字式の用語や1段階の式変形を確認する。標準：複数の項、符号、分配法則、同類項の整理を組み合わせて処理させる。
m-jh3-A-05-08s.txt,3-A-05-08,2次方程式－解が与えられた2次方程式,解が与えられた2次方程式,問題1,標準レベル,275,±10,1.3,文字式の構造理解・式変形,正負の数・文字式の基本,解が与えられた2次方程式について、基礎の確認だけでなく複数の判断や計算処理を組み合わせる必要があるため。,基礎：文字式の用語や1段階の式変形を確認する。標準：複数の項、符号、分配法則、同類項の整理を組み合わせて処理させる。
m-jh3-A-05-08s.txt,3-A-05-08,2次方程式－解が与えられた2次方程式,解が与えられた2次方程式,問題2,標準レベル,275,±10,1.3,文字式の構造理解・式変形,正負の数・文字式の基本,解が与えられた2次方程式について、基礎の確認だけでなく複数の判断や計算処理を組み合わせる必要があるため。,基礎：文字式の用語や1段階の式変形を確認する。標準：複数の項、符号、分配法則、同類項の整理を組み合わせて処理させる。
m-jh3-A-05-09b.txt,3-A-05-09,2次方程式－2次方程式の利用（数の問題）,2次方程式の利用（数の問題）,問題1,基礎レベル,245,±10,1.1,文字式の構造理解・式変形,正負の数・文字式の基本,,基礎：文字式の用語や1段階の式変形を確認する。標準：複数の項、符号、分配法則、同類項の整理を組み合わせて処理させる。
m-jh3-A-05-09b.txt,3-A-05-09,2次方程式－2次方程式の利用（数の問題）,2次方程式の利用（数の問題）,問題2,基礎レベル,245,±10,1.1,文字式の構造理解・式変形,正負の数・文字式の基本,,基礎：文字式の用語や1段階の式変形を確認する。標準：複数の項、符号、分配法則、同類項の整理を組み合わせて処理させる。
m-jh3-A-05-09s.txt,3-A-05-09,2次方程式－2次方程式の利用（数の問題）,2次方程式の利用（数の問題）,問題1,標準レベル,275,±10,1.3,文字式の構造理解・式変形,正負の数・文字式の基本,2次方程式の利用（数の問題）について、基礎の確認だけでなく複数の判断や計算処理を組み合わせる必要があるため。,基礎：文字式の用語や1段階の式変形を確認する。標準：複数の項、符号、分配法則、同類項の整理を組み合わせて処理させる。
m-jh3-A-05-09s.txt,3-A-05-09,2次方程式－2次方程式の利用（数の問題）,2次方程式の利用（数の問題）,問題2,標準レベル,275,±10,1.3,文字式の構造理解・式変形,正負の数・文字式の基本,2次方程式の利用（数の問題）について、基礎の確認だけでなく複数の判断や計算処理を組み合わせる必要があるため。,基礎：文字式の用語や1段階の式変形を確認する。標準：複数の項、符号、分配法則、同類項の整理を組み合わせて処理させる。
m-jh3-A-05-10b.txt,3-A-05-10,2次方程式－2次方程式の利用（図形の問題）,2次方程式の利用（図形の問題）,問題1,基礎レベル,245,±10,1.1,文字式の構造理解・式変形,正負の数・文字式の基本,,基礎：文字式の用語や1段階の式変形を確認する。標準：複数の項、符号、分配法則、同類項の整理を組み合わせて処理させる。
m-jh3-A-05-10b.txt,3-A-05-10,2次方程式－2次方程式の利用（図形の問題）,2次方程式の利用（図形の問題）,問題2,基礎レベル,245,±10,1.1,文字式の構造理解・式変形,正負の数・文字式の基本,,基礎：文字式の用語や1段階の式変形を確認する。標準：複数の項、符号、分配法則、同類項の整理を組み合わせて処理させる。
m-jh3-A-05-10b.txt,3-A-05-10,2次方程式－2次方程式の利用（図形の問題）,2次方程式の利用（図形の問題）,問題3,基礎レベル,245,±10,1.1,文字式の構造理解・式変形,正負の数・文字式の基本,,基礎：文字式の用語や1段階の式変形を確認する。標準：複数の項、符号、分配法則、同類項の整理を組み合わせて処理させる。
m-jh3-A-05-10s.txt,3-A-05-10,2次方程式－2次方程式の利用（図形の問題）,2次方程式の利用（図形の問題）,問題1,標準レベル,275,±10,1.3,文字式の構造理解・式変形,正負の数・文字式の基本,2次方程式の利用（図形の問題）について、基礎の確認だけでなく複数の判断や計算処理を組み合わせる必要があるため。,基礎：文字式の用語や1段階の式変形を確認する。標準：複数の項、符号、分配法則、同類項の整理を組み合わせて処理させる。
m-jh3-A-05-10s.txt,3-A-05-10,2次方程式－2次方程式の利用（図形の問題）,2次方程式の利用（図形の問題）,問題2,標準レベル,275,±10,1.3,文字式の構造理解・式変形,正負の数・文字式の基本,2次方程式の利用（図形の問題）について、基礎の確認だけでなく複数の判断や計算処理を組み合わせる必要があるため。,基礎：文字式の用語や1段階の式変形を確認する。標準：複数の項、符号、分配法則、同類項の整理を組み合わせて処理させる。
m-jh3-A-05-10s.txt,3-A-05-10,2次方程式－2次方程式の利用（図形の問題）,2次方程式の利用（図形の問題）,問題3,標準レベル,275,±10,1.3,文字式の構造理解・式変形,正負の数・文字式の基本,2次方程式の利用（図形の問題）について、基礎の確認だけでなく複数の判断や計算処理を組み合わせる必要があるため。,基礎：文字式の用語や1段階の式変形を確認する。標準：複数の項、符号、分配法則、同類項の整理を組み合わせて処理させる。
m-jh3-A-05-11b.txt,3-A-05-11,2次方程式－2次方程式の利用（動点の問題）,2次方程式の利用（動点の問題）,問題1,基礎レベル,245,±10,1.1,文字式の構造理解・式変形,正負の数・文字式の基本,,基礎：文字式の用語や1段階の式変形を確認する。標準：複数の項、符号、分配法則、同類項の整理を組み合わせて処理させる。
m-jh3-A-05-11b.txt,3-A-05-11,2次方程式－2次方程式の利用（動点の問題）,2次方程式の利用（動点の問題）,問題2,基礎レベル,245,±10,1.1,文字式の構造理解・式変形,正負の数・文字式の基本,,基礎：文字式の用語や1段階の式変形を確認する。標準：複数の項、符号、分配法則、同類項の整理を組み合わせて処理させる。
m-jh3-A-05-11s.txt,3-A-05-11,2次方程式－2次方程式の利用（動点の問題）,2次方程式の利用（動点の問題）,問題1,標準レベル,275,±10,1.3,文字式の構造理解・式変形,正負の数・文字式の基本,2次方程式の利用（動点の問題）について、基礎の確認だけでなく複数の判断や計算処理を組み合わせる必要があるため。,基礎：文字式の用語や1段階の式変形を確認する。標準：複数の項、符号、分配法則、同類項の整理を組み合わせて処理させる。
m-jh3-A-05-11s.txt,3-A-05-11,2次方程式－2次方程式の利用（動点の問題）,2次方程式の利用（動点の問題）,問題2,標準レベル,275,±10,1.3,文字式の構造理解・式変形,正負の数・文字式の基本,2次方程式の利用（動点の問題）について、基礎の確認だけでなく複数の判断や計算処理を組み合わせる必要があるため。,基礎：文字式の用語や1段階の式変形を確認する。標準：複数の項、符号、分配法則、同類項の整理を組み合わせて処理させる。
